fixture,source_mode,base_samples,resolution,subdivision_factor,projection,projection_class,projection_direction,expected_crossing_count,expected_determinant,polygon_length,vertex_distortion_estimate,minimum_nonlocal_vertex_clearance,crossing_count,gauss_component_count,alternating_projection,canonical_gauss_signature,pd_code,fox_determinant,first_tait_tree_count,second_tait_tree_count,unsigned_tait_shortcut_applicable,unsigned_tait_shortcut_agrees,tait_construction_status,tait_error,simplification_status,simplification_changed,simplified_crossing_count,simplified_component_count,simplified_fox_determinant,simplification_error,topological_fixture_pass,minimum_crossing_angle_degrees,minimum_crossing_depth_separation,minimum_crossing_vertex_parameter_margin,normalized_minimum_depth_separation,crossing_count_matches_expected,determinant_matches_expected,backend_messages,extraction_status,error_message,runtime_seconds,direction_index,direction_x,direction_y,direction_z,longitude_radians,latitude_radians,raw_minimal_diagram_pass,extra_raw_crossings
3_1_torus_T_2_3,deterministic_angular_sweep,24,96,,fibonacci_000,generic_tilt,"[0.04520830426184802, 0.11627628334926333, 0.9921875]",3,3,31.848201000228453,7.962050250057112,1.5660467858401352,3,1,True,1:+1:-1|2:-1:-1|3:+1:-1|1:-1:-1|2:+1:-1|3:-1:-1,"[[2, 5, 3, 6], [4, 1, 5, 2], [6, 3, 1, 4]]",3,3,3,True,True,passed,,passed,False,3,1,3,,True,63.10894187612494,1.991616973850097,0.04202269249543633,0.24270152320823635,True,True,,passed,,0.0044098999933339655,0,0.04520830426184802,0.11627628334926333,0.9921875,1.1999816148643265,1.4457148032019138,True,0
3_1_torus_T_2_3,deterministic_angular_sweep,24,96,,fibonacci_001,generic_tilt,"[-0.19301817240042246, -0.09523480832631934, 0.9765625]",3,3,31.848201000228453,7.962050250057112,1.5660467858401352,3,1,True,1:+1:-1|2:-1:-1|3:+1:-1|1:-1:-1|2:+1:-1|3:-1:-1,"[[2, 5, 3, 6], [4, 1, 5, 2], [6, 3, 1, 4]]",3,3,3,True,True,passed,,passed,False,3,1,3,,True,63.6678006150924,1.9946769562586533,0.163235889739326,0.2428316957090659,True,True,,passed,,0.0038721000018995255,1,-0.19301817240042246,-0.09523480832631934,0.9765625,-2.683240462586607,1.3538648662553876,True,0
3_1_torus_T_2_3,deterministic_angular_sweep,24,96,,fibonacci_002,generic_tilt,"[0.26573486325149126, -0.07735698770286513, 0.9609375]",3,3,31.848201000228453,7.962050250057112,1.5660467858401352,3,1,True,1:+1:-1|2:-1:-1|3:+1:-1|1:-1:-1|2:+1:-1|3:-1:-1,"[[2, 5, 3, 6], [4, 1, 5, 2], [6, 3, 1, 4]]",3,3,3,True,True,passed,,passed,False,3,1,3,,True,52.808733338118145,1.9983245961020764,0.010897278397884236,0.24164929442049057,True,True,,passed,,0.0034539999905973673,2,0.26573486325149126,-0.07735698770286513,0.9609375,-0.28327723285795364,1.2903698801933186,True,0
3_1_torus_T_2_3,deterministic_angular_sweep,24,96,,fibonacci_003,generic_tilt,"[-0.1693384430614624, 0.2787629262388918, 0.9453125]",3,3,31.848201000228453,7.962050250057112,1.5660467858401352,3,1,True,1:+1:-1|2:-1:-1|3:+1:-1|1:-1:-1|2:+1:-1|3:-1:-1,"[[2, 5, 3, 6], [4, 1, 5, 2], [6, 3, 1, 4]]",3,3,3,True,True,passed,,passed,False,3,1,3,,True,64.51751278834321,1.994242040540037,0.006088049826757924,0.23590463404765388,True,True,,passed,,0.003947600009269081,3,-0.1693384430614624,0.2787629262388918,0.9453125,2.1166859968706997,1.2385513773728343,True,0
3_1_torus_T_2_3,deterministic_angular_sweep,24,96,,fibonacci_004,generic_tilt,"[-0.07164105709419773, -0.36131525193683134, 0.9296875]",3,3,31.848201000228453,7.962050250057112,1.5660467858401352,3,1,True,1:+1:-1|2:-1:-1|3:+1:-1|1:-1:-1|2:+1:-1|3:-1:-1,"[[2, 5, 3, 6], [4, 1, 5, 2], [6, 3, 1, 4]]",3,3,3,True,True,passed,,passed,False,3,1,3,,True,65.07546404281345,1.9980099068262807,0.011383584713826167,0.24621589235416474,True,True,,passed,,0.0034260000102221966,4,-0.07164105709419773,-0.36131525193683134,0.9296875,-1.7665360805802348,1.1935635544440883,True,0
3_1_torus_T_2_3,deterministic_angular_sweep,24,96,,fibonacci_005,generic_tilt,"[0.3268936164612606, 0.24006313671746496, 0.9140625]",3,3,31.848201000228453,7.962050250057112,1.5660467858401352,3,1,True,1:+1:-1|2:-1:-1|3:+1:-1|1:-1:-1|2:+1:-1|3:-1:-1,"[[2, 5, 3, 6], [4, 1, 5, 2], [6, 3, 1, 4]]",3,3,3,True,True,passed,,passed,False,3,1,3,,True,65.06975078277553,1.994530267574885,0.07605794450390846,0.23191640073815262,True,True,,passed,,0.0027744999970309436,5,0.3268936164612606,0.24006313671746496,0.9140625,0.6334271491484186,1.1531903234869172,True,0
3_1_torus_T_2_3,deterministic_angular_sweep,24,96,,fibonacci_006,generic_tilt,"[-0.43653348768112554, 0.047419117734334, 0.8984375]",3,3,31.848201000228453,7.962050250057112,1.5660467858401352,3,1,True,1:+1:-1|2:-1:-1|3:+1:-1|1:-1:-1|2:+1:-1|3:-1:-1,"[[2, 5, 3, 6], [4, 1, 5, 2], [6, 3, 1, 4]]",3,3,3,True,True,passed,,passed,False,3,1,3,,True,54.36354486202463,1.9971924196612896,0.06261642155999425,0.2346783189556174,True,True,,passed,,0.0026409999991301447,6,-0.43653348768112554,0.047419117734334,0.8984375,3.033390378877072,1.1161980547786983,True,0
3_1_torus_T_2_3,deterministic_angular_sweep,24,96,,fibonacci_007,generic_tilt,"[0.31007033289177977, -0.3528434192444729, 0.8828125]",3,3,31.848201000228453,7.962050250057112,1.5660467858401352,3,1,True,1:+1:-1|2:-1:-1|3:+1:-1|1:-1:-1|2:+1:-1|3:-1:-1,"[[2, 5, 3, 6], [4, 1, 5, 2], [6, 3, 1, 4]]",3,3,3,True,True,passed,,passed,False,3,1,3,,True,43.175338214324476,2.0047086090133925,0.16953098711416992,0.2463366836547921,True,True,,passed,,0.002759499999228865,7,0.31007033289177977,-0.3528434192444729,0.8828125,-0.8498316985738625,1.0818164589075494,True,0
3_1_torus_T_2_3,deterministic_angular_sweep,24,96,,fibonacci_008,generic_tilt,"[0.010289959042320171, 0.49787544284354635, 0.8671875]",3,3,31.848201000228453,7.962050250057112,1.5660467858401352,3,1,True,1:+1:-1|2:-1:-1|3:+1:-1|1:-1:-1|2:+1:-1|3:-1:-1,"[[2, 5, 3, 6], [4, 1, 5, 2], [6, 3, 1, 4]]",3,3,3,True,True,passed,,passed,False,3,1,3,,True,43.386078183819656,2.0126929017829704,0.14888243187468575,0.24020385834743416,True,True,,passed,,0.00520709999545943,8,0.010289959042320171,0.49787544284354635,0.8671875,1.5501315311547927,1.0495264428241564,True,0
3_1_torus_T_2_3,deterministic_angular_sweep,24,96,,fibonacci_009,generic_tilt,"[-0.3620400469186131, -0.3791679219302689, 0.8515625]",3,3,31.848201000228453,7.962050250057112,1.5660467858401352,3,1,True,1:+1:-1|2:-1:-1|3:+1:-1|1:-1:-1|2:+1:-1|3:-1:-1,"[[2, 5, 3, 6], [4, 1, 5, 2], [6, 3, 1, 4]]",3,3,3,True,True,passed,,passed,False,3,1,3,,True,32.763155947911116,2.009233431200381,0.06142118858417689,0.24729793404659992,True,True,,passed,,0.0035057000059168786,9,-0.3620400469186131,-0.3791679219302689,0.8515625,-2.333090546296142,1.01895854909946,True,0
3_1_torus_T_2_3,deterministic_angular_sweep,24,96,,fibonacci_010,generic_tilt,"[0.5475979471417062, 0.03667402868433168, 0.8359375]",3,3,31.848201000228453,7.962050250057112,1.5660467858401352,3,1,True,1:+1:-1|2:-1:-1|3:+1:-1|1:-1:-1|2:+1:-1|3:-1:-1,"[[2, 5, 3, 6], [4, 1, 5, 2], [6, 3, 1, 4]]",3,3,3,True,True,passed,,passed,False,3,1,3,,True,57.205426722630094,1.9995717140822749,0.1683934171978727,0.23376353216054352,True,True,,passed,,0.004213200008962303,10,0.5475979471417062,0.03667402868433168,0.8359375,0.06687268343250966,0.9898387655024116,True,0
3_1_torus_T_2_3,deterministic_angular_sweep,24,96,,fibonacci_011,generic_tilt,"[-0.44658537440975293, 0.35727987027966013, 0.8203125]",3,3,31.848201000228453,7.962050250057112,1.5660467858401352,3,1,True,1:+1:-1|2:-1:-1|3:+1:-1|1:-1:-1|2:+1:-1|3:-1:-1,"[[2, 5, 3, 6], [4, 1, 5, 2], [6, 3, 1, 4]]",3,3,3,True,True,passed,,passed,False,3,1,3,,True,67.54469240410924,1.9785603657874387,0.018756274260653072,0.22620735017312768,True,True,,passed,,0.0037663000111933798,11,-0.44658537440975293,0.35727987027966013,0.8203125,2.466835913161165,0.9619572141787629,True,0
3_1_torus_T_2_3,deterministic_angular_sweep,24,96,,fibonacci_012,generic_tilt,"[0.09130924535013347, -0.5866350220173862, 0.8046875]",3,3,31.848201000228453,7.962050250057112,1.5660467858401352,3,1,True,1:+1:-1|2:-1:-1|3:+1:-1|1:-1:-1|2:+1:-1|3:-1:-1,"[[2, 5, 3, 6], [4, 1, 5, 2], [6, 3, 1, 4]]",3,3,3,True,True,passed,,passed,False,3,1,3,,True,67.56848445724934,1.970538505322061,0.09764174530312175,0.2416269771392971,True,True,,passed,,0.002854899998055771,12,0.09130924535013347,-0.5866350220173862,0.8046875,-1.4163861642897697,0.9351489189391351,True,0
3_1_torus_T_2_3,deterministic_angular_sweep,24,96,,fibonacci_013,generic_tilt,"[0.34035899916601264, 0.5114060253658147, 0.7890625]",3,3,31.848201000228453,7.962050250057112,1.5660467858401352,3,1,True,1:+1:-1|2:-1:-1|3:+1:-1|1:-1:-1|2:+1:-1|3:-1:-1,"[[2, 5, 3, 6], [4, 1, 5, 2], [6, 3, 1, 4]]",3,3,3,True,True,passed,,passed,False,3,1,3,,True,48.43373086028363,1.9794453161485919,0.03163640721015781,0.2280007166695878,True,True,,passed,,0.0028132000006735325,13,0.34035899916601264,0.5114060253658147,0.7890625,0.9835770654388855,0.9092814029496191,True,0
3_1_torus_T_2_3,deterministic_angular_sweep,24,96,,fibonacci_014,generic_tilt,"[-0.6154098724502013, -0.1518720595915421, 0.7734375]",3,3,31.848201000228453,7.962050250057112,1.5660467858401352,3,1,True,1:+1:-1|2:-1:-1|3:+1:-1|1:-1:-1|2:+1:-1|3:-1:-1,"[[2, 5, 3, 6], [4, 1, 5, 2], [6, 3, 1, 4]]",3,3,3,True,True,passed,,passed,False,3,1,3,,True,36.901077831070744,1.9999630554786565,0.05338112123009964,0.24037274500927344,True,True,,passed,,0.003263199992943555,14,-0.6154098724502013,-0.1518720595915421,0.7734375,-2.8996450120120527,0.884246367739939,True,0
3_1_torus_T_2_3,deterministic_angular_sweep,24,96,,fibonacci_015,generic_tilt,"[0.57269790160831, -0.31262969842481114, 0.7578125]",3,3,31.848201000228453,7.962050250057112,1.5660467858401352,3,1,True,1:+1:-1|2:-1:-1|3:+1:-1|1:-1:-1|2:+1:-1|3:-1:-1,"[[2, 5, 3, 6], [4, 1, 5, 2], [6, 3, 1, 4]]",3,3,3,True,True,passed,,passed,False,3,1,3,,True,20.206321964535903,2.0117548360000126,0.09847624843158798,0.2485713366389983,True,True,,passed,,0.0028718999965349212,15,0.57269790160831,-0.31262969842481114,0.7578125,-0.4996817822833976,0.8599539234144497,True,0
3_1_torus_T_2_3,deterministic_angular_sweep,24,96,,fibonacci_016,generic_tilt,"[-0.21684466362347019, 0.6341420240780247, 0.7421875]",3,3,31.848201000228453,7.962050250057112,1.5660467858401352,3,1,True,1:+1:-1|2:-1:-1|3:+1:-1|1:-1:-1|2:+1:-1|3:-1:-1,"[[2, 5, 3, 6], [4, 1, 5, 2], [6, 3, 1, 4]]",3,3,3,True,True,passed,,passed,False,3,1,3,,True,37.508909101613625,1.9788220373168226,0.07107512778961222,0.23254049973796373,True,True,,passed,,0.0029051000019535422,16,-0.21684466362347019,0.6341420240780247,0.7421875,1.9002814474452576,0.8363284748503788,True,0
3_1_torus_T_2_3,deterministic_angular_sweep,24,96,,fibonacci_017,generic_tilt,"[-0.2752352318227771, -0.6295653268384562, 0.7265625]",3,3,31.848201000228453,7.962050250057112,1.5660467858401352,3,1,True,1:+1:-1|2:-1:-1|3:+1:-1|1:-1:-1|2:+1:-1|3:-1:-1,"[[2, 5, 3, 6], [4, 1, 5, 2], [6, 3, 1, 4]]",3,3,3,True,True,passed,,passed,False,3,1,3,,True,60.55170463225941,1.927952420299457,0.15090720691756232,0.22990909896256295,True,True,,passed,,0.0028517000027932227,17,-0.2752352318227771,-0.6295653268384562,0.7265625,-1.9829406300056736,0.8133057177367133,True,0
3_1_torus_T_2_3,deterministic_angular_sweep,24,96,,fibonacci_018,generic_tilt,"[0.6429854927306633, 0.28484649766436687, 0.7109375]",3,3,31.848201000228453,7.962050250057112,1.5660467858401352,4,1,False,1:+1:-1|1:-1:-1|2:-1:-1|3:+1:-1|4:-1:-1|2:+1:-1|3:-1:-1|4:+1:-1,"[[3, 2, 4, 3], [4, 7, 5, 8], [6, 1, 7, 2], [8, 5, 1, 6]]",3,,,False,,not_applicable,,passed,True,3,1,3,,True,68.80451216121959,1.5994068089983597,0.10564204635647911,0.1821870284680044,False,True,,passed,,0.004434800008311868,18,0.6429854927306633,0.28484649766436687,0.7109375,0.4170225997229746,0.790830399170303,False,1
3_1_torus_T_2_3,deterministic_angular_sweep,24,96,,fibonacci_019,generic_tilt,"[-0.681173899031332, 0.22922182841562616, 0.6953125]",3,3,31.848201000228453,7.962050250057112,1.5660467858401352,4,1,False,1:+1:-1|1:-1:-1|2:-1:-1|3:+1:-1|4:-1:-1|2:+1:-1|3:-1:-1|4:+1:-1,"[[2, 5, 3, 6], [4, 1, 5, 2], [7, 6, 8, 7], [8, 3, 1, 4]]",3,,,False,,not_applicable,,passed,True,3,1,3,,True,33.95286472413568,0.8074475879776161,0.005331347866968983,0.09219769885708293,False,True,,passed,,0.0029482999962056056,19,-0.681173899031332,0.22922182841562616,0.6953125,2.81698582945163,0.7688546176956561,False,1
3_1_torus_T_2_3,deterministic_angular_sweep,24,96,,fibonacci_020,generic_tilt,"[0.3545911939487095, -0.6420981136226602, 0.6796875]",3,3,31.848201000228453,7.962050250057112,1.5660467858401352,3,1,True,1:+1:-1|2:-1:-1|3:+1:-1|1:-1:-1|2:+1:-1|3:-1:-1,"[[2, 5, 3, 6], [4, 1, 5, 2], [6, 3, 1, 4]]",3,3,3,True,True,passed,,passed,False,3,1,3,,True,53.3729994452347,1.9103631353540684,0.17542867515479088,0.22584687973799025,True,True,,passed,,0.004700000004959293,20,0.3545911939487095,-0.6420981136226602,0.6796875,-1.0662362479993013,0.7473365120313951,True,0
3_1_torus_T_2_3,deterministic_angular_sweep,24,96,,fibonacci_021,generic_tilt,"[0.1755956625803579, 0.7267648583804222, 0.6640625]",3,3,31.848201000228453,7.962050250057112,1.5660467858401352,3,1,True,1:+1:-1|2:-1:-1|3:+1:-1|1:-1:-1|2:+1:-1|3:-1:-1,"[[2, 5, 3, 6], [4, 1, 5, 2], [6, 3, 1, 4]]",3,3,3,True,True,passed,,passed,False,3,1,3,,True,29.80998518450188,1.9677311232010892,0.014467599889769645,0.23415237685313228,True,True,,passed,,0.003080100010265596,21,0.1755956625803579,0.7267648583804222,0.6640625,1.333726981729347,0.726239235110326,True,0
3_1_torus_T_2_3,deterministic_angular_sweep,24,96,,fibonacci_022,generic_tilt,"[-0.6316786718677623, -0.4248657012529135, 0.6484375]",3,3,31.848201000228453,7.962050250057112,1.5660467858401352,3,1,True,1:+1:-1|2:-1:-1|3:+1:-1|1:-1:-1|2:+1:-1|3:-1:-1,"[[2, 5, 3, 6], [4, 1, 5, 2], [6, 3, 1, 4]]",3,3,3,True,True,passed,,passed,False,3,1,3,,True,26.130970941168716,1.9850181362933896,0.16116029054191472,0.24874064731354753,True,True,,passed,,0.002797399996779859,22,-0.6316786718677623,-0.4248657012529135,0.6484375,-2.5494950957215843,0.7055301410504765,True,0
3_1_torus_T_2_3,deterministic_angular_sweep,24,96,,fibonacci_023,generic_tilt,"[0.7656645419256503, -0.1153522825154929, 0.6328125]",3,3,31.848201000228453,7.962050250057112,1.5660467858401352,3,1,True,1:+1:-1|2:-1:-1|3:+1:-1|1:-1:-1|2:+1:-1|3:-1:-1,"[[2, 5, 3, 6], [4, 1, 5, 2], [6, 3, 1, 4]]",3,3,3,True,True,passed,,passed,False,3,1,3,,True,55.10436624245023,1.9235234888540016,0.18470541650395944,0.2291161186432721,True,True,,passed,,0.003113399987341836,23,0.7656645419256503,-0.1153522825154929,0.6328125,-0.14953186599292898,0.6851801334166482,True,0
3_1_torus_T_2_3,deterministic_angular_sweep,24,96,,fibonacci_024,generic_tilt,"[-0.4945211609046466, 0.6119872639698237, 0.6171875]",3,3,31.848201000228453,7.962050250057112,1.5660467858401352,3,1,True,1:+1:-1|2:-1:-1|3:+1:-1|1:-1:-1|2:+1:-1|3:-1:-1,"[[2, 5, 3, 6], [4, 1, 5, 2], [6, 3, 1, 4]]",3,3,3,True,True,passed,,passed,False,3,1,3,,True,64.19589900604124,1.8450031427184446,0.050918494932062686,0.21227973323945656,True,True,,passed,,0.002984100006869994,24,-0.4945211609046466,0.6119872639698237,0.6171875,2.250431363735719,0.6651631373050455,True,0
3_1_torus_T_2_3,deterministic_angular_sweep,24,96,,fibonacci_025,generic_tilt,"[-0.0494909961299971, -0.7972911638139548, 0.6015625]",3,3,31.848201000228453,7.962050250057112,1.5660467858401352,4,1,False,1:+1:-1|1:-1:-1|2:-1:-1|3:+1:-1|4:-1:-1|2:+1:-1|3:-1:-1|4:+1:-1,"[[2, 7, 3, 8], [5, 4, 6, 5], [6, 1, 7, 2], [8, 3, 1, 4]]",3,,,False,,not_applicable,,passed,True,3,1,3,,True,40.20801110691605,1.791865198908969,0.10417138415027694,0.21464455446783193,False,True,,passed,,0.005014399997889996,25,-0.0494909961299971,-0.7972911638139548,0.6015625,-1.632790713715212,0.6454556676499499,False,1
3_1_torus_T_2_3,deterministic_angular_sweep,24,96,,fibonacci_026,generic_tilt,"[0.5833561011650399, 0.562470359509969, 0.5859375]",3,3,31.848201000228453,7.962050250057112,1.5660467858401352,3,1,True,1:+1:-1|2:-1:-1|3:+1:-1|1:-1:-1|2:+1:-1|3:-1:-1,"[[2, 5, 3, 6], [4, 1, 5, 2], [6, 3, 1, 4]]",3,3,3,True,True,passed,,passed,False,3,1,3,,True,73.37545029533749,1.8036166752508223,0.09413587372898746,0.2068019889533425,True,True,,passed,,0.005877200004761107,26,0.5833561011650399,0.562470359509969,0.5859375,0.7671725160134433,0.6260364731366106,True,0
3_1_torus_T_2_3,deterministic_angular_sweep,24,96,,fibonacci_027,generic_tilt,"[-0.8211598576906528, -0.0209795248091276, 0.5703125]",3,3,31.848201000228453,7.962050250057112,1.5660467858401352,3,1,True,1:+1:-1|2:-1:-1|3:+1:-1|1:-1:-1|2:+1:-1|3:-1:-1,"[[2, 5, 3, 6], [4, 1, 5, 2], [6, 3, 1, 4]]",3,3,3,True,True,passed,,passed,False,3,1,3,,True,65.54004586732444,1.8675398738247546,0.00023421422491765043,0.21964684923921532,True,True,,passed,,0.004103800005395897,27,-0.8211598576906528,-0.0209795248091276,0.5703125,-3.116049561437488,0.6068862401263823,True,0
3_1_torus_T_2_3,deterministic_angular_sweep,24,96,,fibonacci_028,generic_tilt,"[0.627688966897851, -0.5461944142688192, 0.5546875]",3,3,31.848201000228453,7.962050250057112,1.5660467858401352,3,1,True,1:+1:-1|2:-1:-1|3:+1:-1|1:-1:-1|2:+1:-1|3:-1:-1,"[[2, 5, 3, 6], [4, 1, 5, 2], [6, 3, 1, 4]]",3,3,3,True,True,passed,,passed,False,3,1,3,,True,37.42621267396196,1.9559304765406738,0.011474478024474877,0.23881712755929785,True,True,,passed,,0.004527700002654456,28,0.627688966897851,-0.5461944142688192,0.5546875,-0.7160863317088326,0.5879873446614887,True,0
3_1_torus_T_2_3,deterministic_angular_sweep,24,96,,fibonacci_029,generic_tilt,"[-0.09504103968348107, 0.8368863852815583, 0.5390625]",3,3,31.848201000228453,7.962050250057112,1.5660467858401352,3,1,True,1:+1:-1|2:-1:-1|3:+1:-1|1:-1:-1|2:+1:-1|3:-1:-1,"[[2, 5, 3, 6], [4, 1, 5, 2], [6, 3, 1, 4]]",3,3,3,True,True,passed,,passed,False,3,1,3,,True,38.29125438314254,1.9660131553778686,0.34051187128061144,0.24097855014436842,True,True,,passed,,0.003767300004255958,29,-0.09504103968348107,0.8368863852815583,0.5390625,1.6838768980198084,0.5693236433207793,True,0
3_1_torus_T_2_3,deterministic_angular_sweep,24,96,,fibonacci_030,generic_tilt,"[-0.5009894513222465, -0.6892189443548286, 0.5234375]",3,3,31.848201000228453,7.962050250057112,1.5660467858401352,3,1,True,1:+1:-1|2:-1:-1|3:+1:-1|1:-1:-1|2:+1:-1|3:-1:-1,"[[2, 5, 3, 6], [4, 1, 5, 2], [6, 3, 1, 4]]",3,3,3,True,True,passed,,passed,False,3,1,3,,True,59.70980175077838,1.8820949179339121,0.07252460978250497,0.22090944548108976,True,True,,passed,,0.0035540999961085618,30,-0.5009894513222465,-0.6892189443548286,0.5234375,-2.199345179431123,0.5508802957186253,True,0
3_1_torus_T_2_3,deterministic_angular_sweep,24,96,,fibonacci_031,generic_tilt,"[0.8441896860109181, 0.17166898053095483, 0.5078125]",3,3,31.848201000228453,7.962050250057112,1.5660467858401352,3,1,True,1:+1:-1|2:-1:-1|3:+1:-1|1:-1:-1|2:+1:-1|3:-1:-1,"[[2, 5, 3, 6], [4, 1, 5, 2], [6, 3, 1, 4]]",3,3,3,True,True,passed,,passed,False,3,1,3,,True,73.5925134436406,1.7814511645366693,0.03363195785829731,0.2059605106119087,True,True,,passed,,0.0037902000040048733,31,0.8441896860109181,0.17166898053095483,0.5078125,0.20061805029753252,0.5326436129659039,True,0
3_1_torus_T_2_3,deterministic_angular_sweep,24,96,,fibonacci_032,generic_tilt,"[-0.7461731306626334, 0.4483047221710637, 0.4921875]",3,3,31.848201000228453,7.962050250057112,1.5660467858401352,6,1,False,1:+1:+1|2:+1:-1|2:-1:-1|3:+1:-1|3:-1:-1|1:-1:+1|4:-1:-1|5:+1:-1|6:-1:-1|4:+1:-1|5:-1:-1|6:+1:-1,"[[2, 5, 3, 6], [4, 1, 5, 2], [8, 7, 9, 8], [10, 9, 11, 10], [11, 7, 12, 6], [12, 3, 1, 4]]",3,,,False,,not_applicable,,passed,True,3,1,3,,True,34.14158631793766,1.7215487804931051,0.02257114226269863,0.19791107564807583,False,True,,passed,,0.0043529000104172155,32,-0.7461731306626334,0.4483047221710637,0.4921875,2.6005812800261876,0.5146009275773826,False,3
3_1_torus_T_2_3,deterministic_angular_sweep,24,96,,fibonacci_033,generic_tilt,"[0.24983794281657093, -0.8428933419614452, 0.4765625]",3,3,31.848201000228453,7.962050250057112,1.5660467858401352,3,1,True,1:+1:-1|2:-1:-1|3:+1:-1|1:-1:-1|2:+1:-1|3:-1:-1,"[[2, 5, 3, 6], [4, 1, 5, 2], [6, 3, 1, 4]]",3,3,3,True,True,passed,,passed,False,3,1,3,,True,80.83785832340963,1.75728794897327,0.060007062450068815,0.20187416967875105,True,True,,passed,,0.006383800006005913,33,0.24983794281657093,-0.8428933419614452,0.4765625,-1.2826407974247434,0.4967404812077047,True,0
3_1_torus_T_2_3,deterministic_angular_sweep,24,96,,fibonacci_034,generic_tilt,"[0.388776201366415, 0.7977403627401906, 0.4609375]",3,3,31.848201000228453,7.962050250057112,1.5660467858401352,3,1,True,1:+1:-1|2:-1:-1|3:+1:-1|1:-1:-1|2:+1:-1|3:-1:-1,"[[2, 5, 3, 6], [4, 1, 5, 2], [6, 3, 1, 4]]",3,3,3,True,True,passed,,passed,False,3,1,3,,True,69.71540543261527,1.8635747354564927,0.038793880134029735,0.22238751318557662,True,True,,passed,,0.005721499997889623,34,0.388776201366415,0.7977403627401906,0.4609375,1.117322432303912,0.47905132729611205,True,0
3_1_torus_T_2_3,deterministic_angular_sweep,24,96,,fibonacci_035,generic_tilt,"[-0.8329259898180882, -0.3285286484148803, 0.4453125]",3,3,31.848201000228453,7.962050250057112,1.5660467858401352,5,1,False,1:+1:+1|1:-1:+1|2:-1:-1|3:-1:-1|4:+1:-1|2:+1:-1|5:-1:-1|4:-1:-1|3:+1:-1|5:+1:-1,"[[1, 8, 2, 9], [4, 9, 5, 10], [5, 2, 6, 3], [6, 8, 7, 7], [10, 3, 1, 4]]",3,,,False,,not_applicable,,passed,True,4,1,3,,False,1.5606126352339404,0.5367538741751228,0.02529893339911382,0.06693850494804822,False,True,,passed,,0.005585399994743057,35,-0.8329259898180882,-0.3285286484148803,0.4453125,-2.7658996451470337,0.46152324624700164,False,2
3_1_torus_T_2_3,deterministic_angular_sweep,24,96,,fibonacci_036,generic_tilt,"[0.8431906943069426, -0.3231069565607124, 0.4296875]",3,3,31.848201000228453,7.962050250057112,1.5660467858401352,4,1,False,1:+1:-1|2:+1:-1|3:-1:-1|1:-1:-1|4:+1:-1|3:+1:-1|2:-1:-1|4:-1:-1,"[[2, 5, 3, 6], [3, 8, 4, 1], [6, 1, 7, 2], [7, 4, 8, 5]]",3,,,False,,not_applicable,,passed,False,4,1,3,,False,45.832437131331154,1.9795167199531518,0.013501668262080102,0.24660445666149614,False,True,,passed,,0.0033537999988766387,36,0.8431906943069426,-0.3231069565607124,0.4296875,-0.3659364154183783,0.4441466712053621,False,1
3_1_torus_T_2_3,deterministic_angular_sweep,24,96,,fibonacci_037,generic_tilt,"[-0.40673584817661423, 0.8143206959802755, 0.4140625]",3,3,31.848201000228453,7.962050250057112,1.5660467858401352,4,1,False,1:+1:-1|2:+1:-1|3:-1:-1|1:-1:-1|4:+1:-1|3:+1:-1|2:-1:-1|4:-1:-1,"[[3, 6, 4, 7], [4, 1, 5, 2], [7, 2, 8, 3], [8, 5, 1, 6]]",3,,,False,,not_applicable,,passed,False,4,1,3,,False,23.78837060648498,1.8662929582802943,0.1047001621139998,0.22491596052314686,False,True,,passed,,0.004339699997217394,37,-0.40673584817661423,0.8143206959802755,0.4140625,2.034026814310277,0.4269126228297277,False,1
3_1_torus_T_2_3,deterministic_angular_sweep,24,96,,fibonacci_038,generic_tilt,"[-0.25206053025810227, -0.8818804044085311, 0.3984375]",3,3,31.848201000228453,7.962050250057112,1.5660467858401352,5,1,False,1:+1:+1|2:+1:-1|2:-1:-1|1:-1:+1|3:-1:-1|4:+1:-1|5:-1:-1|3:+1:-1|4:-1:-1|5:+1:-1,"[[2, 9, 3, 10], [6, 5, 7, 6], [7, 5, 8, 4], [8, 1, 9, 2], [10, 3, 1, 4]]",3,,,False,,not_applicable,,passed,True,3,1,3,,True,35.97660347628038,1.7356717058500304,0.005729701490949424,0.19803863083524909,False,True,,passed,,0.004042300002765842,38,-0.25206053025810227,-0.8818804044085311,0.3984375,-1.8491952631406543,0.4098126517404412,False,2
3_1_torus_T_2_3,deterministic_angular_sweep,24,96,,fibonacci_039,generic_tilt,"[0.7872133087567544, 0.4834767795458152, 0.3828125]",3,3,31.848201000228453,7.962050250057112,1.5660467858401352,6,1,False,1:+1:+1|2:+1:-1|2:-1:-1|3:+1:-1|3:-1:-1|1:-1:+1|4:-1:-1|5:+1:-1|6:-1:-1|4:+1:-1|5:-1:-1|6:+1:-1,"[[4, 3, 5, 4], [6, 5, 7, 6], [7, 3, 8, 2], [8, 11, 9, 12], [10, 1, 11, 2], [12, 9, 1, 10]]",3,,,False,,not_applicable,,passed,True,3,1,3,,True,13.892956610318434,0.6260847757221981,0.024634788687663445,0.07287093364102143,False,True,,passed,,0.003990800003521144,39,0.7872133087567544,0.4834767795458152,0.3828125,0.550767966588001,0.3928387875427684,False,3
3_1_torus_T_2_3,deterministic_angular_sweep,24,96,,fibonacci_040,generic_tilt,"[-0.9132565714519087, 0.17645332114657059, 0.3671875]",3,3,31.848201000228453,7.962050250057112,1.5660467858401352,4,1,False,1:+1:-1|2:+1:-1|3:-1:-1|1:-1:-1|4:+1:-1|3:+1:-1|2:-1:-1|4:-1:-1,"[[1, 6, 2, 7], [4, 7, 5, 8], [5, 2, 6, 3], [8, 3, 1, 4]]",3,,,False,,not_applicable,,passed,False,4,1,3,,False,14.564550844600637,1.7520089854224585,0.01711391719919142,0.2052267357318733,False,True,,passed,,0.003595900008804165,40,-0.9132565714519087,0.17645332114657059,0.3671875,2.9507311963166565,0.3759834935041962,False,1
3_1_torus_T_2_3,deterministic_angular_sweep,24,96,,fibonacci_041,generic_tilt,"[0.5577998880145961, -0.751839805759614, 0.3515625]",3,3,31.848201000228453,7.962050250057112,1.5660467858401352,4,1,False,1:+1:-1|2:+1:-1|3:-1:-1|1:-1:-1|4:+1:-1|3:+1:-1|2:-1:-1|4:-1:-1,"[[2, 5, 3, 6], [3, 8, 4, 1], [6, 1, 7, 2], [7, 4, 8, 5]]",3,,,False,,not_applicable,,passed,False,4,1,3,,False,47.82174587058269,1.9073739176334805,0.06144043756512474,0.22452421109149756,False,True,,passed,,0.00436630001058802,41,0.5577998880145961,-0.751839805759614,0.3515625,-0.9324908811342747,0.35923962611183097,False,1
3_1_torus_T_2_3,deterministic_angular_sweep,24,96,,fibonacci_042,generic_tilt,"[0.09714616234909745, 0.9368610458518343, 0.3359375]",3,3,31.848201000228453,7.962050250057112,1.5660467858401352,6,1,False,1:+1:+1|2:+1:-1|3:+1:-1|4:-1:-1|5:-1:-1|1:-1:+1|2:-1:-1|6:+1:-1|4:+1:-1|3:-1:-1|6:-1:-1|5:+1:-1,"[[3, 8, 4, 9], [4, 10, 5, 9], [5, 10, 6, 11], [6, 1, 7, 2], [11, 2, 12, 3], [12, 7, 1, 8]]",3,,,False,,not_applicable,,passed,True,4,1,3,,False,45.197518281250304,2.0422329440782425,0.08191378810101924,0.25058868895535047,False,True,,passed,,0.004481299998587929,42,0.09714616234909745,0.9368610458518343,0.3359375,1.4674723485943661,0.3426003988559651,False,3
3_1_torus_T_2_3,deterministic_angular_sweep,24,96,,fibonacci_043,generic_tilt,"[-0.7085326619426154, -0.6287935824292908, 0.3203125]",3,3,31.848201000228453,7.962050250057112,1.5660467858401352,6,1,False,1:+1:+1|2:+1:-1|3:+1:-1|4:-1:-1|5:-1:-1|1:-1:+1|2:-1:-1|6:+1:-1|4:+1:-1|3:-1:-1|6:-1:-1|5:+1:-1,"[[1, 6, 2, 7], [2, 9, 3, 10], [7, 10, 8, 11], [8, 3, 9, 4], [11, 4, 12, 5], [12, 6, 1, 5]]",3,,,False,,not_applicable,,passed,True,4,1,3,,False,24.41868905248014,2.026870047156891,0.042545286933751925,0.2464097082407331,False,True,,passed,,0.004240399997797795,43,-0.7085326619426154,-0.6287935824292908,0.3203125,-2.415749728856565,0.32605934968485534,False,3
3_1_torus_T_2_3,deterministic_angular_sweep,24,96,,fibonacci_044,generic_tilt,"[0.9523336958114547, -0.015035264076360357, 0.3046875]",3,3,31.848201000228453,7.962050250057112,1.5660467858401352,4,1,False,1:+1:-1|2:+1:-1|3:-1:-1|1:-1:-1|4:+1:-1|3:+1:-1|2:-1:-1|4:-1:-1,"[[2, 5, 3, 6], [3, 8, 4, 1], [6, 1, 7, 2], [7, 4, 8, 5]]",3,,,False,,not_applicable,,passed,False,4,1,3,,False,44.139110562924195,1.877505797369688,0.10496857376901403,0.22508332664287972,False,True,,passed,,0.004293200006941333,44,0.9523336958114547,-0.015035264076360357,0.3046875,-0.015786499127909692,0.30961031165767294,False,1
3_1_torus_T_2_3,deterministic_angular_sweep,24,96,,fibonacci_045,generic_tilt,"[-0.6955948361299443, 0.6577162724481628, 0.2890625]",3,3,31.848201000228453,7.962050250057112,1.5660467858401352,6,1,False,1:+1:+1|2:+1:-1|2:-1:-1|1:-1:+1|3:-1:-1|4:-1:-1|5:+1:-1|3:+1:-1|6:-1:-1|5:-1:-1|4:+1:-1|6:+1:-1,"[[3, 6, 4, 7], [4, 1, 5, 2], [9, 8, 10, 9], [10, 8, 11, 7], [11, 2, 12, 3], [12, 5, 1, 6]]",3,,,False,,not_applicable,,passed,True,4,1,3,,False,29.434444378775815,1.7131729949181513,0.019104003932071123,0.20516320375775568,False,True,,passed,,0.009945199999492615,45,-0.6955948361299443,0.6577162724481628,0.2890625,2.3841767306007458,0.2932473863906822,False,3
3_1_torus_T_2_3,deterministic_angular_sweep,24,96,,fibonacci_046,generic_tilt,"[0.06895733046325764, -0.9594148321602763, 0.2734375]",3,3,31.848201000228453,7.962050250057112,1.5660467858401352,7,1,False,1:+1:+1|2:+1:-1|2:-1:-1|1:-1:+1|3:-1:-1|4:-1:-1|4:+1:-1|5:+1:-1|6:-1:-1|3:+1:-1|5:-1:-1|7:-1:-1|7:+1:-1|6:+1:-1,"[[2, 13, 3, 14], [3, 4, 4, 5], [8, 7, 9, 8], [9, 7, 10, 6], [10, 1, 11, 2], [11, 12, 12, 13], [14, 5, 1, 6]]",3,,,False,,not_applicable,,passed,True,3,1,3,,True,1.5856891514797669,0.5051194587308984,0.01645928013439857,0.0604241551118133,False,True,,passed,,0.004523600000538863,46,0.06895733046325764,-0.9594148321602763,0.2734375,-1.4990453468501856,0.27696491994854544,False,4
3_1_torus_T_2_3,deterministic_angular_sweep,24,96,,fibonacci_047,generic_tilt,"[0.5999014736024458, 0.7573974761070728, 0.2578125]",3,3,31.848201000228453,7.962050250057112,1.5660467858401352,6,1,False,1:+1:+1|2:+1:-1|2:-1:-1|1:-1:+1|3:-1:-1|4:-1:-1|5:+1:-1|3:+1:-1|6:-1:-1|5:-1:-1|4:+1:-1|6:+1:-1,"[[5, 4, 6, 5], [6, 4, 7, 3], [7, 10, 8, 11], [8, 1, 9, 2], [11, 2, 12, 3], [12, 9, 1, 10]]",3,,,False,,not_applicable,,passed,True,4,1,3,,False,38.59995348946724,1.792498184359618,0.07862679428999542,0.21741173865988522,False,True,,passed,,0.004403899991302751,47,0.5999014736024458,0.7573974761070728,0.2578125,0.9009178828784697,0.2607574808802837,False,3
3_1_torus_T_2_3,deterministic_angular_sweep,24,96,,fibonacci_048,generic_tilt,"[-0.9579467431500948, -0.15389363902343792, 0.2421875]",3,3,31.848201000228453,7.962050250057112,1.5660467858401352,4,1,False,1:+1:-1|2:+1:-1|3:-1:-1|1:-1:-1|4:+1:-1|3:+1:-1|2:-1:-1|4:-1:-1,"[[1, 6, 2, 7], [4, 7, 5, 8], [5, 2, 6, 3], [8, 3, 1, 4]]",3,,,False,,not_applicable,,passed,False,4,1,3,,False,64.50614068129987,2.014354595361707,0.006064152069654938,0.24770650473172848,False,True,,passed,,0.003478200000245124,48,-0.9579467431500948,-0.15389363902343792,0.2421875,-2.9823041945724755,0.24461984013947533,False,1
3_1_torus_T_2_3,deterministic_angular_sweep,24,96,,fibonacci_049,generic_tilt,"[0.813460025289921, -0.5356792145016185, 0.2265625]",3,3,31.848201000228453,7.962050250057112,1.5660467858401352,6,1,False,1:+1:+1|2:+1:-1|3:+1:-1|4:-1:-1|5:-1:-1|1:-1:+1|2:-1:-1|6:+1:-1|4:+1:-1|3:-1:-1|6:-1:-1|5:+1:-1,"[[3, 6, 4, 7], [4, 11, 5, 12], [7, 12, 8, 1], [8, 2, 9, 1], [9, 2, 10, 3], [10, 5, 11, 6]]",3,,,False,,not_applicable,,passed,True,4,1,3,,False,53.174127682293516,1.9772334743010096,0.014337991696812935,0.2429742268532584,False,True,,passed,,0.011004799991496839,49,0.813460025289921,-0.5356792145016185,0.2265625,-0.5823409648438205,0.2285469526620647,False,3
3_1_torus_T_2_3,deterministic_angular_sweep,24,96,,fibonacci_050,generic_tilt,"[-0.23882985538077378, 0.9478742908595784, 0.2109375]",3,3,31.848201000228453,7.962050250057112,1.5660467858401352,6,1,False,1:+1:+1|2:+1:-1|3:+1:-1|4:-1:-1|5:-1:-1|1:-1:+1|2:-1:-1|6:+1:-1|4:+1:-1|3:-1:-1|6:-1:-1|5:+1:-1,"[[3, 8, 4, 9], [4, 10, 5, 9], [5, 10, 6, 11], [6, 1, 7, 2], [11, 2, 12, 3], [12, 7, 1, 8]]",3,,,False,,not_applicable,,passed,True,4,1,3,,False,46.70977263711469,2.0371213968083213,0.024151780235428078,0.2483703181428131,False,True,,passed,,0.005139300003065728,50,-0.23882985538077378,0.9478742908595784,0.2109375,1.8176222648848348,0.21253394040374687,False,3
3_1_torus_T_2_3,deterministic_angular_sweep,24,96,,fibonacci_051,generic_tilt,"[-0.4657134403515823, -0.8631129814917878, 0.1953125]",3,3,31.848201000228453,7.962050250057112,1.5660467858401352,6,1,False,1:+1:+1|2:+1:-1|3:+1:-1|3:-1:-1|4:-1:-1|1:-1:+1|5:-1:-1|6:+1:-1|2:-1:-1|4:+1:-1|6:-1:-1|5:+1:-1,"[[1, 10, 2, 11], [6, 5, 7, 6], [7, 12, 8, 1], [8, 4, 9, 3], [9, 2, 10, 3], [11, 4, 12, 5]]",3,,,False,,not_applicable,,passed,True,3,1,3,,True,37.928361620295505,1.9141853600974064,0.02151281067188293,0.22456820906677888,False,True,,passed,,0.004806199998711236,51,-0.4657134403515823,-0.8631129814917878,0.1953125,-2.0655998125660964,0.19657607666314347,False,3
3_1_torus_T_2_3,deterministic_angular_sweep,24,96,,fibonacci_052,generic_tilt,"[0.9292445387423222, 0.32282656266379134, 0.1796875]",3,3,31.848201000228453,7.962050250057112,1.5660467858401352,7,1,False,1:+1:+1|2:+1:-1|2:-1:-1|3:+1:-1|4:-1:-1|5:+1:-1|6:-1:-1|4:+1:-1|3:-1:-1|1:-1:+1|5:-1:-1|7:-1:-1|7:+1:-1|6:+1:-1,"[[4, 3, 5, 4], [5, 10, 6, 11], [6, 2, 7, 1], [7, 12, 8, 13], [9, 2, 10, 3], [11, 8, 12, 9], [13, 14, 14, 1]]",3,,,False,,not_applicable,,passed,True,3,1,3,,True,12.688273708356183,0.9724347040264347,0.021490206520525135,0.11602202603650809,False,True,,passed,,0.004272699996363372,52,0.9292445387423222,0.32282656266379134,0.1796875,0.3343634171625589,0.18066877153760597,False,4
3_1_torus_T_2_3,deterministic_angular_sweep,24,96,,fibonacci_053,generic_tilt,"[-0.9057654321486892, 0.39073325686233595, 0.1640625]",3,3,31.848201000228453,7.962050250057112,1.5660467858401352,6,1,False,1:+1:+1|2:+1:-1|3:-1:-1|1:-1:+1|4:-1:-1|4:+1:-1|5:-1:-1|6:+1:-1|2:-1:-1|3:+1:-1|6:-1:-1|5:+1:-1,"[[2, 7, 3, 8], [4, 9, 5, 10], [6, 3, 7, 4], [10, 5, 11, 6], [11, 9, 12, 8], [12, 1, 1, 2]]",3,,,False,,not_applicable,,passed,True,3,1,3,,True,23.900021774134366,1.6891007940320528,0.01219819013853396,0.20217677746940982,False,True,,passed,,0.0044021999929100275,53,-0.9057654321486892,0.39073325686233595,0.1640625,2.734326646891214,0.16480755837603633,False,3
3_1_torus_T_2_3,deterministic_angular_sweep,24,96,,fibonacci_054,generic_tilt,"[0.40495892696135893, -0.9022053957209826, 0.1484375]",3,3,31.848201000228453,7.962050250057112,1.5660467858401352,6,1,False,1:+1:+1|2:+1:-1|3:+1:-1|3:-1:-1|4:-1:-1|1:-1:+1|5:-1:-1|6:+1:-1|2:-1:-1|4:+1:-1|6:-1:-1|5:+1:-1,"[[1, 6, 2, 7], [3, 12, 4, 1], [8, 7, 9, 8], [9, 2, 10, 3], [10, 6, 11, 5], [11, 4, 12, 5]]",3,,,False,,not_applicable,,passed,True,3,1,3,,True,30.720621077467012,1.8884568379783842,0.058139661617005345,0.22916275282109683,False,True,,passed,,0.004689599998528138,54,0.40495892696135893,-0.9022053957209826,0.1484375,-1.148895430559717,0.14898808110808143,False,3
3_1_torus_T_2_3,deterministic_angular_sweep,24,96,,fibonacci_055,generic_tilt,"[0.31152445242214993, 0.9409109178805556, 0.1328125]",3,3,31.848201000228453,7.962050250057112,1.5660467858401352,8,1,False,1:+1:+1|2:+1:-1|3:+1:-1|4:-1:-1|5:-1:+1|3:-1:-1|6:-1:-1|1:-1:+1|7:-1:-1|8:+1:-1|4:+1:-1|5:+1:+1|2:-1:-1|6:+1:-1|8:-1:-1|7:+1:-1,"[[5, 12, 6, 13], [6, 14, 7, 13], [7, 4, 8, 5], [8, 15, 9, 16], [9, 3, 10, 2], [10, 1, 11, 2], [14, 3, 15, 4], [16, 11, 1, 12]]",3,,,False,,not_applicable,,passed,True,3,1,3,,True,16.78955682295197,2.007771891544328,0.058108413538604964,0.24558240659850766,False,True,,passed,,0.004273900005500764,55,0.31152445242214993,0.9409109178805556,0.1328125,1.2510677991689383,0.13320608234182008,False,5
3_1_torus_T_2_3,deterministic_angular_sweep,24,96,,fibonacci_056,generic_tilt,"[-0.8670032766127411, -0.4843267576611069, 0.1171875]",3,3,31.848201000228453,7.962050250057112,1.5660467858401352,6,1,False,1:+1:+1|2:+1:-1|3:+1:-1|4:-1:-1|5:-1:-1|1:-1:+1|2:-1:-1|6:+1:-1|4:+1:-1|3:-1:-1|6:-1:-1|5:+1:-1,"[[1, 6, 2, 7], [2, 9, 3, 10], [7, 10, 8, 11], [8, 3, 9, 4], [11, 4, 12, 5], [12, 6, 1, 5]]",3,,,False,,not_applicable,,passed,True,4,1,3,,False,61.478525854564815,1.8278389831561301,0.01905250958810001,0.22628323002090964,False,True,,passed,,0.004205199991702102,56,-0.8670032766127411,-0.4843267576611069,0.1171875,-2.632154278281993,0.11745739213294011,False,3
3_1_torus_T_2_3,deterministic_angular_sweep,24,96,,fibonacci_057,generic_tilt,"[0.9681324707648126, -0.22892046139340513, 0.1015625]",3,3,31.848201000228453,7.962050250057112,1.5660467858401352,8,1,False,1:+1:+1|2:+1:-1|3:+1:-1|4:+1:+1|5:+1:-1|3:-1:-1|6:-1:-1|1:-1:+1|7:-1:-1|8:+1:-1|2:-1:-1|6:+1:-1|4:-1:+1|5:-1:-1|8:-1:-1|7:+1:-1,"[[3, 16, 4, 1], [4, 9, 5, 10], [5, 15, 6, 14], [6, 13, 7, 14], [8, 15, 9, 16], [10, 2, 11, 1], [11, 2, 12, 3], [12, 7, 13, 8]]",3,,,False,,not_applicable,,passed,True,3,1,3,,True,22.702156217383525,2.007847276637983,0.02561400549939563,0.24707430823894438,False,True,,passed,,0.0050604999996721745,57,0.9681324707648126,-0.22892046139340513,0.1015625,-0.23219104855333764,0.10173791733766063,False,5
3_1_torus_T_2_3,deterministic_angular_sweep,24,96,,fibonacci_058,generic_tilt,"[-0.5600643254482937, 0.8239797918965598, 0.0859375]",3,3,31.848201000228453,7.962050250057112,1.5660467858401352,9,1,False,1:+1:+1|2:+1:-1|2:-1:-1|3:+1:-1|4:-1:-1|5:-1:-1|6:-1:+1|7:+1:-1|8:-1:-1|4:+1:-1|3:-1:-1|1:-1:+1|7:-1:-1|9:-1:-1|5:+1:-1|6:+1:+1|9:+1:-1|8:+1:-1,"[[2, 11, 3, 12], [4, 14, 5, 13], [5, 14, 6, 15], [6, 1, 7, 2], [8, 9, 9, 10], [15, 12, 16, 13], [16, 3, 17, 4], [17, 11, 18, 10], [18, 7, 1, 8]]",3,,,False,,not_applicable,,passed,True,3,1,3,,True,8.96152608135821,1.9841113092809768,0.025966659453928287,0.24392553101964018,False,True,,passed,,0.009710099999210797,58,-0.5600643254482937,0.8239797918965598,0.0859375,2.1677721811752892,0.08604363146951062,False,6
3_1_torus_T_2_3,deterministic_angular_sweep,24,96,,fibonacci_059,generic_tilt,"[-0.14379285760821345, -0.9871067654740363, 0.0703125]",3,3,31.848201000228453,7.962050250057112,1.5660467858401352,6,1,False,1:+1:+1|2:+1:-1|3:+1:-1|4:-1:-1|5:-1:-1|1:-1:+1|6:+1:-1|3:-1:-1|4:+1:-1|6:-1:-1|2:-1:-1|5:+1:-1,"[[1, 10, 2, 11], [2, 5, 3, 6], [7, 12, 8, 1], [8, 3, 9, 4], [9, 5, 10, 4], [11, 6, 12, 7]]",3,,,False,,not_applicable,,passed,True,3,1,3,,True,24.441547076868197,1.7342478942744497,0.05170740680986441,0.2112737980414788,False,True,,passed,,0.00437670000246726,59,-0.14379285760821345,-0.9871067654740363,0.0703125,-1.715449896275642,0.07037056498670617,False,3
3_1_torus_T_2_3,deterministic_angular_sweep,24,96,,fibonacci_060,generic_tilt,"[0.7735674920975508, 0.6313498337005051, 0.0546875]",3,3,31.848201000228453,7.962050250057112,1.5660467858401352,6,1,False,1:+1:+1|2:+1:-1|3:+1:-1|4:-1:-1|5:-1:-1|1:-1:+1|2:-1:-1|5:+1:-1|6:+1:-1|3:-1:-1|4:+1:-1|6:-1:-1,"[[4, 11, 5, 12], [5, 8, 6, 9], [6, 2, 7, 1], [7, 2, 8, 3], [10, 3, 11, 4], [12, 9, 1, 10]]",3,,,False,,not_applicable,,passed,True,3,1,3,,True,14.055793982544742,1.7488411430500825,0.02942441323864209,0.21396314030602337,False,True,,passed,,0.0042498999973759055,60,0.7735674920975508,0.6313498337005051,0.0546875,0.6845133334530132,0.0547147959424247,False,3
3_1_torus_T_2_3,deterministic_angular_sweep,24,96,,fibonacci_061,generic_tilt,"[-0.9976073333593194, 0.05704147194329468, 0.0390625]",3,3,31.848201000228453,7.962050250057112,1.5660467858401352,9,1,False,1:+1:+1|2:+1:-1|3:+1:-1|4:-1:-1|5:+1:-1|5:-1:-1|6:-1:+1|7:-1:-1|8:-1:-1|1:-1:+1|2:-1:-1|8:+1:-1|9:+1:-1|6:+1:+1|4:+1:-1|3:-1:-1|7:+1:-1|9:-1:-1,"[[1, 13, 2, 12], [2, 3, 3, 4], [4, 11, 5, 12], [8, 13, 9, 14], [10, 5, 11, 6], [15, 6, 16, 7], [16, 8, 17, 7], [17, 14, 18, 15], [18, 9, 1, 10]]",3,,,False,,not_applicable,,passed,True,3,1,3,,True,18.8178645888299,1.9896669642684968,0.01868984478846869,0.24506906512818777,False,True,,passed,,0.005603900004643947,61,-0.9976073333593194,0.05704147194329468,0.0390625,3.0844765631816684,0.03907244093487471,False,6
3_1_torus_T_2_3,deterministic_angular_sweep,24,96,,fibonacci_062,generic_tilt,"[0.6974144443247476, -0.7162847034810623, 0.0234375]",3,3,31.848201000228453,7.962050250057112,1.5660467858401352,8,1,False,1:+1:+1|2:+1:-1|3:+1:-1|4:-1:-1|5:-1:+1|3:-1:-1|6:-1:-1|1:-1:+1|7:-1:-1|8:+1:-1|4:+1:-1|5:+1:+1|2:-1:-1|6:+1:-1|8:-1:-1|7:+1:-1,"[[1, 6, 2, 7], [3, 14, 4, 15], [8, 15, 9, 16], [9, 1, 10, 16], [10, 7, 11, 8], [11, 2, 12, 3], [12, 6, 13, 5], [13, 4, 14, 5]]",3,,,False,,not_applicable,,passed,True,3,1,3,,True,31.537279174465187,1.9037413358175543,0.007369688464724078,0.23354392852320507,False,True,,passed,,0.006129499990493059,62,0.6974144443247476,-0.7162847034810623,0.0234375,-0.7987455142692627,0.02343964629780272,False,5
3_1_torus_T_2_3,deterministic_angular_sweep,24,96,,fibonacci_063,generic_tilt,"[-0.030415768322643748, 0.9995068013180768, 0.0078125]",3,3,31.848201000228453,7.962050250057112,1.5660467858401352,8,1,False,1:+1:+1|2:+1:-1|3:+1:-1|4:+1:+1|5:+1:-1|6:-1:-1|2:-1:-1|1:-1:+1|7:-1:-1|8:+1:-1|6:+1:-1|3:-1:-1|4:-1:+1|5:-1:-1|8:-1:-1|7:+1:-1,"[[3, 10, 4, 11], [4, 12, 5, 11], [5, 12, 6, 13], [6, 1, 7, 2], [13, 2, 14, 3], [14, 9, 15, 10], [15, 9, 16, 8], [16, 7, 1, 8]]",3,,,False,,not_applicable,,passed,True,4,1,3,,False,10.811424373846195,1.7417576587280574,0.023433906745629507,0.21611932683613388,False,True,,passed,,0.004261000009137206,63,-0.030415768322643748,0.9995068013180768,0.0078125,1.6012177154593927,0.007812579475042568,False,5
3_1_torus_T_2_3,deterministic_angular_sweep,24,96,,fibonacci_064,generic_tilt,"[-0.6527295023747824, -0.7575507650140146, -0.0078125]",3,3,31.848201000228453,7.962050250057112,1.5660467858401352,8,1,False,1:+1:+1|2:+1:-1|3:+1:-1|4:+1:+1|5:+1:-1|3:-1:-1|6:-1:-1|1:-1:+1|7:-1:-1|8:+1:-1|2:-1:-1|6:+1:-1|4:-1:+1|5:-1:-1|8:-1:-1|7:+1:-1,"[[1, 9, 2, 8], [2, 9, 3, 10], [3, 14, 4, 15], [10, 7, 11, 8], [11, 16, 12, 1], [12, 6, 13, 5], [13, 4, 14, 5], [15, 6, 16, 7]]",3,,,False,,not_applicable,,passed,True,3,1,3,,True,36.726373618575735,1.9382828040435829,0.0229498602960021,0.23825410636430128,False,True,,passed,,0.004471200008993037,64,-0.6527295023747824,-0.7575507650140146,-0.0078125,-2.2820043619915387,-0.007812579475042568,False,5
3_1_torus_T_2_3,deterministic_angular_sweep,24,96,,fibonacci_065,generic_tilt,"[0.9927781289564758, 0.11765317785520758, -0.0234375]",3,3,31.848201000228453,7.962050250057112,1.5660467858401352,8,1,False,1:+1:+1|2:+1:-1|3:+1:-1|4:+1:+1|5:+1:-1|3:-1:-1|6:-1:-1|1:-1:+1|7:-1:-1|8:+1:-1|2:-1:-1|6:+1:-1|4:-1:+1|5:-1:-1|8:-1:-1|7:+1:-1,"[[4, 9, 5, 10], [5, 14, 6, 15], [6, 16, 7, 15], [8, 1, 9, 2], [10, 3, 11, 4], [11, 3, 12, 2], [12, 7, 13, 8], [13, 16, 14, 1]]",3,,,False,,not_applicable,,passed,True,3,1,3,,True,30.514992883563043,1.9904649449081362,0.005872904215337371,0.2455139881447082,False,True,,passed,,0.004745099999126978,65,0.9927781289564758,0.11765317785520758,-0.0234375,0.11795886773711671,-0.02343964629780272,False,5
3_1_torus_T_2_3,deterministic_angular_sweep,24,96,,fibonacci_066,generic_tilt,"[-0.8111207115105447, 0.5835728852957254, -0.0390625]",3,3,31.848201000228453,7.962050250057112,1.5660467858401352,8,1,False,1:+1:+1|2:+1:-1|3:+1:-1|4:+1:+1|5:+1:-1|6:-1:-1|2:-1:-1|1:-1:+1|7:-1:-1|8:+1:-1|6:+1:-1|3:-1:-1|4:-1:+1|5:-1:-1|8:-1:-1|7:+1:-1,"[[1, 10, 2, 11], [4, 13, 5, 14], [5, 13, 6, 12], [6, 11, 7, 12], [7, 2, 8, 3], [14, 3, 15, 4], [15, 8, 16, 9], [16, 10, 1, 9]]",3,,,False,,not_applicable,,passed,True,4,1,3,,False,17.3356830570919,1.7801860638740656,0.042409015135739025,0.21932912905017574,False,True,,passed,,0.0061167999956524,66,-0.8111207115105447,0.5835728852957254,-0.0390625,2.517922097465772,-0.03907244093487471,False,5
3_1_torus_T_2_3,deterministic_angular_sweep,24,96,,fibonacci_067,generic_tilt,"[0.20374772702411498, -0.9774948291813397, -0.0546875]",3,3,31.848201000228453,7.962050250057112,1.5660467858401352,8,1,False,1:+1:+1|2:+1:-1|3:+1:-1|4:-1:-1|5:-1:+1|6:-1:-1|2:-1:-1|1:-1:+1|7:-1:-1|8:+1:-1|4:+1:-1|5:+1:+1|6:+1:-1|3:-1:-1|8:-1:-1|7:+1:-1,"[[1, 6, 2, 7], [2, 13, 3, 14], [7, 16, 8, 1], [8, 16, 9, 15], [9, 14, 10, 15], [10, 3, 11, 4], [11, 5, 12, 4], [12, 5, 13, 6]]",3,,,False,,not_applicable,,passed,True,4,1,3,,False,24.994522632807154,1.8629093128862002,0.04452911213721222,0.2285096767935075,False,True,,passed,,0.004734799993457273,67,0.20374772702411498,-0.9774948291813397,-0.0546875,-1.3652999799851593,-0.0547147959424247,False,5
3_1_torus_T_2_3,deterministic_angular_sweep,24,96,,fibonacci_068,generic_tilt,"[0.5095512011500745, 0.8575626657861607, -0.0703125]",3,3,31.848201000228453,7.962050250057112,1.5660467858401352,8,1,False,1:+1:+1|2:+1:-1|3:+1:-1|4:-1:-1|5:-1:+1|3:-1:-1|6:-1:-1|1:-1:+1|7:-1:-1|8:+1:-1|4:+1:-1|5:+1:+1|2:-1:-1|6:+1:-1|8:-1:-1|7:+1:-1,"[[4, 13, 5, 14], [5, 13, 6, 12], [6, 15, 7, 16], [7, 10, 8, 11], [8, 2, 9, 1], [9, 2, 10, 3], [14, 3, 15, 4], [16, 11, 1, 12]]",3,,,False,,not_applicable,,passed,True,3,1,3,,True,31.02194430406917,1.992920459919348,0.05373019723937489,0.2424608417975048,False,True,,passed,,0.004138800009968691,68,0.5095512011500745,0.8575626657861607,-0.0703125,1.034663249743496,-0.07037056498670617,False,5
3_1_torus_T_2_3,deterministic_angular_sweep,24,96,,fibonacci_069,generic_tilt,"[-0.953830168944334, -0.28778942806394603, -0.0859375]",3,3,31.848201000228453,7.962050250057112,1.5660467858401352,6,1,False,1:+1:+1|2:+1:-1|3:+1:-1|4:-1:-1|5:-1:-1|1:-1:+1|2:-1:-1|5:+1:-1|6:+1:-1|3:-1:-1|4:+1:-1|6:-1:-1,"[[1, 10, 2, 11], [2, 7, 3, 8], [6, 9, 7, 10], [8, 3, 9, 4], [11, 4, 12, 5], [12, 6, 1, 5]]",3,,,False,,not_applicable,,passed,True,3,1,3,,True,26.58773070666447,1.776108293498046,0.028918004966088047,0.21531478617205743,False,True,,passed,,0.005469100011396222,69,-0.953830168944334,-0.28778942806394603,-0.0859375,-2.848558827707435,-0.08604363146951062,False,3
3_1_torus_T_2_3,deterministic_angular_sweep,24,96,,fibonacci_070,generic_tilt,"[0.8963978590925153, -0.4314579200896712, -0.1015625]",3,3,31.848201000228453,7.962050250057112,1.5660467858401352,6,1,False,1:+1:+1|2:+1:-1|3:+1:-1|4:-1:-1|5:-1:-1|1:-1:+1|6:+1:-1|3:-1:-1|4:+1:-1|6:-1:-1|2:-1:-1|5:+1:-1,"[[2, 11, 3, 12], [3, 6, 4, 7], [5, 10, 6, 11], [7, 1, 8, 12], [8, 1, 9, 2], [9, 4, 10, 5]]",3,,,False,,not_applicable,,passed,True,3,1,3,,True,34.85346583933662,1.6964339627986524,0.007015698375241186,0.20578539150454425,False,True,,passed,,0.007247600005939603,70,0.8963978590925153,-0.4314579200896712,-0.1015625,-0.4485955979788082,-0.10173791733766063,False,3
3_1_torus_T_2_3,deterministic_angular_sweep,24,96,,fibonacci_071,generic_tilt,"[-0.3688915909610238, 0.9220553584042525, -0.1171875]",3,3,31.848201000228453,7.962050250057112,1.5660467858401352,7,1,False,1:+1:+1|2:+1:-1|2:-1:-1|3:+1:-1|4:-1:-1|5:+1:-1|6:-1:-1|4:+1:-1|3:-1:-1|1:-1:+1|5:-1:-1|7:-1:-1|7:+1:-1|6:+1:-1,"[[2, 9, 3, 10], [4, 13, 5, 14], [5, 11, 6, 10], [6, 1, 7, 2], [7, 8, 8, 9], [12, 11, 13, 12], [14, 3, 1, 4]]",3,,,False,,not_applicable,,passed,True,3,1,3,,True,9.128975028587988,1.8761159949101565,0.04617183524297275,0.22768305215426424,False,True,,passed,,0.0047664000012446195,71,-0.3688915909610238,0.9220553584042525,-0.1171875,1.951367631749847,-0.11745739213294011,False,4
3_1_torus_T_2_3,deterministic_angular_sweep,24,96,,fibonacci_072,generic_tilt,"[-0.35013482113659194, -0.927235917591309, -0.1328125]",3,3,31.848201000228453,7.962050250057112,1.5660467858401352,8,1,False,1:+1:+1|2:+1:-1|3:+1:-1|4:+1:+1|5:+1:-1|3:-1:-1|6:-1:-1|1:-1:+1|7:-1:-1|8:+1:-1|2:-1:-1|6:+1:-1|4:-1:+1|5:-1:-1|8:-1:-1|7:+1:-1,"[[1, 10, 2, 11], [2, 10, 3, 9], [3, 14, 4, 15], [4, 7, 5, 8], [11, 16, 12, 1], [12, 5, 13, 6], [13, 7, 14, 6], [15, 8, 16, 9]]",3,,,False,,not_applicable,,passed,True,3,1,3,,True,25.45148121170223,2.0040117560778548,0.01147498399749125,0.24491801520897508,False,True,,passed,,0.004408900000271387,72,-0.35013482113659194,-0.927235917591309,-0.1328125,-1.9318544457010842,-0.13320608234182008,False,5
3_1_torus_T_2_3,deterministic_angular_sweep,24,96,,fibonacci_073,generic_tilt,"[0.8825367482568224, 0.4462008477916912, -0.1484375]",3,3,31.848201000228453,7.962050250057112,1.5660467858401352,6,1,False,1:+1:+1|2:+1:-1|3:+1:-1|4:-1:-1|5:-1:-1|1:-1:+1|2:-1:-1|6:+1:-1|4:+1:-1|3:-1:-1|6:-1:-1|5:+1:-1,"[[3, 8, 4, 9], [4, 11, 5, 12], [5, 1, 6, 12], [6, 1, 7, 2], [9, 2, 10, 3], [10, 7, 11, 8]]",3,,,False,,not_applicable,,passed,True,4,1,3,,False,63.88043992614582,1.8674917178717143,0.0088765077456614,0.23185281043606726,False,True,,passed,,0.0039591000095242634,73,0.8825367482568224,0.4462008477916912,-0.1484375,0.46810878402757106,-0.14898808110808143,False,3
3_1_torus_T_2_3,deterministic_angular_sweep,24,96,,fibonacci_074,generic_tilt,"[-0.9497795177339626, 0.2664626874194421, -0.1640625]",3,3,31.848201000228453,7.962050250057112,1.5660467858401352,6,1,False,1:+1:+1|2:+1:-1|3:+1:-1|4:-1:-1|5:-1:-1|1:-1:+1|2:-1:-1|6:+1:-1|4:+1:-1|3:-1:-1|6:-1:-1|5:+1:-1,"[[1, 9, 2, 8], [2, 9, 3, 10], [5, 10, 6, 11], [6, 3, 7, 4], [11, 4, 12, 5], [12, 7, 1, 8]]",3,,,False,,not_applicable,,passed,True,4,1,3,,False,53.999002405798336,2.0257539840209313,0.05175797541502902,0.24948012362167768,False,True,,passed,,0.004095600001164712,74,-0.9497795177339626,0.2664626874194421,-0.1640625,2.8680720137562266,-0.16480755837603633,False,3
3_1_torus_T_2_3,deterministic_angular_sweep,24,96,,fibonacci_075,generic_tilt,"[0.5189068466925207, -0.8357320663941133, -0.1796875]",3,3,31.848201000228453,7.962050250057112,1.5660467858401352,6,1,False,1:+1:+1|2:+1:-1|3:+1:-1|3:-1:-1|4:-1:-1|1:-1:+1|5:-1:-1|6:+1:-1|2:-1:-1|4:+1:-1|6:-1:-1|5:+1:-1,"[[1, 4, 2, 5], [3, 10, 4, 11], [5, 12, 6, 1], [6, 12, 7, 11], [7, 2, 8, 3], [8, 9, 9, 10]]",3,,,False,,not_applicable,,passed,True,3,1,3,,True,35.65583900714906,1.9248522360437448,0.03656906324223996,0.23598158728839072,False,True,,passed,,0.004367999994428828,75,0.5189068466925207,-0.8357320663941133,-0.1796875,-1.0151500636947048,-0.18066877153760597,False,3
3_1_torus_T_2_3,deterministic_angular_sweep,24,96,,fibonacci_076,generic_tilt,"[0.18135160380123694, 0.9638281087115427, -0.1953125]",3,3,31.848201000228453,7.962050250057112,1.5660467858401352,7,1,False,1:+1:+1|2:+1:-1|3:+1:-1|3:-1:-1|4:-1:-1|1:-1:+1|5:-1:-1|5:+1:-1|6:-1:-1|7:+1:-1|2:-1:-1|4:+1:-1|7:-1:-1|6:+1:-1,"[[2, 11, 3, 12], [4, 3, 5, 4], [5, 11, 6, 10], [6, 13, 7, 14], [7, 8, 8, 9], [12, 1, 13, 2], [14, 9, 1, 10]]",3,,,False,,not_applicable,,passed,True,3,1,3,,True,10.16954756967308,1.213163832073217,0.04246595549434318,0.1456047923634656,False,True,,passed,,0.00553080000099726,76,0.18135160380123694,0.9638281087115427,-0.1953125,1.3848131660339504,-0.19657607666314347,False,4
3_1_torus_T_2_3,deterministic_angular_sweep,24,96,,fibonacci_077,generic_tilt,"[-0.7821857363972451, -0.5862515201434019, -0.2109375]",3,3,31.848201000228453,7.962050250057112,1.5660467858401352,6,1,False,1:+1:+1|1:-1:+1|2:-1:-1|3:-1:-1|4:+1:-1|2:+1:-1|5:-1:-1|4:-1:-1|3:+1:-1|6:-1:-1|6:+1:-1|5:+1:-1,"[[1, 8, 2, 9], [2, 11, 3, 12], [3, 5, 4, 4], [7, 6, 8, 7], [9, 12, 10, 1], [10, 5, 11, 6]]",3,,,False,,not_applicable,,passed,True,4,1,3,,False,12.19386440948621,1.6823285168073423,0.03550654731466096,0.20252401796841266,False,True,,passed,,0.004716399998869747,77,-0.7821857363972451,-0.5862515201434019,-0.2109375,-2.498408911416981,-0.21253394040374687,False,3
3_1_torus_T_2_3,deterministic_angular_sweep,24,96,,fibonacci_078,generic_tilt,"[0.969280670134353, -0.09573095684077039, -0.2265625]",3,3,31.848201000228453,7.962050250057112,1.5660467858401352,6,1,False,1:+1:+1|2:+1:-1|3:+1:-1|3:-1:-1|4:-1:-1|1:-1:+1|5:-1:-1|6:+1:-1|2:-1:-1|4:+1:-1|6:-1:-1|5:+1:-1,"[[2, 5, 3, 6], [4, 11, 5, 12], [6, 1, 7, 2], [7, 1, 8, 12], [8, 3, 9, 4], [9, 10, 10, 11]]",3,,,False,,not_applicable,,passed,True,3,1,3,,True,39.664986607622154,1.842795183183508,0.03068313566859615,0.2203136790985264,False,True,,passed,,0.004098199991858564,78,0.969280670134353,-0.09573095684077039,-0.2265625,-0.09844568168832547,-0.2285469526620647,False,3
3_1_torus_T_2_3,deterministic_angular_sweep,24,96,,fibonacci_079,generic_tilt,"[-0.6475378367687641, 0.722523331662431, -0.2421875]",3,3,31.848201000228453,7.962050250057112,1.5660467858401352,6,1,False,1:+1:+1|2:+1:-1|3:+1:-1|4:-1:-1|5:-1:-1|1:-1:+1|2:-1:-1|6:+1:-1|4:+1:-1|3:-1:-1|6:-1:-1|5:+1:-1,"[[1, 8, 2, 9], [4, 9, 5, 10], [5, 2, 6, 3], [10, 3, 11, 4], [11, 6, 12, 7], [12, 8, 1, 7]]",3,,,False,,not_applicable,,passed,True,4,1,3,,False,32.06069748582002,2.0346469815084953,0.006058795742536205,0.24556170564494706,False,True,,passed,,0.004244299998390488,79,-0.6475378367687641,0.722523331662431,-0.2421875,2.30151754804033,-0.24461984013947533,False,3
3_1_torus_T_2_3,deterministic_angular_sweep,24,96,,fibonacci_080,generic_tilt,"[-0.010539241457962005, -0.9661374846434853, -0.2578125]",3,3,31.848201000228453,7.962050250057112,1.5660467858401352,6,1,False,1:+1:+1|2:+1:-1|3:+1:-1|4:-1:-1|5:-1:-1|1:-1:+1|2:-1:-1|6:+1:-1|4:+1:-1|3:-1:-1|6:-1:-1|5:+1:-1,"[[1, 6, 2, 7], [2, 11, 3, 12], [7, 12, 8, 1], [8, 3, 9, 4], [9, 5, 10, 4], [10, 5, 11, 6]]",3,,,False,,not_applicable,,passed,True,4,1,3,,False,56.35391873132359,2.0197205200472492,0.0742071528042203,0.24980842575647516,False,True,,passed,,0.004873800004133955,80,-0.010539241457962005,-0.9661374846434853,-0.2578125,-1.5817045294106014,-0.2607574808802837,False,3
3_1_torus_T_2_3,deterministic_angular_sweep,24,96,,fibonacci_081,generic_tilt,"[0.6574452302736683, 0.7021379513914294, -0.2734375]",3,3,31.848201000228453,7.962050250057112,1.5660467858401352,6,1,False,1:+1:+1|2:+1:-1|3:+1:-1|4:-1:-1|5:-1:-1|1:-1:+1|2:-1:-1|6:+1:-1|4:+1:-1|3:-1:-1|6:-1:-1|5:+1:-1,"[[4, 9, 5, 10], [5, 12, 6, 1], [6, 2, 7, 1], [7, 2, 8, 3], [10, 3, 11, 4], [11, 8, 12, 9]]",3,,,False,,not_applicable,,passed,True,4,1,3,,False,10.772988937672887,2.0229968718584947,0.0017078553188270007,0.24440486823878166,False,True,,passed,,0.003964100003940985,81,0.6574452302736683,0.7021379513914294,-0.2734375,0.8182587003180538,-0.27696491994854544,False,3
3_1_torus_T_2_3,deterministic_angular_sweep,24,96,,fibonacci_082,generic_tilt,"[-0.9545009174491055, -0.07328621754849943, -0.2890625]",3,3,31.848201000228453,7.962050250057112,1.5660467858401352,6,1,False,1:+1:+1|2:+1:-1|2:-1:-1|1:-1:+1|3:-1:-1|4:-1:-1|5:+1:-1|3:+1:-1|6:-1:-1|5:-1:-1|4:+1:-1|6:+1:-1,"[[1, 10, 2, 11], [2, 6, 3, 5], [3, 4, 4, 5], [8, 11, 9, 12], [9, 6, 10, 7], [12, 7, 1, 8]]",3,,,False,,not_applicable,,passed,True,4,1,3,,False,22.87985889776971,1.8260614717734884,0.00310977540652857,0.2171269739431003,False,True,,passed,,0.003874999994877726,82,-0.9545009174491055,-0.07328621754849943,-0.2890625,-3.0649633771328775,-0.2932473863906822,False,3
3_1_torus_T_2_3,deterministic_angular_sweep,24,96,,fibonacci_083,generic_tilt,"[0.7495006745800074, -0.5877195471888476, -0.3046875]",3,3,31.848201000228453,7.962050250057112,1.5660467858401352,6,1,False,1:+1:+1|2:+1:-1|2:-1:-1|1:-1:+1|3:-1:-1|4:+1:-1|5:-1:-1|3:+1:-1|4:-1:-1|6:-1:-1|6:+1:-1|5:+1:-1,"[[1, 12, 2, 1], [2, 5, 3, 6], [4, 11, 5, 12], [6, 3, 7, 4], [7, 11, 8, 10], [8, 9, 9, 10]]",3,,,False,,not_applicable,,passed,True,3,1,3,,True,16.25257531106902,1.684841312554048,0.006645468822611633,0.19990111915307307,False,True,,passed,,0.0038078000070527196,83,0.7495006745800074,-0.5877195471888476,-0.3046875,-0.6650001474042505,-0.30961031165767294,False,3
3_1_torus_T_2_3,deterministic_angular_sweep,24,96,,fibonacci_084,generic_tilt,"[-0.15481951772303917, 0.9345752079291187, -0.3203125]",3,3,31.848201000228453,7.962050250057112,1.5660467858401352,6,1,False,1:+1:+1|2:+1:-1|2:-1:-1|1:-1:+1|3:-1:-1|4:-1:-1|4:+1:-1|5:+1:-1|6:-1:-1|3:+1:-1|5:-1:-1|6:+1:-1,"[[1, 10, 2, 11], [4, 3, 5, 4], [5, 12, 6, 1], [6, 10, 7, 9], [7, 8, 8, 9], [11, 2, 12, 3]]",3,,,False,,not_applicable,,passed,True,3,1,3,,True,9.778973634575035,1.691267236570315,0.05068775056197694,0.20141548806784795,False,True,,passed,,0.003897800008417107,84,-0.15481951772303917,0.9345752079291187,-0.3203125,1.7349630823244049,-0.32605934968485534,False,3
3_1_torus_T_2_3,deterministic_angular_sweep,24,96,,fibonacci_085,generic_tilt,"[-0.514174432110886, -0.7891581903884657, -0.3359375]",3,3,31.848201000228453,7.962050250057112,1.5660467858401352,4,1,False,1:+1:-1|2:+1:-1|3:-1:-1|1:-1:-1|4:+1:-1|3:+1:-1|2:-1:-1|4:-1:-1,"[[1, 4, 2, 5], [2, 7, 3, 8], [5, 8, 6, 1], [6, 3, 7, 4]]",3,,,False,,not_applicable,,passed,False,4,1,3,,False,37.26112719721026,1.824364698537082,0.0360475952263144,0.2214214376715074,False,True,,passed,,0.0034121000062441453,85,-0.514174432110886,-0.7891581903884657,-0.3359375,-2.1482589951265263,-0.3426003988559651,False,1
3_1_torus_T_2_3,deterministic_angular_sweep,24,96,,fibonacci_086,generic_tilt,"[0.9066652925800283, 0.2331562905531862, -0.3515625]",3,3,31.848201000228453,7.962050250057112,1.5660467858401352,4,1,False,1:+1:-1|2:+1:-1|3:-1:-1|1:-1:-1|4:+1:-1|3:+1:-1|2:-1:-1|4:-1:-1,"[[2, 5, 3, 6], [3, 8, 4, 1], [6, 1, 7, 2], [7, 4, 8, 5]]",3,,,False,,not_applicable,,passed,False,4,1,3,,False,59.31856504169927,1.973587820467003,0.01400069886675226,0.24374142376227945,False,True,,passed,,0.006572099999175407,86,0.9066652925800283,0.2331562905531862,-0.3515625,0.2517042346021289,-0.35923962611183097,False,1
3_1_torus_T_2_3,deterministic_angular_sweep,24,96,,fibonacci_087,generic_tilt,"[-0.8207319593680626, 0.4376898339185076, -0.3671875]",3,3,31.848201000228453,7.962050250057112,1.5660467858401352,6,1,False,1:+1:+1|2:+1:-1|3:+1:-1|4:-1:-1|5:-1:-1|1:-1:+1|2:-1:-1|6:+1:-1|4:+1:-1|3:-1:-1|6:-1:-1|5:+1:-1,"[[1, 9, 2, 8], [2, 9, 3, 10], [5, 10, 6, 11], [6, 3, 7, 4], [11, 4, 12, 5], [12, 7, 1, 8]]",3,,,False,,not_applicable,,passed,True,4,1,3,,False,42.3985373511266,2.0402942159392468,0.061617921203435344,0.25436458132960077,False,True,,passed,,0.004470999992918223,87,-0.8207319593680626,0.4376898339185076,-0.3671875,2.6516674643307843,-0.3759834935041962,False,3
3_1_torus_T_2_3,deterministic_angular_sweep,24,96,,fibonacci_088,generic_tilt,"[0.3074235551110725, -0.8711746940807104, -0.3828125]",3,3,31.848201000228453,7.962050250057112,1.5660467858401352,4,1,False,1:+1:-1|2:+1:-1|3:-1:-1|1:-1:-1|4:+1:-1|3:+1:-1|2:-1:-1|4:-1:-1,"[[1, 4, 2, 5], [2, 7, 3, 8], [5, 8, 6, 1], [6, 3, 7, 4]]",3,,,False,,not_applicable,,passed,False,4,1,3,,False,47.15089624460014,1.9337796883443148,0.014236654041125618,0.2367951041433174,False,True,,passed,,0.00324469999759458,88,0.3074235551110725,-0.8711746940807104,-0.3828125,-1.231554613120147,-0.3928387875427684,False,1
3_1_torus_T_2_3,deterministic_angular_sweep,24,96,,fibonacci_089,generic_tilt,"[0.35918884628183667, 0.8439377532143428, -0.3984375]",3,3,31.848201000228453,7.962050250057112,1.5660467858401352,5,1,False,1:+1:+1|1:-1:+1|2:-1:-1|3:-1:-1|4:+1:-1|5:-1:-1|3:+1:-1|4:-1:-1|5:+1:-1|2:+1:-1,"[[1, 4, 2, 5], [3, 10, 4, 1], [7, 7, 8, 6], [8, 5, 9, 6], [9, 2, 10, 3]]",3,,,False,,not_applicable,,passed,True,3,1,3,,True,1.5424928999923615,1.7855994939741526,0.03174522759855947,0.20411171034407005,False,True,,passed,,0.003648300000349991,89,0.35918884628183667,0.8439377532143428,-0.3984375,1.1684086166085081,-0.4098126517404412,False,2
3_1_torus_T_2_3,deterministic_angular_sweep,24,96,,fibonacci_090,generic_tilt,"[-0.8286025284826893, -0.3767891928994833, -0.4140625]",3,3,31.848201000228453,7.962050250057112,1.5660467858401352,5,1,False,1:+1:+1|2:+1:-1|2:-1:-1|1:-1:+1|3:-1:-1|4:+1:-1|5:-1:-1|3:+1:-1|4:-1:-1|5:+1:-1,"[[1, 8, 2, 9], [2, 6, 3, 5], [3, 4, 4, 5], [7, 10, 8, 1], [9, 6, 10, 7]]",3,,,False,,not_applicable,,passed,True,3,1,3,,True,37.75712838545507,1.6954129996428366,0.06437341637089844,0.19626554872035423,False,True,,passed,,0.0036212999984854832,90,-0.8286025284826893,-0.3767891928994833,-0.4140625,-2.714813460842423,-0.4269126228297277,False,2
3_1_torus_T_2_3,deterministic_angular_sweep,24,96,,fibonacci_091,generic_tilt,"[0.8585897775725349, -0.2796287649575688, -0.4296875]",3,3,31.848201000228453,7.962050250057112,1.5660467858401352,5,1,False,1:+1:+1|2:+1:-1|2:-1:-1|1:-1:+1|3:-1:-1|4:+1:-1|5:-1:-1|3:+1:-1|4:-1:-1|5:+1:-1,"[[1, 4, 2, 5], [3, 10, 4, 1], [5, 2, 6, 3], [6, 10, 7, 9], [7, 8, 8, 9]]",3,,,False,,not_applicable,,passed,True,3,1,3,,True,50.98961331835162,1.7232515994624813,0.033451547620984456,0.19958680795460954,False,True,,passed,,0.0056650000042282045,91,0.8585897775725349,-0.2796287649575688,-0.4296875,-0.31485023111376764,-0.4441466712053621,False,2
3_1_torus_T_2_3,deterministic_angular_sweep,24,96,,fibonacci_092,generic_tilt,"[-0.4404709182519047, 0.7795397023359835, -0.4453125]",3,3,31.848201000228453,7.962050250057112,1.5660467858401352,3,1,True,1:+1:-1|2:-1:-1|3:+1:-1|1:-1:-1|2:+1:-1|3:-1:-1,"[[1, 4, 2, 5], [3, 6, 4, 1], [5, 2, 6, 3]]",3,3,3,True,True,passed,,passed,False,3,1,3,,True,69.17328439020463,1.8344362195467103,0.0028288729388350475,0.21173193276668825,True,True,,passed,,0.0034288999886484817,92,-0.4404709182519047,0.7795397023359835,-0.4453125,2.0851129986148877,-0.46152324624700164,True,0
3_1_torus_T_2_3,deterministic_angular_sweep,24,96,,fibonacci_093,generic_tilt,"[-0.1999920066162086, -0.8646038505485459, -0.4609375]",3,3,31.848201000228453,7.962050250057112,1.5660467858401352,5,1,False,1:+1:+1|1:-1:+1|2:-1:-1|3:-1:-1|4:+1:-1|2:+1:-1|5:-1:-1|4:-1:-1|3:+1:-1|5:+1:-1,"[[1, 1, 2, 10], [2, 5, 3, 6], [3, 8, 4, 9], [6, 9, 7, 10], [7, 4, 8, 5]]",3,,,False,,not_applicable,,passed,True,4,1,3,,False,5.085694319559574,1.9473588968499858,0.027479523514926996,0.23722529579688487,False,True,,passed,,0.0036634999996749684,93,-0.1999920066162086,-0.8646038505485459,-0.4609375,-1.7981090788360437,-0.47905132729611205,False,2
3_1_torus_T_2_3,deterministic_angular_sweep,24,96,,fibonacci_094,generic_tilt,"[0.7246643951077351, 0.49774461127860575, -0.4765625]",3,3,31.848201000228453,7.962050250057112,1.5660467858401352,5,1,False,1:+1:+1|1:-1:+1|2:-1:-1|3:-1:-1|4:+1:-1|2:+1:-1|5:-1:-1|4:-1:-1|3:+1:-1|5:+1:-1,"[[2, 5, 3, 6], [3, 10, 4, 1], [7, 7, 8, 6], [8, 1, 9, 2], [9, 4, 10, 5]]",3,,,False,,not_applicable,,passed,True,4,1,3,,False,6.998595817258248,1.981335496817377,0.022852709085569245,0.24554783446397746,False,True,,passed,,0.004837000000406988,94,0.7246643951077351,0.49774461127860575,-0.4765625,0.6018541508926117,-0.4967404812077047,False,2
3_1_torus_T_2_3,deterministic_angular_sweep,24,96,,fibonacci_095,generic_tilt,"[-0.8619996163400566, 0.12127706408610528, -0.4921875]",3,3,31.848201000228453,7.962050250057112,1.5660467858401352,3,1,True,1:+1:-1|2:-1:-1|3:+1:-1|1:-1:-1|2:+1:-1|3:-1:-1,"[[1, 4, 2, 5], [3, 6, 4, 1], [5, 2, 6, 3]]",3,3,3,True,True,passed,,passed,False,3,1,3,,True,60.281190651259344,1.8929804058514648,0.05492781465486374,0.22700716744353877,True,True,,passed,,0.0033798000076785684,95,-0.8619996163400566,0.12127706408610528,-0.4921875,3.001817380621267,-0.5146009275773826,True,0
3_1_torus_T_2_3,deterministic_angular_sweep,24,96,,fibonacci_096,generic_tilt,"[0.5479518684708107, -0.664736951495174, -0.5078125]",3,3,31.848201000228453,7.962050250057112,1.5660467858401352,3,1,True,1:+1:-1|2:-1:-1|3:+1:-1|1:-1:-1|2:+1:-1|3:-1:-1,"[[1, 4, 2, 5], [3, 6, 4, 1], [5, 2, 6, 3]]",3,3,3,True,True,passed,,passed,False,3,1,3,,True,73.72565887617861,1.7898762824179695,0.06378598927948786,0.20819854106545058,True,True,,passed,,0.004711100002168678,96,0.5479518684708107,-0.664736951495174,-0.5078125,-0.8814046968296927,-0.5326436129659039,True,0
3_1_torus_T_2_3,deterministic_angular_sweep,24,96,,fibonacci_097,generic_tilt,"[0.04448970713710642, 0.8509017860791012, -0.5234375]",3,3,31.848201000228453,7.962050250057112,1.5660467858401352,6,1,False,1:+1:+1|2:+1:-1|3:+1:-1|4:-1:-1|5:+1:-1|3:-1:-1|4:+1:-1|5:-1:-1|6:-1:-1|1:-1:+1|2:-1:-1|6:+1:-1,"[[1, 10, 2, 11], [3, 12, 4, 1], [4, 7, 5, 8], [5, 9, 6, 8], [6, 9, 7, 10], [11, 2, 12, 3]]",3,,,False,,not_applicable,,passed,True,3,1,3,,True,37.57173861279028,1.6553157454165652,0.14280028029602754,0.19704287409942922,False,True,,passed,,0.005073599997558631,97,0.04448970713710642,0.8509017860791012,-0.5234375,1.5185585328989626,-0.5508802957186253,False,3
3_1_torus_T_2_3,deterministic_angular_sweep,24,96,,fibonacci_098,generic_tilt,"[-0.6005943463346524, -0.5905066064360343, -0.5390625]",3,3,31.848201000228453,7.962050250057112,1.5660467858401352,3,1,True,1:+1:-1|2:-1:-1|3:+1:-1|1:-1:-1|2:+1:-1|3:-1:-1,"[[1, 4, 2, 5], [3, 6, 4, 1], [5, 2, 6, 3]]",3,3,3,True,True,passed,,passed,False,3,1,3,,True,73.49597551105148,1.776062553097159,0.24136322942381128,0.20471541158008913,True,True,,passed,,0.00506630000018049,98,-0.6005943463346524,-0.5905066064360343,-0.5390625,-2.3646635445519686,-0.5693236433207793,True,0
3_1_torus_T_2_3,deterministic_angular_sweep,24,96,,fibonacci_099,generic_tilt,"[0.8315404113738077, 0.029365312803180485, -0.5546875]",3,3,31.848201000228453,7.962050250057112,1.5660467858401352,3,1,True,1:+1:-1|2:-1:-1|3:+1:-1|1:-1:-1|2:+1:-1|3:-1:-1,"[[1, 4, 2, 5], [3, 6, 4, 1], [5, 2, 6, 3]]",3,3,3,True,True,passed,,passed,False,3,1,3,,True,58.937993479879815,1.8655512158211733,0.11348502047553666,0.21979526447722098,True,True,,passed,,0.004144300008192658,99,0.8315404113738077,0.029365312803180485,-0.5546875,0.035299685176686704,-0.5879873446614887,True,0
3_1_torus_T_2_3,deterministic_angular_sweep,24,96,,fibonacci_100,generic_tilt,"[-0.6249005213954005, 0.5331444369994932, -0.5703125]",3,3,31.848201000228453,7.962050250057112,1.5660467858401352,3,1,True,1:+1:-1|2:-1:-1|3:+1:-1|1:-1:-1|2:+1:-1|3:-1:-1,"[[1, 4, 2, 5], [3, 6, 4, 1], [5, 2, 6, 3]]",3,3,3,True,True,passed,,passed,False,3,1,3,,True,37.04455289206835,1.9574836951872938,0.07862375172888036,0.2394625339690494,True,True,,passed,,0.004140499993809499,100,-0.6249005213954005,0.5331444369994932,-0.5703125,2.435262914905342,-0.6068862401263823,True,0
3_1_torus_T_2_3,deterministic_angular_sweep,24,96,,fibonacci_101,generic_tilt,"[0.09929172145394806, -0.8042502099126003, -0.5859375]",3,3,31.848201000228453,7.962050250057112,1.5660467858401352,3,1,True,1:+1:-1|2:-1:-1|3:+1:-1|1:-1:-1|2:+1:-1|3:-1:-1,"[[1, 4, 2, 5], [3, 6, 4, 1], [5, 2, 6, 3]]",3,3,3,True,True,passed,,passed,False,3,1,3,,True,32.03980586611439,1.9663981631098693,0.01471844644439102,0.23934850185348389,True,True,,passed,,0.003609799998230301,101,0.09929172145394806,-0.8042502099126003,-0.5859375,-1.4479591625455892,-0.6260364731366106,True,0
3_1_torus_T_2_3,deterministic_angular_sweep,24,96,,fibonacci_102,generic_tilt,"[0.4633602933413715, 0.6507071516038133, -0.6015625]",3,3,31.848201000228453,7.962050250057112,1.5660467858401352,3,1,True,1:+1:-1|2:-1:-1|3:+1:-1|1:-1:-1|2:+1:-1|3:-1:-1,"[[1, 4, 2, 5], [3, 6, 4, 1], [5, 2, 6, 3]]",3,3,3,True,True,passed,,passed,False,3,1,3,,True,54.959662899947226,1.9008078740289853,0.03552229707553067,0.22426803491629652,True,True,,passed,,0.003944000010960735,102,0.4633602933413715,0.6507071516038133,-0.6015625,0.9520040671830661,-0.6454556676499499,True,0
3_1_torus_T_2_3,deterministic_angular_sweep,24,96,,fibonacci_103,generic_tilt,"[-0.7694689762381604, -0.16430789527818648, -0.6171875]",3,3,31.848201000228453,7.962050250057112,1.5660467858401352,3,1,True,1:+1:-1|2:-1:-1|3:+1:-1|1:-1:-1|2:+1:-1|3:-1:-1,"[[1, 4, 2, 5], [3, 6, 4, 1], [5, 2, 6, 3]]",3,3,3,True,True,passed,,passed,False,3,1,3,,True,64.05931734310906,1.8341753203376234,0.027930775937221597,0.21088476903867864,True,True,,passed,,0.003284699996584095,103,-0.7694689762381604,-0.16430789527818648,-0.6171875,-2.931218010267865,-0.6651631373050455,True,0
3_1_torus_T_2_3,deterministic_angular_sweep,24,96,,fibonacci_104,generic_tilt,"[0.6675841948779062, -0.39227500888148314, -0.6328125]",3,3,31.848201000228453,7.962050250057112,1.5660467858401352,6,1,False,1:+1:+1|2:+1:-1|3:+1:-1|4:-1:-1|5:+1:-1|3:-1:-1|4:+1:-1|5:-1:-1|6:-1:-1|1:-1:+1|2:-1:-1|6:+1:-1,"[[1, 4, 2, 5], [3, 12, 4, 1], [5, 2, 6, 3], [6, 9, 7, 10], [7, 11, 8, 10], [8, 11, 9, 12]]",3,,,False,,not_applicable,,passed,True,3,1,3,,True,19.706949541417604,1.816304666698389,0.004355543655663041,0.20667587021721276,False,True,,passed,,0.0034546000097179785,104,0.6675841948779062,-0.39227500888148314,-0.6328125,-0.5312547805392098,-0.6851801334166482,False,3
3_1_torus_T_2_3,deterministic_angular_sweep,24,96,,fibonacci_105,generic_tilt,"[-0.2234511120541313, 0.7277351229090995, -0.6484375]",3,3,31.848201000228453,7.962050250057112,1.5660467858401352,3,1,True,1:+1:-1|2:-1:-1|3:+1:-1|1:-1:-1|2:+1:-1|3:-1:-1,"[[1, 4, 2, 5], [3, 6, 4, 1], [5, 2, 6, 3]]",3,3,3,True,True,passed,,passed,False,3,1,3,,True,63.860065908187416,1.8516760439884732,0.026398890652323814,0.2177203733905068,True,True,,passed,,0.0034188999998150393,105,-0.2234511120541313,0.7277351229090995,-0.6484375,1.8687084491894455,-0.7055301410504765,True,0
3_1_torus_T_2_3,deterministic_angular_sweep,24,96,,fibonacci_106,generic_tilt,"[-0.3209775771657898, -0.6752735675639387, -0.6640625]",3,3,31.848201000228453,7.962050250057112,1.5660467858401352,3,1,True,1:+1:-1|2:-1:-1|3:+1:-1|1:-1:-1|2:+1:-1|3:-1:-1,"[[1, 4, 2, 5], [3, 6, 4, 1], [5, 2, 6, 3]]",3,3,3,True,True,passed,,passed,False,3,1,3,,True,54.11731224120268,1.9283181128801399,0.008620356514938976,0.22460972043824765,True,True,,passed,,0.005359199989470653,106,-0.3209775771657898,-0.6752735675639387,-0.6640625,-2.014513628261486,-0.726239235110326,True,0
3_1_torus_T_2_3,deterministic_angular_sweep,24,96,,fibonacci_107,generic_tilt,"[0.6796844041131607, 0.2757789207845438, -0.6796875]",3,3,31.848201000228453,7.962050250057112,1.5660467858401352,3,1,True,1:+1:-1|2:-1:-1|3:+1:-1|1:-1:-1|2:+1:-1|3:-1:-1,"[[1, 4, 2, 5], [3, 6, 4, 1], [5, 2, 6, 3]]",3,3,3,True,True,passed,,passed,False,3,1,3,,True,25.471516704765936,1.98108788531375,0.008110774980039537,0.24355575727548665,True,True,,passed,,0.0036804999981541187,107,0.6796844041131607,0.2757789207845438,-0.6796875,0.3854496014671695,-0.7473365120313951,True,0
3_1_torus_T_2_3,deterministic_angular_sweep,24,96,,fibonacci_108,generic_tilt,"[-0.6735983936570963, 0.2506107168624866, -0.6953125]",3,3,31.848201000228453,7.962050250057112,1.5660467858401352,3,1,True,1:+1:-1|2:-1:-1|3:+1:-1|1:-1:-1|2:+1:-1|3:-1:-1,"[[1, 4, 2, 5], [3, 6, 4, 1], [5, 2, 6, 3]]",3,3,3,True,True,passed,,passed,False,3,1,3,,True,39.18874574227718,1.9824484538727503,0.014197647453087825,0.2423742078806211,True,True,,passed,,0.003432299999985844,108,-0.6735983936570963,0.2506107168624866,-0.6953125,2.7854128311958246,-0.7688546176956561,True,0
3_1_torus_T_2_3,deterministic_angular_sweep,24,96,,fibonacci_109,generic_tilt,"[0.3203661094167648, -0.6260458665552513, -0.7109375]",3,3,31.848201000228453,7.962050250057112,1.5660467858401352,3,1,True,1:+1:-1|2:-1:-1|3:+1:-1|1:-1:-1|2:+1:-1|3:-1:-1,"[[1, 4, 2, 5], [3, 6, 4, 1], [5, 2, 6, 3]]",3,3,3,True,True,passed,,passed,False,3,1,3,,True,49.93278447809556,1.9452726580416062,0.02354063673377027,0.22557253171750524,True,True,,passed,,0.0030313000024762005,109,0.3203661094167648,-0.6260458665552513,-0.7109375,-1.0978092462551063,-0.790830399170303,True,0
3_1_torus_T_2_3,deterministic_angular_sweep,24,96,,fibonacci_110,generic_tilt,"[0.18237205291710581, 0.6624555591951437, -0.7265625]",3,3,31.848201000228453,7.962050250057112,1.5660467858401352,3,1,True,1:+1:-1|2:-1:-1|3:+1:-1|1:-1:-1|2:+1:-1|3:-1:-1,"[[1, 4, 2, 5], [3, 6, 4, 1], [5, 2, 6, 3]]",3,3,3,True,True,passed,,passed,False,3,1,3,,True,70.5034516286945,1.91442346189489,0.035503382844467524,0.2289664770428528,True,True,,passed,,0.006327499999315478,110,0.18237205291710581,0.6624555591951437,-0.7265625,1.302153983473549,-0.8133057177367133,True,0
3_1_torus_T_2_3,deterministic_angular_sweep,24,96,,fibonacci_111,generic_tilt,"[-0.5676370292144644, -0.35629470653986345, -0.7421875]",3,3,31.848201000228453,7.962050250057112,1.5660467858401352,4,1,False,1:+1:-1|1:-1:-1|2:-1:-1|3:+1:-1|4:-1:-1|2:+1:-1|3:-1:-1|4:+1:-1,"[[1, 6, 2, 7], [2, 3, 3, 4], [5, 8, 6, 1], [7, 4, 8, 5]]",3,,,False,,not_applicable,,passed,True,3,1,3,,True,57.501937373620365,1.7781540805047316,0.07432258777930656,0.2021824285593782,False,True,,passed,,0.003180900006555021,111,-0.5676370292144644,-0.35629470653986345,-0.7421875,-2.5810680939773825,-0.8363284748503788,False,1
3_1_torus_T_2_3,deterministic_angular_sweep,24,96,,fibonacci_112,generic_tilt,"[0.6418013889249015, -0.11752102798145236, -0.7578125]",3,3,31.848201000228453,7.962050250057112,1.5660467858401352,3,1,True,1:+1:-1|2:-1:-1|3:+1:-1|1:-1:-1|2:+1:-1|3:-1:-1,"[[1, 4, 2, 5], [3, 6, 4, 1], [5, 2, 6, 3]]",3,3,3,True,True,passed,,passed,False,3,1,3,,True,60.028752059066676,1.9419326223578817,0.21598481876489473,0.2237646602919001,True,True,,passed,,0.003824500003247522,112,0.6418013889249015,-0.11752102798145236,-0.7578125,-0.18110486424872707,-0.8599539234144497,True,0
3_1_torus_T_2_3,deterministic_angular_sweep,24,96,,fibonacci_113,generic_tilt,"[-0.3826324162403929, 0.5053581577809827, -0.7734375]",3,3,31.848201000228453,7.962050250057112,1.5660467858401352,3,1,True,1:+1:-1|2:-1:-1|3:+1:-1|1:-1:-1|2:+1:-1|3:-1:-1,"[[1, 4, 2, 5], [3, 6, 4, 1], [5, 2, 6, 3]]",3,3,3,True,True,passed,,passed,False,3,1,3,,True,36.72846631457898,1.9846639677504199,0.006552296072804609,0.24140963300920748,True,True,,passed,,0.0032989000028464943,113,-0.3826324162403929,0.5053581577809827,-0.7734375,2.218858365479928,-0.884246367739939,True,0
3_1_torus_T_2_3,deterministic_angular_sweep,24,96,,fibonacci_114,generic_tilt,"[-0.05739581986352919, -0.6116257768897116, -0.7890625]",3,3,31.848201000228453,7.962050250057112,1.5660467858401352,3,1,True,1:+1:-1|2:-1:-1|3:+1:-1|1:-1:-1|2:+1:-1|3:-1:-1,"[[1, 4, 2, 5], [3, 6, 4, 1], [5, 2, 6, 3]]",3,3,3,True,True,passed,,passed,False,3,1,3,,True,32.83751716381345,2.0134682688805547,0.03660279338209804,0.24153048347182066,True,True,,passed,,0.003268700005719438,114,-0.05739581986352919,-0.6116257768897116,-0.7890625,-1.664363711971003,-0.9092814029496191,True,0
3_1_torus_T_2_3,deterministic_angular_sweep,24,96,,fibonacci_115,generic_tilt,"[0.4401851164113537, 0.39839062568498396, -0.8046875]",3,3,31.848201000228453,7.962050250057112,1.5660467858401352,3,1,True,1:+1:-1|2:-1:-1|3:+1:-1|1:-1:-1|2:+1:-1|3:-1:-1,"[[1, 4, 2, 5], [3, 6, 4, 1], [5, 2, 6, 3]]",3,3,3,True,True,passed,,passed,False,3,1,3,,True,33.773698889521135,2.005416100155141,0.05599258543148977,0.24796655811685353,True,True,,passed,,0.0033093999954871833,115,0.4401851164113537,0.39839062568498396,-0.8046875,0.7355995177575955,-0.9351489189391351,True,0
3_1_torus_T_2_3,deterministic_angular_sweep,24,96,,fibonacci_116,generic_tilt,"[-0.5719051579291357, 0.0034485761990220498, -0.8203125]",3,3,31.848201000228453,7.962050250057112,1.5660467858401352,3,1,True,1:+1:-1|2:-1:-1|3:+1:-1|1:-1:-1|2:+1:-1|3:-1:-1,"[[1, 4, 2, 5], [3, 6, 4, 1], [5, 2, 6, 3]]",3,3,3,True,True,passed,,passed,False,3,1,3,,True,57.78166104582455,1.9971861684679135,0.022346469265482227,0.23445156396506792,True,True,,passed,,0.0032567999878665432,116,-0.5719051579291357,0.0034485761990220498,-0.8203125,3.135562747486251,-0.9619572141787629,True,0
3_1_torus_T_2_3,deterministic_angular_sweep,24,96,,fibonacci_117,generic_tilt,"[0.40244343130852844, -0.37315918947597654, -0.8359375]",3,3,31.848201000228453,7.962050250057112,1.5660467858401352,3,1,True,1:+1:-1|2:-1:-1|3:+1:-1|1:-1:-1|2:+1:-1|3:-1:-1,"[[1, 4, 2, 5], [3, 6, 4, 1], [5, 2, 6, 3]]",3,3,3,True,True,passed,,passed,False,3,1,3,,True,67.69104999273988,1.9897312442764972,0.0843443420567489,0.22813422079308174,True,True,,passed,,0.00323950000165496,117,0.40244343130852844,-0.37315918947597654,-0.8359375,-0.7476593299646804,-0.9898387655024116,True,0
3_1_torus_T_2_3,deterministic_angular_sweep,24,96,,fibonacci_118,generic_tilt,"[-0.04268329984137269, 0.5225126261712739, -0.8515625]",3,3,31.848201000228453,7.962050250057112,1.5660467858401352,3,1,True,1:+1:-1|2:-1:-1|3:+1:-1|1:-1:-1|2:+1:-1|3:-1:-1,"[[1, 4, 2, 5], [3, 6, 4, 1], [5, 2, 6, 3]]",3,3,3,True,True,passed,,passed,False,3,1,3,,True,67.28245221037862,1.9962760986780959,0.03551668130938879,0.24607207761617472,True,True,,passed,,0.0034474999993108213,118,-0.04268329984137269,0.5225126261712739,-0.8515625,1.6523038997639747,-1.01895854909946,True,0
3_1_torus_T_2_3,deterministic_angular_sweep,24,96,,fibonacci_119,generic_tilt,"[-0.30536894714883794, -0.3933645204653824, -0.8671875]",3,3,31.848201000228453,7.962050250057112,1.5660467858401352,3,1,True,1:+1:-1|2:-1:-1|3:+1:-1|1:-1:-1|2:+1:-1|3:-1:-1,"[[1, 4, 2, 5], [3, 6, 4, 1], [5, 2, 6, 3]]",3,3,3,True,True,passed,,passed,False,3,1,3,,True,56.56103631602013,1.997975519013074,0.029965545076493072,0.23123192814942098,True,True,,passed,,0.0031254999921657145,119,-0.30536894714883794,-0.3933645204653824,-0.8671875,-2.230918177686956,-1.0495264428241564,True,0
3_1_torus_T_2_3,deterministic_angular_sweep,24,96,,fibonacci_120,generic_tilt,"[0.463030022024531, 0.07902713804581546, -0.8828125]",3,3,31.848201000228453,7.962050250057112,1.5660467858401352,3,1,True,1:+1:-1|2:-1:-1|3:+1:-1|1:-1:-1|2:+1:-1|3:-1:-1,"[[1, 4, 2, 5], [3, 6, 4, 1], [5, 2, 6, 3]]",3,3,3,True,True,passed,,passed,False,3,1,3,,True,43.110923459286234,2.0032548603313796,0.04670991840171723,0.23941971526699157,True,True,,passed,,0.0036697000032290816,120,0.463030022024531,0.07902713804581546,-0.8828125,0.1690450520416989,-1.0818164589075494,True,0
3_1_torus_T_2_3,deterministic_angular_sweep,24,96,,fibonacci_121,generic_tilt,"[-0.36906630614513736, 0.2379077978169983, -0.8984375]",3,3,31.848201000228453,7.962050250057112,1.5660467858401352,3,1,True,1:+1:-1|2:-1:-1|3:+1:-1|1:-1:-1|2:+1:-1|3:-1:-1,"[[1, 4, 2, 5], [3, 6, 4, 1], [5, 2, 6, 3]]",3,3,3,True,True,passed,,passed,False,3,1,3,,True,42.51920717554766,2.012092802147726,0.10515185389924397,0.24485105793055797,True,True,,passed,,0.0032436000037705526,121,-0.36906630614513736,0.2379077978169983,-0.8984375,2.5690082817703543,-1.1161980547786983,True,0
3_1_torus_T_2_3,deterministic_angular_sweep,24,96,,fibonacci_122,generic_tilt,"[0.10292496594567635, -0.39229605845436605, -0.9140625]",3,3,31.848201000228453,7.962050250057112,1.5660467858401352,3,1,True,1:+1:-1|2:-1:-1|3:+1:-1|1:-1:-1|2:+1:-1|3:-1:-1,"[[1, 4, 2, 5], [3, 6, 4, 1], [5, 2, 6, 3]]",3,3,3,True,True,passed,,passed,False,3,1,3,,True,42.59106022135798,2.007431026792422,0.04486471011242088,0.23823156506155013,True,True,,passed,,0.0030295000033220276,122,0.10292496594567635,-0.39229605845436605,-0.9140625,-1.314213795680577,-1.1531903234869172,True,0
3_1_torus_T_2_3,deterministic_angular_sweep,24,96,,fibonacci_123,generic_tilt,"[0.17174276910793232, 0.32586127969258555, -0.9296875]",3,3,31.848201000228453,7.962050250057112,1.5660467858401352,3,1,True,1:+1:-1|2:-1:-1|3:+1:-1|1:-1:-1|2:+1:-1|3:-1:-1,"[[1, 4, 2, 5], [3, 6, 4, 1], [5, 2, 6, 3]]",3,3,3,True,True,passed,,passed,False,3,1,3,,True,54.08188934263261,1.9928414741078464,0.18622778183913624,0.24502525444936737,True,True,,passed,,0.003870199987431988,123,0.17174276910793232,0.32586127969258555,-0.9296875,1.0857494340480782,-1.1935635544440883,True,0
3_1_torus_T_2_3,deterministic_angular_sweep,24,96,,fibonacci_124,generic_tilt,"[-0.30704379302740903, -0.11003811388374307, -0.9453125]",3,3,31.848201000228453,7.962050250057112,1.5660467858401352,3,1,True,1:+1:-1|2:-1:-1|3:+1:-1|1:-1:-1|2:+1:-1|3:-1:-1,"[[1, 4, 2, 5], [3, 6, 4, 1], [5, 2, 6, 3]]",3,3,3,True,True,passed,,passed,False,3,1,3,,True,53.65975139843373,1.9934438449682852,0.06852905282034083,0.23512623175819278,True,True,,passed,,0.003364300006069243,124,-0.30704379302740903,-0.11003811388374307,-0.9453125,-2.797472643402853,-1.2385513773728343,True,0
3_1_torus_T_2_3,deterministic_angular_sweep,24,96,,fibonacci_125,generic_tilt,"[0.2551855101430896, -0.10714231893496197, -0.9609375]",3,3,31.848201000228453,7.962050250057112,1.5660467858401352,3,1,True,1:+1:-1|2:-1:-1|3:+1:-1|1:-1:-1|2:+1:-1|3:-1:-1,"[[1, 4, 2, 5], [3, 6, 4, 1], [5, 2, 6, 3]]",3,3,3,True,True,passed,,passed,False,3,1,3,,True,63.67813789959812,1.9934603075181219,0.06980144534702504,0.23660505603562249,True,True,,passed,,0.00411440001334995,125,0.2551855101430896,-0.10714231893496197,-0.9609375,-0.3975094136741977,-1.2903698801933186,True,0
3_1_torus_T_2_3,deterministic_angular_sweep,24,96,,fibonacci_126,generic_tilt,"[-0.0900489272346135, 0.1954913662995, -0.9765625]",3,3,31.848201000228453,7.962050250057112,1.5660467858401352,3,1,True,1:+1:-1|2:-1:-1|3:+1:-1|1:-1:-1|2:+1:-1|3:-1:-1,"[[1, 4, 2, 5], [3, 6, 4, 1], [5, 2, 6, 3]]",3,3,3,True,True,passed,,passed,False,3,1,3,,True,63.74821248475804,1.9967905756931907,0.05021603037994282,0.24614055110928415,True,True,,passed,,0.0034454999986337498,126,-0.0900489272346135,0.1954913662995,-0.9765625,2.0024538160544574,-1.3538648662553876,True,0
3_1_torus_T_2_3,deterministic_angular_sweep,24,96,,fibonacci_127,generic_tilt,"[-0.03805444503928024, -0.1188100334841397, -0.9921875]",3,3,31.848201000228453,7.962050250057112,1.5660467858401352,3,1,True,1:+1:-1|2:-1:-1|3:+1:-1|1:-1:-1|2:+1:-1|3:-1:-1,"[[1, 4, 2, 5], [3, 6, 4, 1], [5, 2, 6, 3]]",3,3,3,True,True,passed,,passed,False,3,1,3,,True,63.130793565369736,1.991982657726698,0.006141230032440603,0.24273114823623657,True,True,,passed,,0.004441400000359863,127,-0.03805444503928024,-0.1188100334841397,-0.9921875,-1.8807682613964736,-1.4457148032019138,True,0
5_1_torus_T_2_5,deterministic_angular_sweep,32,96,,fibonacci_000,generic_tilt,"[0.04520830426184802, 0.11627628334926333, 0.9921875]",5,5,40.676548542594446,14.557178462343233,1.1341477379228062,5,1,True,1:+1:-1|2:-1:-1|3:+1:-1|4:-1:-1|5:+1:-1|1:-1:-1|2:+1:-1|3:-1:-1|4:+1:-1|5:-1:-1,"[[2, 7, 3, 8], [4, 9, 5, 10], [6, 1, 7, 2], [8, 3, 9, 4], [10, 5, 1, 6]]",5,5,5,True,True,passed,,passed,False,5,1,5,,True,66.42353873196252,1.9675446480742318,0.04097083588271744,0.2345991426207511,True,True,,passed,,0.004846600000746548,0,0.04520830426184802,0.11627628334926333,0.9921875,1.1999816148643265,1.4457148032019138,True,0
5_1_torus_T_2_5,deterministic_angular_sweep,32,96,,fibonacci_001,generic_tilt,"[-0.19301817240042246, -0.09523480832631934, 0.9765625]",5,5,40.676548542594446,14.557178462343233,1.1341477379228062,5,1,True,1:+1:-1|2:-1:-1|3:+1:-1|4:-1:-1|5:+1:-1|1:-1:-1|2:+1:-1|3:-1:-1|4:+1:-1|5:-1:-1,"[[2, 7, 3, 8], [4, 9, 5, 10], [6, 1, 7, 2], [8, 3, 9, 4], [10, 5, 1, 6]]",5,5,5,True,True,passed,,passed,False,5,1,5,,True,60.90705949656929,1.9181254838640136,0.03575789807706542,0.2246690918498368,True,True,,passed,,0.004399199999170378,1,-0.19301817240042246,-0.09523480832631934,0.9765625,-2.683240462586607,1.3538648662553876,True,0
5_1_torus_T_2_5,deterministic_angular_sweep,32,96,,fibonacci_002,generic_tilt,"[0.26573486325149126, -0.07735698770286513, 0.9609375]",5,5,40.676548542594446,14.557178462343233,1.1341477379228062,5,1,True,1:+1:-1|2:-1:-1|3:+1:-1|4:-1:-1|5:+1:-1|1:-1:-1|2:+1:-1|3:-1:-1|4:+1:-1|5:-1:-1,"[[2, 7, 3, 8], [4, 9, 5, 10], [6, 1, 7, 2], [8, 3, 9, 4], [10, 5, 1, 6]]",5,5,5,True,True,passed,,passed,False,5,1,5,,True,61.9155328463896,1.883895010896728,0.07644679840696256,0.2196527259878374,True,True,,passed,,0.005077499998151325,2,0.26573486325149126,-0.07735698770286513,0.9609375,-0.28327723285795364,1.2903698801933186,True,0
5_1_torus_T_2_5,deterministic_angular_sweep,32,96,,fibonacci_003,generic_tilt,"[-0.1693384430614624, 0.2787629262388918, 0.9453125]",5,5,40.676548542594446,14.557178462343233,1.1341477379228062,5,1,True,1:+1:-1|2:-1:-1|3:+1:-1|4:-1:-1|5:+1:-1|1:-1:-1|2:+1:-1|3:-1:-1|4:+1:-1|5:-1:-1,"[[2, 7, 3, 8], [4, 9, 5, 10], [6, 1, 7, 2], [8, 3, 9, 4], [10, 5, 1, 6]]",5,5,5,True,True,passed,,passed,False,5,1,5,,True,59.868675434065636,1.833999376873439,0.034491362673760406,0.21663543131674906,True,True,,passed,,0.0045959999988554046,3,-0.1693384430614624,0.2787629262388918,0.9453125,2.1166859968706997,1.2385513773728343,True,0
5_1_torus_T_2_5,deterministic_angular_sweep,32,96,,fibonacci_004,generic_tilt,"[-0.07164105709419773, -0.36131525193683134, 0.9296875]",5,5,40.676548542594446,14.557178462343233,1.1341477379228062,5,1,True,1:+1:-1|2:-1:-1|3:+1:-1|4:-1:-1|5:+1:-1|1:-1:-1|2:+1:-1|3:-1:-1|4:+1:-1|5:-1:-1,"[[2, 7, 3, 8], [4, 9, 5, 10], [6, 1, 7, 2], [8, 3, 9, 4], [10, 5, 1, 6]]",5,5,5,True,True,passed,,passed,False,5,1,5,,True,60.69976478877099,1.79190958910306,0.05752654207918795,0.20707721430227566,True,True,,passed,,0.005215600001974963,4,-0.07164105709419773,-0.36131525193683134,0.9296875,-1.7665360805802348,1.1935635544440883,True,0
5_1_torus_T_2_5,deterministic_angular_sweep,32,96,,fibonacci_005,generic_tilt,"[0.3268936164612606, 0.24006313671746496, 0.9140625]",5,5,40.676548542594446,14.557178462343233,1.1341477379228062,5,1,True,1:+1:-1|2:-1:-1|3:+1:-1|4:-1:-1|5:+1:-1|1:-1:-1|2:+1:-1|3:-1:-1|4:+1:-1|5:-1:-1,"[[2, 7, 3, 8], [4, 9, 5, 10], [6, 1, 7, 2], [8, 3, 9, 4], [10, 5, 1, 6]]",5,5,5,True,True,passed,,passed,False,5,1,5,,True,57.24515529561766,1.7597804169658158,0.042448597623319984,0.2053337329352017,True,True,,passed,,0.004415600007632747,5,0.3268936164612606,0.24006313671746496,0.9140625,0.6334271491484186,1.1531903234869172,True,0
5_1_torus_T_2_5,deterministic_angular_sweep,32,96,,fibonacci_006,generic_tilt,"[-0.43653348768112554, 0.047419117734334, 0.8984375]",5,5,40.676548542594446,14.557178462343233,1.1341477379228062,5,1,True,1:+1:-1|2:-1:-1|3:+1:-1|4:-1:-1|5:+1:-1|1:-1:-1|2:+1:-1|3:-1:-1|4:+1:-1|5:-1:-1,"[[2, 7, 3, 8], [4, 9, 5, 10], [6, 1, 7, 2], [8, 3, 9, 4], [10, 5, 1, 6]]",5,5,5,True,True,passed,,passed,False,5,1,5,,True,57.520571930139596,1.735933932432247,0.0031852618095484786,0.1993871016152284,True,True,,passed,,0.0047448999976040795,6,-0.43653348768112554,0.047419117734334,0.8984375,3.033390378877072,1.1161980547786983,True,0
5_1_torus_T_2_5,deterministic_angular_sweep,32,96,,fibonacci_007,generic_tilt,"[0.31007033289177977, -0.3528434192444729, 0.8828125]",5,5,40.676548542594446,14.557178462343233,1.1341477379228062,5,1,True,1:+1:-1|2:-1:-1|3:+1:-1|4:-1:-1|5:+1:-1|1:-1:-1|2:+1:-1|3:-1:-1|4:+1:-1|5:-1:-1,"[[2, 7, 3, 8], [4, 9, 5, 10], [6, 1, 7, 2], [8, 3, 9, 4], [10, 5, 1, 6]]",5,5,5,True,True,passed,,passed,False,5,1,5,,True,57.01193144667677,1.7246971115292546,0.05003488500422293,0.1960760350850964,True,True,,passed,,0.004591899996739812,7,0.31007033289177977,-0.3528434192444729,0.8828125,-0.8498316985738625,1.0818164589075494,True,0
5_1_torus_T_2_5,deterministic_angular_sweep,32,96,,fibonacci_008,generic_tilt,"[0.010289959042320171, 0.49787544284354635, 0.8671875]",5,5,40.676548542594446,14.557178462343233,1.1341477379228062,5,1,True,1:+1:-1|2:-1:-1|3:+1:-1|4:-1:-1|5:+1:-1|1:-1:-1|2:+1:-1|3:-1:-1|4:+1:-1|5:-1:-1,"[[2, 7, 3, 8], [4, 9, 5, 10], [6, 1, 7, 2], [8, 3, 9, 4], [10, 5, 1, 6]]",5,5,5,True,True,passed,,passed,False,5,1,5,,True,57.333991517238445,1.7129122066327165,0.023179310293647504,0.2017959760367649,True,True,,passed,,0.0047587000008206815,8,0.010289959042320171,0.49787544284354635,0.8671875,1.5501315311547927,1.0495264428241564,True,0
5_1_torus_T_2_5,deterministic_angular_sweep,32,96,,fibonacci_009,generic_tilt,"[-0.3620400469186131, -0.3791679219302689, 0.8515625]",5,5,40.676548542594446,14.557178462343233,1.1341477379228062,6,1,False,1:+1:-1|1:-1:-1|2:-1:-1|3:+1:-1|4:-1:-1|5:+1:-1|6:-1:-1|2:+1:-1|3:-1:-1|4:+1:-1|5:-1:-1|6:+1:-1,"[[2, 7, 3, 8], [4, 9, 5, 10], [6, 1, 7, 2], [8, 3, 9, 4], [11, 10, 12, 11], [12, 5, 1, 6]]",5,,,False,,not_applicable,,passed,True,5,1,5,,True,17.436242400385314,0.632098785288906,0.044624617711562564,0.071737197462407,False,True,,passed,,0.00428700000338722,9,-0.3620400469186131,-0.3791679219302689,0.8515625,-2.333090546296142,1.01895854909946,False,1
5_1_torus_T_2_5,deterministic_angular_sweep,32,96,,fibonacci_010,generic_tilt,"[0.5475979471417062, 0.03667402868433168, 0.8359375]",5,5,40.676548542594446,14.557178462343233,1.1341477379228062,6,1,False,1:+1:-1|1:-1:-1|2:-1:-1|3:+1:-1|4:-1:-1|5:+1:-1|6:-1:-1|2:+1:-1|3:-1:-1|4:+1:-1|5:-1:-1|6:+1:-1,"[[3, 2, 4, 3], [4, 9, 5, 10], [6, 11, 7, 12], [8, 1, 9, 2], [10, 5, 11, 6], [12, 7, 1, 8]]",5,,,False,,not_applicable,,passed,True,5,1,5,,True,40.20198978197683,1.3345727702815011,0.016343995152624302,0.15243002350350487,False,True,,passed,,0.004734300004201941,10,0.5475979471417062,0.03667402868433168,0.8359375,0.06687268343250966,0.9898387655024116,False,1
5_1_torus_T_2_5,deterministic_angular_sweep,32,96,,fibonacci_011,generic_tilt,"[-0.44658537440975293, 0.35727987027966013, 0.8203125]",5,5,40.676548542594446,14.557178462343233,1.1341477379228062,6,1,False,1:+1:-1|1:-1:-1|2:-1:-1|3:+1:-1|4:-1:-1|5:+1:-1|6:-1:-1|2:+1:-1|3:-1:-1|4:+1:-1|5:-1:-1|6:+1:-1,"[[2, 9, 3, 10], [5, 4, 6, 5], [6, 11, 7, 12], [8, 1, 9, 2], [10, 3, 11, 4], [12, 7, 1, 8]]",5,,,False,,not_applicable,,passed,True,5,1,5,,True,51.953014257707466,1.5174966448209282,0.03327083916448714,0.17665562155896503,False,True,,passed,,0.0055225999967660755,11,-0.44658537440975293,0.35727987027966013,0.8203125,2.466835913161165,0.9619572141787629,False,1
5_1_torus_T_2_5,deterministic_angular_sweep,32,96,,fibonacci_012,generic_tilt,"[0.09130924535013347, -0.5866350220173862, 0.8046875]",5,5,40.676548542594446,14.557178462343233,1.1341477379228062,6,1,False,1:+1:-1|1:-1:-1|2:-1:-1|3:+1:-1|4:-1:-1|5:+1:-1|6:-1:-1|2:+1:-1|3:-1:-1|4:+1:-1|5:-1:-1|6:+1:-1,"[[2, 9, 3, 10], [4, 11, 5, 12], [7, 6, 8, 7], [8, 1, 9, 2], [10, 3, 11, 4], [12, 5, 1, 6]]",5,,,False,,not_applicable,,passed,True,5,1,5,,True,59.90603305022428,1.4719507475816944,0.10299341775677107,0.1692932680092029,False,True,,passed,,0.004871799988904968,12,0.09130924535013347,-0.5866350220173862,0.8046875,-1.4163861642897697,0.9351489189391351,False,1
5_1_torus_T_2_5,deterministic_angular_sweep,32,96,,fibonacci_013,generic_tilt,"[0.34035899916601264, 0.5114060253658147, 0.7890625]",5,5,40.676548542594446,14.557178462343233,1.1341477379228062,6,1,False,1:+1:-1|1:-1:-1|2:-1:-1|3:+1:-1|4:-1:-1|5:+1:-1|6:-1:-1|2:+1:-1|3:-1:-1|4:+1:-1|5:-1:-1|6:+1:-1,"[[2, 7, 3, 8], [4, 11, 5, 12], [6, 1, 7, 2], [9, 8, 10, 9], [10, 3, 11, 4], [12, 5, 1, 6]]",5,,,False,,not_applicable,,passed,True,5,1,5,,True,64.78755904554907,1.4358470703542858,0.06045977943647074,0.16777150732141694,False,True,,passed,,0.005393500003265217,13,0.34035899916601264,0.5114060253658147,0.7890625,0.9835770654388855,0.9092814029496191,False,1
5_1_torus_T_2_5,deterministic_angular_sweep,32,96,,fibonacci_014,generic_tilt,"[-0.6154098724502013, -0.1518720595915421, 0.7734375]",5,5,40.676548542594446,14.557178462343233,1.1341477379228062,6,1,False,1:+1:-1|1:-1:-1|2:-1:-1|3:+1:-1|4:-1:-1|5:+1:-1|6:-1:-1|2:+1:-1|3:-1:-1|4:+1:-1|5:-1:-1|6:+1:-1,"[[2, 7, 3, 8], [4, 9, 5, 10], [6, 1, 7, 2], [8, 3, 9, 4], [11, 10, 12, 11], [12, 5, 1, 6]]",5,,,False,,not_applicable,,passed,True,5,1,5,,True,61.761439109738646,1.4116722335972076,0.027870543239870926,0.16277023684520336,False,True,,passed,,0.005328200000803918,14,-0.6154098724502013,-0.1518720595915421,0.7734375,-2.8996450120120527,0.884246367739939,False,1
5_1_torus_T_2_5,deterministic_angular_sweep,32,96,,fibonacci_015,generic_tilt,"[0.57269790160831, -0.31262969842481114, 0.7578125]",5,5,40.676548542594446,14.557178462343233,1.1341477379228062,6,1,False,1:+1:-1|1:-1:-1|2:-1:-1|3:+1:-1|4:-1:-1|5:+1:-1|6:-1:-1|2:+1:-1|3:-1:-1|4:+1:-1|5:-1:-1|6:+1:-1,"[[3, 2, 4, 3], [4, 9, 5, 10], [6, 11, 7, 12], [8, 1, 9, 2], [10, 5, 11, 6], [12, 7, 1, 8]]",5,,,False,,not_applicable,,passed,True,5,1,5,,True,62.88551611919201,1.399575386594078,0.02522099527279309,0.160234580616071,False,True,,passed,,0.004748699997435324,15,0.57269790160831,-0.31262969842481114,0.7578125,-0.4996817822833976,0.8599539234144497,False,1
5_1_torus_T_2_5,deterministic_angular_sweep,32,96,,fibonacci_016,generic_tilt,"[-0.21684466362347019, 0.6341420240780247, 0.7421875]",5,5,40.676548542594446,14.557178462343233,1.1341477379228062,6,1,False,1:+1:-1|1:-1:-1|2:-1:-1|3:+1:-1|4:-1:-1|5:+1:-1|6:-1:-1|2:+1:-1|3:-1:-1|4:+1:-1|5:-1:-1|6:+1:-1,"[[2, 9, 3, 10], [5, 4, 6, 5], [6, 11, 7, 12], [8, 1, 9, 2], [10, 3, 11, 4], [12, 7, 1, 8]]",5,,,False,,not_applicable,,passed,True,5,1,5,,True,44.94924184166339,1.3996791915291138,0.03599874483765575,0.16128435626257862,False,True,,passed,,0.005071400009910576,16,-0.21684466362347019,0.6341420240780247,0.7421875,1.9002814474452576,0.8363284748503788,False,1
5_1_torus_T_2_5,deterministic_angular_sweep,32,96,,fibonacci_017,generic_tilt,"[-0.2752352318227771, -0.6295653268384562, 0.7265625]",5,5,40.676548542594446,14.557178462343233,1.1341477379228062,6,1,False,1:+1:-1|1:-1:-1|2:-1:-1|3:+1:-1|4:-1:-1|5:+1:-1|6:-1:-1|2:+1:-1|3:-1:-1|4:+1:-1|5:-1:-1|6:+1:-1,"[[2, 9, 3, 10], [4, 11, 5, 12], [7, 6, 8, 7], [8, 1, 9, 2], [10, 3, 11, 4], [12, 5, 1, 6]]",5,,,False,,not_applicable,,passed,True,5,1,5,,True,42.37405319594225,1.4121105243722119,0.0566358426189808,0.16011339768351288,False,True,,passed,,0.005187199989450164,17,-0.2752352318227771,-0.6295653268384562,0.7265625,-1.9829406300056736,0.8133057177367133,False,1
5_1_torus_T_2_5,deterministic_angular_sweep,32,96,,fibonacci_018,generic_tilt,"[0.6429854927306633, 0.28484649766436687, 0.7109375]",5,5,40.676548542594446,14.557178462343233,1.1341477379228062,6,1,False,1:+1:-1|1:-1:-1|2:-1:-1|3:+1:-1|4:-1:-1|5:+1:-1|6:-1:-1|2:+1:-1|3:-1:-1|4:+1:-1|5:-1:-1|6:+1:-1,"[[2, 7, 3, 8], [4, 11, 5, 12], [6, 1, 7, 2], [9, 8, 10, 9], [10, 3, 11, 4], [12, 5, 1, 6]]",5,,,False,,not_applicable,,passed,True,5,1,5,,True,32.83720750246223,1.3445507380583606,0.03923391886062966,0.15412622535347487,False,True,,passed,,0.00557600001047831,18,0.6429854927306633,0.28484649766436687,0.7109375,0.4170225997229746,0.790830399170303,False,1
5_1_torus_T_2_5,deterministic_angular_sweep,32,96,,fibonacci_019,generic_tilt,"[-0.681173899031332, 0.22922182841562616, 0.6953125]",5,5,40.676548542594446,14.557178462343233,1.1341477379228062,5,1,True,1:+1:-1|2:-1:-1|3:+1:-1|4:-1:-1|5:+1:-1|1:-1:-1|2:+1:-1|3:-1:-1|4:+1:-1|5:-1:-1,"[[2, 7, 3, 8], [4, 9, 5, 10], [6, 1, 7, 2], [8, 3, 9, 4], [10, 5, 1, 6]]",5,5,5,True,True,passed,,passed,False,5,1,5,,True,42.208897751871824,1.45632638401045,0.05216919109557239,0.16612032167609328,True,True,,passed,,0.005762100001447834,19,-0.681173899031332,0.22922182841562616,0.6953125,2.81698582945163,0.7688546176956561,True,0
5_1_torus_T_2_5,deterministic_angular_sweep,32,96,,fibonacci_020,generic_tilt,"[0.3545911939487095, -0.6420981136226602, 0.6796875]",5,5,40.676548542594446,14.557178462343233,1.1341477379228062,6,1,False,1:+1:-1|1:-1:-1|2:-1:-1|3:+1:-1|4:-1:-1|5:+1:-1|6:-1:-1|2:+1:-1|3:-1:-1|4:+1:-1|5:-1:-1|6:+1:-1,"[[2, 9, 3, 10], [4, 11, 5, 12], [7, 6, 8, 7], [8, 1, 9, 2], [10, 3, 11, 4], [12, 5, 1, 6]]",5,,,False,,not_applicable,,passed,True,5,1,5,,True,43.262436744023745,1.4026190930705527,0.037007658763400286,0.1589921417548552,False,True,,passed,,0.008167299994966015,20,0.3545911939487095,-0.6420981136226602,0.6796875,-1.0662362479993013,0.7473365120313951,False,1
5_1_torus_T_2_5,deterministic_angular_sweep,32,96,,fibonacci_021,generic_tilt,"[0.1755956625803579, 0.7267648583804222, 0.6640625]",5,5,40.676548542594446,14.557178462343233,1.1341477379228062,6,1,False,1:+1:-1|1:-1:-1|2:-1:-1|3:+1:-1|4:-1:-1|5:+1:-1|6:-1:-1|2:+1:-1|3:-1:-1|4:+1:-1|5:-1:-1|6:+1:-1,"[[2, 7, 3, 8], [4, 11, 5, 12], [6, 1, 7, 2], [9, 8, 10, 9], [10, 3, 11, 4], [12, 5, 1, 6]]",5,,,False,,not_applicable,,passed,True,5,1,5,,True,46.181047887241284,1.3484699365756185,0.06993582751542249,0.15407772287834823,False,True,,passed,,0.005126200005179271,21,0.1755956625803579,0.7267648583804222,0.6640625,1.333726981729347,0.726239235110326,False,1
5_1_torus_T_2_5,deterministic_angular_sweep,32,96,,fibonacci_022,generic_tilt,"[-0.6316786718677623, -0.4248657012529135, 0.6484375]",5,5,40.676548542594446,14.557178462343233,1.1341477379228062,6,1,False,1:+1:-1|1:-1:-1|2:-1:-1|3:+1:-1|4:-1:-1|5:+1:-1|6:-1:-1|2:+1:-1|3:-1:-1|4:+1:-1|5:-1:-1|6:+1:-1,"[[2, 7, 3, 8], [4, 9, 5, 10], [6, 1, 7, 2], [8, 3, 9, 4], [11, 10, 12, 11], [12, 5, 1, 6]]",5,,,False,,not_applicable,,passed,True,5,1,5,,True,64.75858629428784,1.3007841303065129,0.0021422788939133852,0.14875109742042297,False,True,,passed,,0.006510599996545352,22,-0.6316786718677623,-0.4248657012529135,0.6484375,-2.5494950957215843,0.7055301410504765,False,1
5_1_torus_T_2_5,deterministic_angular_sweep,32,96,,fibonacci_023,generic_tilt,"[0.7656645419256503, -0.1153522825154929, 0.6328125]",5,5,40.676548542594446,14.557178462343233,1.1341477379228062,6,1,False,1:+1:-1|1:-1:-1|2:-1:-1|3:+1:-1|4:-1:-1|5:+1:-1|6:-1:-1|2:+1:-1|3:-1:-1|4:+1:-1|5:-1:-1|6:+1:-1,"[[3, 2, 4, 3], [4, 9, 5, 10], [6, 11, 7, 12], [8, 1, 9, 2], [10, 5, 11, 6], [12, 7, 1, 8]]",5,,,False,,not_applicable,,passed,True,5,1,5,,True,49.657364234542435,1.264918524164915,0.022498288660358412,0.1454714622653351,False,True,,passed,,0.005191400006879121,23,0.7656645419256503,-0.1153522825154929,0.6328125,-0.14953186599292898,0.6851801334166482,False,1
5_1_torus_T_2_5,deterministic_angular_sweep,32,96,,fibonacci_024,generic_tilt,"[-0.4945211609046466, 0.6119872639698237, 0.6171875]",5,5,40.676548542594446,14.557178462343233,1.1341477379228062,6,1,False,1:+1:-1|1:-1:-1|2:-1:-1|3:+1:-1|4:-1:-1|5:+1:-1|6:-1:-1|2:+1:-1|3:-1:-1|4:+1:-1|5:-1:-1|6:+1:-1,"[[2, 9, 3, 10], [5, 4, 6, 5], [6, 11, 7, 12], [8, 1, 9, 2], [10, 3, 11, 4], [12, 7, 1, 8]]",5,,,False,,not_applicable,,passed,True,5,1,5,,True,38.70864368523724,1.2415352144666678,0.03863999091224457,0.1430554014949158,False,True,,passed,,0.005761599997640587,24,-0.4945211609046466,0.6119872639698237,0.6171875,2.250431363735719,0.6651631373050455,False,1
5_1_torus_T_2_5,deterministic_angular_sweep,32,96,,fibonacci_025,generic_tilt,"[-0.0494909961299971, -0.7972911638139548, 0.6015625]",5,5,40.676548542594446,14.557178462343233,1.1341477379228062,6,1,False,1:+1:-1|1:-1:-1|2:-1:-1|3:+1:-1|4:-1:-1|5:+1:-1|6:-1:-1|2:+1:-1|3:-1:-1|4:+1:-1|5:-1:-1|6:+1:-1,"[[2, 9, 3, 10], [4, 11, 5, 12], [7, 6, 8, 7], [8, 1, 9, 2], [10, 3, 11, 4], [12, 5, 1, 6]]",5,,,False,,not_applicable,,passed,True,5,1,5,,True,40.95678950131761,1.2311470399560513,0.09191795714468753,0.14408081710002182,False,True,,passed,,0.005411799997091293,25,-0.0494909961299971,-0.7972911638139548,0.6015625,-1.632790713715212,0.6454556676499499,False,1
5_1_torus_T_2_5,deterministic_angular_sweep,32,96,,fibonacci_026,generic_tilt,"[0.5833561011650399, 0.562470359509969, 0.5859375]",5,5,40.676548542594446,14.557178462343233,1.1341477379228062,7,1,False,1:+1:-1|1:-1:-1|2:-1:-1|3:+1:-1|4:-1:-1|5:+1:-1|6:-1:-1|2:+1:-1|3:-1:-1|7:-1:-1|7:+1:-1|4:+1:-1|5:-1:-1|6:+1:-1,"[[2, 9, 3, 10], [4, 13, 5, 14], [5, 6, 6, 7], [8, 1, 9, 2], [11, 10, 12, 11], [12, 3, 13, 4], [14, 7, 1, 8]]",5,,,False,,not_applicable,,passed,True,5,1,5,,True,18.861454666510085,1.234237691375053,0.018789258276378007,0.14083601952162855,False,True,,passed,,0.005148700001882389,26,0.5833561011650399,0.562470359509969,0.5859375,0.7671725160134433,0.6260364731366106,False,2
5_1_torus_T_2_5,deterministic_angular_sweep,32,96,,fibonacci_027,generic_tilt,"[-0.8211598576906528, -0.0209795248091276, 0.5703125]",5,5,40.676548542594446,14.557178462343233,1.1341477379228062,7,1,False,1:+1:-1|1:-1:-1|2:-1:-1|3:+1:-1|4:-1:-1|5:+1:-1|6:-1:-1|2:+1:-1|3:-1:-1|7:-1:-1|7:+1:-1|4:+1:-1|5:-1:-1|6:+1:-1,"[[2, 9, 3, 10], [4, 11, 5, 12], [6, 1, 7, 2], [7, 8, 8, 9], [10, 3, 11, 4], [13, 12, 14, 13], [14, 5, 1, 6]]",5,,,False,,not_applicable,,passed,True,5,1,5,,True,37.24595307995332,1.2536974522182915,0.06517343176589208,0.14352583176172135,False,True,,passed,,0.005965100004686974,27,-0.8211598576906528,-0.0209795248091276,0.5703125,-3.116049561437488,0.6068862401263823,False,2
5_1_torus_T_2_5,deterministic_angular_sweep,32,96,,fibonacci_028,generic_tilt,"[0.627688966897851, -0.5461944142688192, 0.5546875]",5,5,40.676548542594446,14.557178462343233,1.1341477379228062,7,1,False,1:+1:-1|1:-1:-1|2:-1:-1|3:-1:-1|4:+1:-1|5:+1:-1|6:-1:-1|2:+1:-1|7:-1:-1|4:-1:-1|3:+1:-1|7:+1:-1|5:-1:-1|6:+1:-1,"[[3, 2, 4, 3], [4, 9, 5, 10], [5, 12, 6, 13], [8, 1, 9, 2], [10, 13, 11, 14], [11, 6, 12, 7], [14, 7, 1, 8]]",5,,,False,,not_applicable,,passed,True,6,1,5,,False,32.24165457575296,1.2903776834481993,0.018580860625888818,0.14823450776641295,False,True,,passed,,0.006368199989083223,28,0.627688966897851,-0.5461944142688192,0.5546875,-0.7160863317088326,0.5879873446614887,False,2
5_1_torus_T_2_5,deterministic_angular_sweep,32,96,,fibonacci_029,generic_tilt,"[-0.09504103968348107, 0.8368863852815583, 0.5390625]",5,5,40.676548542594446,14.557178462343233,1.1341477379228062,7,1,False,1:+1:-1|1:-1:-1|2:-1:-1|3:-1:-1|4:+1:-1|5:+1:-1|6:-1:-1|2:+1:-1|7:-1:-1|4:-1:-1|3:+1:-1|7:+1:-1|5:-1:-1|6:+1:-1,"[[3, 10, 4, 11], [6, 5, 7, 6], [7, 12, 8, 13], [8, 1, 9, 2], [11, 4, 12, 5], [13, 2, 14, 3], [14, 9, 1, 10]]",5,,,False,,not_applicable,,passed,True,6,1,5,,False,28.075878252427366,1.269445389518658,0.022011713605273542,0.14490534873091335,False,True,,passed,,0.005942599993431941,29,-0.09504103968348107,0.8368863852815583,0.5390625,1.6838768980198084,0.5693236433207793,False,2
5_1_torus_T_2_5,deterministic_angular_sweep,32,96,,fibonacci_030,generic_tilt,"[-0.5009894513222465, -0.6892189443548286, 0.5234375]",5,5,40.676548542594446,14.557178462343233,1.1341477379228062,8,1,False,1:+1:+1|2:+1:-1|3:+1:-1|4:-1:-1|5:-1:-1|1:-1:+1|6:-1:-1|7:+1:-1|2:-1:-1|8:+1:-1|4:+1:-1|3:-1:-1|8:-1:-1|5:+1:-1|7:-1:-1|6:+1:-1,"[[2, 5, 3, 6], [3, 12, 4, 13], [6, 13, 7, 14], [8, 15, 9, 16], [9, 15, 10, 14], [10, 1, 11, 2], [11, 4, 12, 5], [16, 7, 1, 8]]",5,,,False,,not_applicable,,passed,True,6,1,5,,False,1.5657311396617761,1.373381175380211,0.10329414555555161,0.1575900788827831,False,True,,passed,,0.005522999999811873,30,-0.5009894513222465,-0.6892189443548286,0.5234375,-2.199345179431123,0.5508802957186253,False,3
5_1_torus_T_2_5,deterministic_angular_sweep,32,96,,fibonacci_031,generic_tilt,"[0.8441896860109181, 0.17166898053095483, 0.5078125]",5,5,40.676548542594446,14.557178462343233,1.1341477379228062,7,1,False,1:+1:-1|1:-1:-1|2:-1:-1|3:+1:-1|4:-1:-1|5:-1:-1|6:+1:-1|4:+1:-1|7:-1:-1|2:+1:-1|3:-1:-1|6:-1:-1|5:+1:-1|7:+1:-1,"[[3, 2, 4, 3], [4, 11, 5, 12], [6, 9, 7, 10], [7, 14, 8, 1], [10, 1, 11, 2], [12, 5, 13, 6], [13, 8, 14, 9]]",5,,,False,,not_applicable,,passed,True,6,1,5,,False,28.014562763028643,1.2401047782770094,0.005719481478996258,0.1415501206527119,False,True,,passed,,0.005380399990826845,31,0.8441896860109181,0.17166898053095483,0.5078125,0.20061805029753252,0.5326436129659039,False,2
5_1_torus_T_2_5,deterministic_angular_sweep,32,96,,fibonacci_032,generic_tilt,"[-0.7461731306626334, 0.4483047221710637, 0.4921875]",5,5,40.676548542594446,14.557178462343233,1.1341477379228062,7,1,False,1:+1:-1|1:-1:-1|2:-1:-1|3:+1:-1|4:-1:-1|5:-1:-1|6:+1:-1|4:+1:-1|7:-1:-1|2:+1:-1|3:-1:-1|6:-1:-1|5:+1:-1|7:+1:-1,"[[1, 10, 2, 11], [5, 4, 6, 5], [6, 13, 7, 14], [8, 11, 9, 12], [9, 2, 10, 3], [12, 3, 13, 4], [14, 7, 1, 8]]",5,,,False,,not_applicable,,passed,True,6,1,5,,False,30.02576778811166,1.2637498323043723,0.03635503615207014,0.14377638279900726,False,True,,passed,,0.005611099986708723,32,-0.7461731306626334,0.4483047221710637,0.4921875,2.6005812800261876,0.5146009275773826,False,2
5_1_torus_T_2_5,deterministic_angular_sweep,32,96,,fibonacci_033,generic_tilt,"[0.24983794281657093, -0.8428933419614452, 0.4765625]",5,5,40.676548542594446,14.557178462343233,1.1341477379228062,7,1,False,1:+1:-1|1:-1:-1|2:-1:-1|3:+1:-1|4:-1:-1|5:-1:-1|6:+1:-1|4:+1:-1|7:-1:-1|2:+1:-1|3:-1:-1|6:-1:-1|5:+1:-1|7:+1:-1,"[[2, 9, 3, 10], [3, 12, 4, 13], [7, 6, 8, 7], [8, 1, 9, 2], [10, 13, 11, 14], [11, 4, 12, 5], [14, 5, 1, 6]]",5,,,False,,not_applicable,,passed,True,6,1,5,,False,54.04912888071895,1.2200220773136374,0.0021394099745108974,0.14196939505271064,False,True,,passed,,0.00661610001407098,33,0.24983794281657093,-0.8428933419614452,0.4765625,-1.2826407974247434,0.4967404812077047,False,2
5_1_torus_T_2_5,deterministic_angular_sweep,32,96,,fibonacci_034,generic_tilt,"[0.388776201366415, 0.7977403627401906, 0.4609375]",5,5,40.676548542594446,14.557178462343233,1.1341477379228062,10,1,False,1:+1:+1|2:+1:-1|3:+1:-1|4:-1:-1|2:-1:-1|5:+1:-1|6:-1:-1|7:-1:-1|7:+1:-1|8:+1:-1|4:+1:-1|3:-1:-1|9:+1:-1|9:-1:-1|5:-1:-1|1:-1:+1|10:-1:-1|6:+1:-1|8:-1:-1|10:+1:-1,"[[5, 14, 6, 15], [7, 4, 8, 5], [8, 4, 9, 3], [9, 18, 10, 19], [10, 11, 11, 12], [12, 1, 13, 2], [16, 15, 17, 16], [17, 6, 18, 7], [19, 2, 20, 3], [20, 13, 1, 14]]",5,,,False,,not_applicable,,passed,True,6,1,5,,False,13.776174725714814,1.1852360641018693,0.04876721912587101,0.1351277414270208,False,True,,passed,,0.006663300009677187,34,0.388776201366415,0.7977403627401906,0.4609375,1.117322432303912,0.47905132729611205,False,5
5_1_torus_T_2_5,deterministic_angular_sweep,32,96,,fibonacci_035,generic_tilt,"[-0.8329259898180882, -0.3285286484148803, 0.4453125]",5,5,40.676548542594446,14.557178462343233,1.1341477379228062,10,1,False,1:+1:+1|2:+1:-1|3:+1:-1|4:-1:-1|2:-1:-1|5:+1:-1|6:-1:-1|7:-1:-1|7:+1:-1|8:+1:-1|4:+1:-1|3:-1:-1|9:+1:-1|9:-1:-1|5:-1:-1|1:-1:+1|10:-1:-1|6:+1:-1|8:-1:-1|10:+1:-1,"[[1, 10, 2, 11], [3, 6, 4, 7], [4, 17, 5, 18], [9, 18, 10, 19], [11, 8, 12, 9], [12, 8, 13, 7], [13, 2, 14, 3], [14, 15, 15, 16], [16, 5, 17, 6], [20, 19, 1, 20]]",5,,,False,,not_applicable,,passed,True,6,1,5,,False,28.239027474030358,1.1624384466218332,0.0043722241709106225,0.1368488878538603,False,True,,passed,,0.006534999993164092,35,-0.8329259898180882,-0.3285286484148803,0.4453125,-2.7658996451470337,0.46152324624700164,False,5
5_1_torus_T_2_5,deterministic_angular_sweep,32,96,,fibonacci_036,generic_tilt,"[0.8431906943069426, -0.3231069565607124, 0.4296875]",5,5,40.676548542594446,14.557178462343233,1.1341477379228062,10,1,False,1:+1:+1|2:+1:-1|2:-1:-1|3:+1:-1|4:-1:-1|5:-1:-1|6:-1:-1|6:+1:-1|7:+1:-1|8:+1:-1|9:-1:-1|4:+1:-1|3:-1:-1|1:-1:+1|8:-1:-1|10:-1:-1|5:+1:-1|7:-1:-1|10:+1:-1|9:+1:-1,"[[2, 1, 3, 2], [3, 12, 4, 13], [4, 17, 5, 18], [6, 7, 7, 8], [11, 20, 12, 1], [13, 10, 14, 11], [14, 19, 15, 20], [15, 9, 16, 8], [16, 5, 17, 6], [18, 9, 19, 10]]",5,,,False,,not_applicable,,passed,True,6,1,5,,False,38.92503724848727,1.1573917705644252,0.03104745106541884,0.13622791560245295,False,True,,passed,,0.006257100001676008,36,0.8431906943069426,-0.3231069565607124,0.4296875,-0.3659364154183783,0.4441466712053621,False,5
5_1_torus_T_2_5,deterministic_angular_sweep,32,96,,fibonacci_037,generic_tilt,"[-0.40673584817661423, 0.8143206959802755, 0.4140625]",5,5,40.676548542594446,14.557178462343233,1.1341477379228062,10,1,False,1:+1:+1|2:+1:-1|2:-1:-1|3:+1:-1|4:-1:-1|5:-1:-1|6:-1:-1|6:+1:-1|7:+1:-1|8:+1:-1|9:-1:-1|4:+1:-1|3:-1:-1|1:-1:+1|8:-1:-1|10:-1:-1|5:+1:-1|7:-1:-1|10:+1:-1|9:+1:-1,"[[2, 13, 3, 14], [6, 5, 7, 6], [7, 16, 8, 17], [8, 1, 9, 2], [10, 11, 11, 12], [15, 4, 16, 5], [17, 14, 18, 15], [18, 3, 19, 4], [19, 13, 20, 12], [20, 9, 1, 10]]",5,,,False,,not_applicable,,passed,True,6,1,5,,False,30.408592853044226,1.1706379148130213,0.013014738353291477,0.13399338317933393,False,True,,passed,,0.007150699995690957,37,-0.40673584817661423,0.8143206959802755,0.4140625,2.034026814310277,0.4269126228297277,False,5
5_1_torus_T_2_5,deterministic_angular_sweep,32,96,,fibonacci_038,generic_tilt,"[-0.25206053025810227, -0.8818804044085311, 0.3984375]",5,5,40.676548542594446,14.557178462343233,1.1341477379228062,10,1,False,1:+1:+1|2:+1:-1|2:-1:-1|3:+1:-1|4:-1:-1|5:-1:-1|6:-1:-1|6:+1:-1|7:+1:-1|8:+1:-1|9:-1:-1|4:+1:-1|3:-1:-1|1:-1:+1|8:-1:-1|10:-1:-1|5:+1:-1|7:-1:-1|10:+1:-1|9:+1:-1,"[[2, 19, 3, 20], [3, 8, 4, 9], [4, 18, 5, 17], [5, 14, 6, 15], [7, 18, 8, 19], [11, 10, 12, 11], [12, 1, 13, 2], [13, 6, 14, 7], [15, 16, 16, 17], [20, 9, 1, 10]]",5,,,False,,not_applicable,,passed,True,6,1,5,,False,18.94166477714687,1.2059366483801772,0.021569650167847954,0.13912880960100246,False,True,,passed,,0.005903900004341267,38,-0.25206053025810227,-0.8818804044085311,0.3984375,-1.8491952631406543,0.4098126517404412,False,5
5_1_torus_T_2_5,deterministic_angular_sweep,32,96,,fibonacci_039,generic_tilt,"[0.7872133087567544, 0.4834767795458152, 0.3828125]",5,5,40.676548542594446,14.557178462343233,1.1341477379228062,8,1,False,1:+1:-1|1:-1:-1|2:+1:-1|3:-1:-1|4:-1:-1|5:-1:-1|5:+1:-1|6:+1:-1|7:-1:-1|8:+1:-1|3:+1:-1|2:-1:-1|8:-1:-1|4:+1:-1|6:-1:-1|7:+1:-1,"[[3, 10, 4, 11], [5, 8, 6, 9], [6, 15, 7, 16], [9, 2, 10, 3], [12, 11, 13, 12], [13, 4, 14, 5], [14, 7, 15, 8], [16, 1, 1, 2]]",5,,,False,,not_applicable,,passed,True,6,1,5,,False,12.544174453808818,1.2571037123274815,0.027614238130254876,0.14335316207983237,False,True,,passed,,0.006049600007827394,39,0.7872133087567544,0.4834767795458152,0.3828125,0.550767966588001,0.3928387875427684,False,3
5_1_torus_T_2_5,deterministic_angular_sweep,32,96,,fibonacci_040,generic_tilt,"[-0.9132565714519087, 0.17645332114657059, 0.3671875]",5,5,40.676548542594446,14.557178462343233,1.1341477379228062,8,1,False,1:+1:+1|2:+1:-1|3:+1:-1|4:-1:-1|5:-1:-1|1:-1:+1|6:-1:-1|7:+1:-1|2:-1:-1|8:+1:-1|4:+1:-1|3:-1:-1|8:-1:-1|5:+1:-1|7:-1:-1|6:+1:-1,"[[1, 10, 2, 11], [6, 13, 7, 14], [8, 11, 9, 12], [9, 2, 10, 3], [12, 3, 13, 4], [14, 5, 15, 6], [15, 5, 16, 4], [16, 7, 1, 8]]",5,,,False,,not_applicable,,passed,True,6,1,5,,False,31.544572931042154,1.3233206428842943,0.004766495503460533,0.15204505482335104,False,True,,passed,,0.005965300006209873,40,-0.9132565714519087,0.17645332114657059,0.3671875,2.9507311963166565,0.3759834935041962,False,3
5_1_torus_T_2_5,deterministic_angular_sweep,32,96,,fibonacci_041,generic_tilt,"[0.5577998880145961, -0.751839805759614, 0.3515625]",5,5,40.676548542594446,14.557178462343233,1.1341477379228062,12,1,False,1:+1:+1|2:+1:-1|3:+1:+1|4:+1:-1|5:-1:-1|6:+1:-1|7:+1:-1|8:-1:-1|6:-1:-1|9:+1:-1|10:-1:-1|1:-1:+1|2:-1:-1|3:-1:+1|4:-1:-1|11:+1:-1|12:+1:+1|5:+1:-1|8:+1:-1|7:-1:-1|9:-1:-1|12:-1:+1|11:-1:-1|10:+1:-1,"[[5, 12, 6, 13], [6, 12, 7, 11], [7, 18, 8, 19], [8, 21, 9, 22], [13, 24, 14, 1], [14, 2, 15, 1], [15, 2, 16, 3], [16, 4, 17, 3], [17, 4, 18, 5], [19, 22, 20, 23], [20, 9, 21, 10], [23, 10, 24, 11]]",5,,,False,,not_applicable,,passed,True,6,1,5,,False,8.255206650775637,1.3928861676642836,0.018590683454291934,0.16060554210075015,False,True,,passed,,0.006930999996257015,41,0.5577998880145961,-0.751839805759614,0.3515625,-0.9324908811342747,0.35923962611183097,False,7
5_1_torus_T_2_5,deterministic_angular_sweep,32,96,,fibonacci_042,generic_tilt,"[0.09714616234909745, 0.9368610458518343, 0.3359375]",5,5,40.676548542594446,14.557178462343233,1.1341477379228062,9,1,False,1:+1:+1|2:+1:-1|3:+1:-1|4:-1:-1|5:+1:-1|5:-1:-1|6:-1:-1|1:-1:+1|7:-1:-1|8:+1:-1|2:-1:-1|9:+1:-1|4:+1:-1|3:-1:-1|9:-1:-1|6:+1:-1|8:-1:-1|7:+1:-1,"[[3, 12, 4, 13], [5, 14, 6, 15], [6, 14, 7, 13], [7, 16, 8, 17], [8, 9, 9, 10], [10, 1, 11, 2], [15, 4, 16, 5], [17, 2, 18, 3], [18, 11, 1, 12]]",5,,,False,,not_applicable,,passed,True,6,1,5,,False,2.4861857520785136,0.6196154440635437,0.049090837562047795,0.07147429390659187,False,True,,passed,,0.0067697999911615625,42,0.09714616234909745,0.9368610458518343,0.3359375,1.4674723485943661,0.3426003988559651,False,4
5_1_torus_T_2_5,deterministic_angular_sweep,32,96,,fibonacci_043,generic_tilt,"[-0.7085326619426154, -0.6287935824292908, 0.3203125]",5,5,40.676548542594446,14.557178462343233,1.1341477379228062,12,1,False,1:+1:+1|2:+1:-1|3:+1:-1|3:-1:-1|4:-1:-1|5:-1:-1|6:+1:-1|7:-1:-1|8:+1:-1|9:+1:+1|5:+1:-1|10:+1:-1|11:-1:-1|4:+1:-1|2:-1:-1|1:-1:+1|10:-1:-1|6:-1:-1|9:-1:+1|12:-1:-1|12:+1:-1|8:-1:-1|7:+1:-1|11:+1:-1,"[[1, 10, 2, 11], [2, 7, 3, 8], [4, 19, 5, 20], [9, 20, 10, 21], [11, 22, 12, 23], [12, 22, 13, 21], [13, 8, 14, 9], [14, 3, 15, 4], [15, 7, 16, 6], [16, 17, 17, 18], [18, 5, 19, 6], [24, 23, 1, 24]]",5,,,False,,not_applicable,,passed,True,6,1,5,,False,18.63085793648864,1.2859241756623867,0.011874676575289511,0.14896567091538354,False,True,,passed,,0.007457300001988187,43,-0.7085326619426154,-0.6287935824292908,0.3203125,-2.415749728856565,0.32605934968485534,False,7
5_1_torus_T_2_5,deterministic_angular_sweep,32,96,,fibonacci_044,generic_tilt,"[0.9523336958114547, -0.015035264076360357, 0.3046875]",5,5,40.676548542594446,14.557178462343233,1.1341477379228062,10,1,False,1:+1:+1|2:+1:-1|3:+1:-1|4:+1:-1|5:-1:-1|6:+1:-1|4:-1:-1|7:-1:-1|8:-1:-1|1:-1:+1|2:-1:-1|8:+1:-1|9:+1:-1|5:+1:-1|10:+1:-1|10:-1:-1|6:-1:-1|3:-1:-1|7:+1:-1|9:-1:-1,"[[3, 2, 4, 3], [4, 13, 5, 14], [5, 10, 6, 11], [7, 20, 8, 1], [12, 1, 13, 2], [14, 11, 15, 12], [15, 6, 16, 7], [16, 19, 17, 20], [17, 9, 18, 8], [18, 9, 19, 10]]",5,,,False,,not_applicable,,passed,True,6,1,5,,False,34.637207561420645,1.216988923461808,0.024467185214803067,0.14186454822671543,False,True,,passed,,0.006178099996759556,44,0.9523336958114547,-0.015035264076360357,0.3046875,-0.015786499127909692,0.30961031165767294,False,5
5_1_torus_T_2_5,deterministic_angular_sweep,32,96,,fibonacci_045,generic_tilt,"[-0.6955948361299443, 0.6577162724481628, 0.2890625]",5,5,40.676548542594446,14.557178462343233,1.1341477379228062,10,1,False,1:+1:+1|2:+1:-1|3:+1:-1|4:+1:-1|5:-1:-1|6:+1:-1|4:-1:-1|7:-1:-1|8:-1:-1|1:-1:+1|2:-1:-1|8:+1:-1|9:+1:-1|5:+1:-1|10:+1:-1|10:-1:-1|6:-1:-1|3:-1:-1|7:+1:-1|9:-1:-1,"[[1, 12, 2, 13], [6, 5, 7, 6], [7, 16, 8, 17], [8, 13, 9, 14], [10, 3, 11, 4], [15, 4, 16, 5], [17, 14, 18, 15], [18, 9, 19, 10], [19, 2, 20, 3], [20, 12, 1, 11]]",5,,,False,,not_applicable,,passed,True,6,1,5,,False,47.177707695705806,1.1675671809063815,0.009342485246918386,0.13560198228895448,False,True,,passed,,0.006824799987953156,45,-0.6955948361299443,0.6577162724481628,0.2890625,2.3841767306007458,0.2932473863906822,False,5
5_1_torus_T_2_5,deterministic_angular_sweep,32,96,,fibonacci_046,generic_tilt,"[0.06895733046325764, -0.9594148321602763, 0.2734375]",5,5,40.676548542594446,14.557178462343233,1.1341477379228062,12,1,False,1:+1:+1|2:+1:-1|3:+1:-1|4:+1:-1|5:+1:-1|6:-1:-1|7:-1:+1|8:-1:-1|4:-1:-1|9:-1:-1|10:+1:-1|3:-1:-1|9:+1:-1|11:+1:-1|6:+1:-1|7:+1:+1|8:+1:-1|5:-1:-1|11:-1:-1|10:-1:-1|12:-1:-1|1:-1:+1|2:-1:-1|12:+1:-1,"[[2, 23, 3, 24], [3, 8, 4, 9], [4, 19, 5, 20], [5, 21, 6, 20], [6, 21, 7, 22], [13, 10, 14, 11], [14, 12, 15, 11], [15, 12, 16, 13], [16, 1, 17, 2], [17, 22, 18, 23], [18, 7, 19, 8], [24, 9, 1, 10]]",5,,,False,,not_applicable,,passed,True,7,1,5,,False,47.49656097722729,1.1402371411852088,0.0537271863425417,0.13498692133355045,False,True,,passed,,0.007044599988148548,46,0.06895733046325764,-0.9594148321602763,0.2734375,-1.4990453468501856,0.27696491994854544,False,7
5_1_torus_T_2_5,deterministic_angular_sweep,32,96,,fibonacci_047,generic_tilt,"[0.5999014736024458, 0.7573974761070728, 0.2578125]",5,5,40.676548542594446,14.557178462343233,1.1341477379228062,12,1,False,1:+1:+1|2:+1:-1|3:+1:-1|4:+1:-1|5:+1:-1|6:-1:-1|7:-1:+1|8:-1:-1|4:-1:-1|9:-1:-1|10:+1:-1|3:-1:-1|9:+1:-1|11:+1:-1|6:+1:-1|7:+1:+1|8:+1:-1|5:-1:-1|11:-1:-1|10:-1:-1|12:-1:-1|1:-1:+1|2:-1:-1|12:+1:-1,"[[5, 14, 6, 15], [7, 4, 8, 5], [8, 13, 9, 14], [9, 24, 10, 1], [10, 2, 11, 1], [11, 2, 12, 3], [18, 15, 19, 16], [19, 17, 20, 16], [20, 17, 21, 18], [21, 6, 22, 7], [22, 3, 23, 4], [23, 12, 24, 13]]",5,,,False,,not_applicable,,passed,True,7,1,5,,False,33.20931118588957,1.1390500750988088,0.017009575983257363,0.13186882085528565,False,True,,passed,,0.009471500001382083,47,0.5999014736024458,0.7573974761070728,0.2578125,0.9009178828784697,0.2607574808802837,False,7
5_1_torus_T_2_5,deterministic_angular_sweep,32,96,,fibonacci_048,generic_tilt,"[-0.9579467431500948, -0.15389363902343792, 0.2421875]",5,5,40.676548542594446,14.557178462343233,1.1341477379228062,12,1,False,1:+1:+1|2:+1:-1|3:+1:-1|4:+1:-1|5:+1:-1|6:-1:-1|7:-1:+1|8:-1:-1|4:-1:-1|9:-1:-1|10:+1:-1|3:-1:-1|9:+1:-1|11:+1:-1|6:+1:-1|7:+1:+1|8:+1:-1|5:-1:-1|11:-1:-1|10:-1:-1|12:-1:-1|1:-1:+1|2:-1:-1|12:+1:-1,"[[1, 10, 2, 11], [2, 7, 3, 8], [3, 16, 4, 17], [9, 18, 10, 19], [11, 8, 12, 9], [12, 17, 13, 18], [13, 4, 14, 5], [14, 6, 15, 5], [15, 6, 16, 7], [22, 19, 23, 20], [23, 21, 24, 20], [24, 21, 1, 22]]",5,,,False,,not_applicable,,passed,True,7,1,5,,False,31.256147105030156,1.166884099815983,0.025798072218663037,0.13753425836344194,False,True,,passed,,0.006892899997183122,48,-0.9579467431500948,-0.15389363902343792,0.2421875,-2.9823041945724755,0.24461984013947533,False,7
5_1_torus_T_2_5,deterministic_angular_sweep,32,96,,fibonacci_049,generic_tilt,"[0.813460025289921, -0.5356792145016185, 0.2265625]",5,5,40.676548542594446,14.557178462343233,1.1341477379228062,10,1,False,1:+1:+1|2:+1:-1|3:+1:-1|4:+1:-1|5:-1:-1|6:+1:-1|4:-1:-1|7:-1:-1|8:-1:-1|1:-1:+1|9:+1:-1|3:-1:-1|7:+1:-1|5:+1:-1|10:+1:-1|10:-1:-1|6:-1:-1|9:-1:-1|2:-1:-1|8:+1:-1,"[[2, 1, 3, 2], [3, 12, 4, 13], [4, 17, 5, 18], [5, 8, 6, 9], [11, 20, 12, 1], [13, 10, 14, 11], [14, 19, 15, 20], [15, 6, 16, 7], [16, 8, 17, 7], [18, 9, 19, 10]]",5,,,False,,not_applicable,,passed,True,6,1,5,,False,30.030520487074156,1.216816508917144,0.002970755644099654,0.14388441161857804,False,True,,passed,,0.007091399995260872,49,0.813460025289921,-0.5356792145016185,0.2265625,-0.5823409648438205,0.2285469526620647,False,5
5_1_torus_T_2_5,deterministic_angular_sweep,32,96,,fibonacci_050,generic_tilt,"[-0.23882985538077378, 0.9478742908595784, 0.2109375]",5,5,40.676548542594446,14.557178462343233,1.1341477379228062,12,1,False,1:+1:+1|2:+1:-1|3:+1:-1|4:+1:+1|5:+1:-1|3:-1:-1|6:-1:-1|1:-1:+1|7:-1:-1|8:-1:-1|9:-1:-1|9:+1:-1|10:+1:-1|11:+1:-1|2:-1:-1|6:+1:-1|4:-1:+1|5:-1:-1|11:-1:-1|7:+1:-1|12:-1:-1|10:-1:-1|8:+1:-1|12:+1:-1,"[[2, 15, 3, 16], [6, 5, 7, 6], [7, 18, 8, 19], [8, 21, 9, 22], [9, 17, 10, 16], [10, 1, 11, 2], [11, 14, 12, 15], [19, 4, 20, 5], [20, 17, 21, 18], [22, 3, 23, 4], [23, 12, 24, 13], [24, 14, 1, 13]]",5,,,False,,not_applicable,,passed,True,8,1,5,,False,11.945674450191953,1.1085189116824758,0.010039165310303133,0.1291724512751986,False,True,,passed,,0.009678900009021163,50,-0.23882985538077378,0.9478742908595784,0.2109375,1.8176222648848348,0.21253394040374687,False,7
5_1_torus_T_2_5,deterministic_angular_sweep,32,96,,fibonacci_051,generic_tilt,"[-0.4657134403515823, -0.8631129814917878, 0.1953125]",5,5,40.676548542594446,14.557178462343233,1.1341477379228062,13,1,False,1:+1:+1|2:+1:-1|3:+1:-1|4:+1:+1|5:+1:-1|3:-1:-1|6:-1:-1|1:-1:+1|7:-1:-1|8:-1:-1|9:+1:-1|10:+1:+1|11:+1:-1|12:+1:-1|2:-1:-1|6:+1:-1|4:-1:+1|5:-1:-1|12:-1:-1|7:+1:-1|13:-1:-1|9:-1:-1|10:-1:+1|11:-1:-1|8:+1:-1|13:+1:-1,"[[1, 13, 2, 12], [2, 13, 3, 14], [3, 24, 4, 25], [5, 10, 6, 11], [6, 19, 7, 20], [7, 21, 8, 20], [9, 22, 10, 23], [14, 25, 15, 26], [15, 4, 16, 5], [16, 24, 17, 23], [17, 8, 18, 9], [18, 21, 19, 22], [26, 11, 1, 12]]",5,,,False,,not_applicable,,passed,True,8,1,5,,False,11.582487711916754,1.4224585930737534,0.018993662872524908,0.16269516306848195,False,True,,passed,,0.009482300010859035,51,-0.4657134403515823,-0.8631129814917878,0.1953125,-2.0655998125660964,0.19657607666314347,False,8
5_1_torus_T_2_5,deterministic_angular_sweep,32,96,,fibonacci_052,generic_tilt,"[0.9292445387423222, 0.32282656266379134, 0.1796875]",5,5,40.676548542594446,14.557178462343233,1.1341477379228062,16,1,False,1:+1:+1|2:+1:-1|3:+1:-1|4:+1:-1|5:+1:+1|6:+1:-1|4:-1:-1|7:-1:-1|8:+1:-1|8:-1:-1|9:-1:+1|10:-1:-1|11:-1:-1|1:-1:+1|12:-1:-1|13:+1:-1|14:+1:+1|15:+1:-1|2:-1:-1|16:+1:-1|10:+1:-1|9:+1:+1|7:+1:-1|5:-1:+1|6:-1:-1|3:-1:-1|16:-1:-1|11:+1:-1|13:-1:-1|14:-1:+1|15:-1:-1|12:+1:-1,"[[5, 18, 6, 19], [6, 20, 7, 19], [7, 20, 8, 21], [9, 16, 10, 17], [10, 1, 11, 2], [11, 30, 12, 31], [12, 32, 13, 31], [17, 2, 18, 3], [21, 4, 22, 5], [22, 4, 23, 3], [23, 8, 24, 9], [24, 15, 25, 16], [25, 15, 26, 14], [26, 27, 27, 28], [28, 13, 29, 14], [29, 32, 30, 1]]",5,,,False,,not_applicable,,passed,True,6,1,5,,False,12.356532872185012,1.2960135119661254,0.03384579069609117,0.15218925502945735,False,True,,passed,,0.012592700004461221,52,0.9292445387423222,0.32282656266379134,0.1796875,0.3343634171625589,0.18066877153760597,False,11
5_1_torus_T_2_5,deterministic_angular_sweep,32,96,,fibonacci_053,generic_tilt,"[-0.9057654321486892, 0.39073325686233595, 0.1640625]",5,5,40.676548542594446,14.557178462343233,1.1341477379228062,14,1,False,1:+1:+1|2:+1:-1|2:-1:-1|3:+1:-1|4:+1:-1|5:-1:-1|6:-1:+1|4:-1:-1|7:-1:-1|1:-1:+1|8:-1:-1|9:-1:-1|10:+1:-1|11:+1:+1|12:+1:-1|8:+1:-1|13:-1:-1|14:+1:-1|5:+1:-1|6:+1:+1|3:-1:-1|7:+1:-1|14:-1:-1|10:-1:-1|11:-1:+1|12:-1:-1|9:+1:-1|13:+1:-1,"[[1, 17, 2, 16], [2, 17, 3, 18], [5, 6, 6, 7], [10, 21, 11, 22], [11, 23, 12, 22], [12, 23, 13, 24], [13, 18, 14, 19], [15, 4, 16, 5], [19, 8, 20, 9], [24, 9, 25, 10], [25, 20, 26, 21], [26, 8, 27, 7], [27, 14, 28, 15], [28, 3, 1, 4]]",5,,,False,,not_applicable,,passed,True,8,1,5,,False,7.394802073401342,1.1127865755780812,0.04237158230382221,0.13005021484674908,False,True,,passed,,0.01194979999854695,53,-0.9057654321486892,0.39073325686233595,0.1640625,2.734326646891214,0.16480755837603633,False,9
5_1_torus_T_2_5,deterministic_angular_sweep,32,96,,fibonacci_054,generic_tilt,"[0.40495892696135893, -0.9022053957209826, 0.1484375]",5,5,40.676548542594446,14.557178462343233,1.1341477379228062,11,1,False,1:+1:+1|2:+1:-1|3:+1:-1|4:-1:-1|5:+1:-1|6:+1:-1|7:-1:-1|5:-1:-1|8:-1:+1|9:-1:-1|10:-1:-1|1:-1:+1|2:-1:-1|10:+1:-1|11:+1:-1|8:+1:+1|4:+1:-1|7:+1:-1|6:-1:-1|3:-1:-1|9:+1:-1|11:-1:-1,"[[2, 13, 3, 14], [3, 22, 4, 1], [4, 12, 5, 11], [5, 16, 6, 17], [6, 9, 7, 10], [7, 19, 8, 18], [8, 19, 9, 20], [14, 1, 15, 2], [15, 20, 16, 21], [17, 10, 18, 11], [21, 12, 22, 13]]",5,,,False,,not_applicable,,passed,True,8,1,5,,False,29.363436896538722,1.4222865932643045,0.01469664755920519,0.16693707986466352,False,True,,passed,,0.006558799999766052,54,0.40495892696135893,-0.9022053957209826,0.1484375,-1.148895430559717,0.14898808110808143,False,6
5_1_torus_T_2_5,deterministic_angular_sweep,32,96,,fibonacci_055,generic_tilt,"[0.31152445242214993, 0.9409109178805556, 0.1328125]",5,5,40.676548542594446,14.557178462343233,1.1341477379228062,12,1,False,1:+1:+1|2:+1:-1|3:+1:-1|4:+1:-1|4:-1:-1|5:-1:-1|6:-1:-1|7:+1:-1|8:-1:-1|9:+1:+1|10:+1:-1|6:+1:-1|2:-1:-1|11:+1:-1|5:+1:-1|3:-1:-1|11:-1:-1|1:-1:+1|7:-1:-1|12:-1:-1|9:-1:+1|10:-1:-1|12:+1:-1|8:+1:-1,"[[4, 17, 5, 18], [7, 18, 8, 19], [8, 5, 9, 6], [9, 17, 10, 16], [10, 23, 11, 24], [11, 14, 12, 15], [12, 2, 13, 1], [13, 2, 14, 3], [20, 19, 21, 20], [21, 6, 22, 7], [22, 3, 23, 4], [24, 15, 1, 16]]",5,,,False,,not_applicable,,passed,True,8,1,5,,False,13.947536699804813,1.3139326512122083,0.02722341992657107,0.15512669081586952,False,True,,passed,,0.009954299996024929,55,0.31152445242214993,0.9409109178805556,0.1328125,1.2510677991689383,0.13320608234182008,False,7
5_1_torus_T_2_5,deterministic_angular_sweep,32,96,,fibonacci_056,generic_tilt,"[-0.8670032766127411, -0.4843267576611069, 0.1171875]",5,5,40.676548542594446,14.557178462343233,1.1341477379228062,14,1,False,1:+1:+1|2:+1:-1|3:+1:-1|4:+1:-1|5:+1:+1|6:+1:-1|4:-1:-1|5:-1:+1|6:-1:-1|7:-1:-1|8:-1:-1|9:-1:-1|10:+1:-1|11:+1:+1|12:+1:-1|8:+1:-1|2:-1:-1|13:+1:-1|7:+1:-1|3:-1:-1|13:-1:-1|1:-1:+1|14:-1:-1|10:-1:-1|11:-1:+1|12:-1:-1|9:+1:-1|14:+1:-1,"[[1, 27, 2, 26], [2, 27, 3, 28], [3, 12, 4, 13], [4, 9, 5, 10], [5, 20, 6, 21], [10, 23, 11, 24], [13, 24, 14, 25], [14, 11, 15, 12], [15, 23, 16, 22], [16, 21, 17, 22], [17, 6, 18, 7], [18, 8, 19, 7], [19, 8, 20, 9], [28, 25, 1, 26]]",5,,,False,,not_applicable,,passed,True,7,1,5,,False,31.002796699594494,1.228065981933066,0.03372423844423267,0.14613360549402438,False,True,,passed,,0.007661700001335703,56,-0.8670032766127411,-0.4843267576611069,0.1171875,-2.632154278281993,0.11745739213294011,False,9
5_1_torus_T_2_5,deterministic_angular_sweep,32,96,,fibonacci_057,generic_tilt,"[0.9681324707648126, -0.22892046139340513, 0.1015625]",5,5,40.676548542594446,14.557178462343233,1.1341477379228062,12,1,False,1:+1:+1|2:+1:-1|3:+1:-1|4:+1:-1|5:+1:-1|6:-1:-1|7:-1:+1|8:-1:-1|4:-1:-1|9:-1:-1|10:+1:-1|3:-1:-1|9:+1:-1|11:+1:-1|6:+1:-1|7:+1:+1|8:+1:-1|5:-1:-1|11:-1:-1|10:-1:-1|12:-1:-1|1:-1:+1|2:-1:-1|12:+1:-1,"[[4, 1, 5, 2], [5, 3, 6, 2], [6, 3, 7, 4], [7, 16, 8, 17], [8, 13, 9, 14], [9, 22, 10, 23], [15, 24, 16, 1], [17, 14, 18, 15], [18, 23, 19, 24], [19, 10, 20, 11], [20, 12, 21, 11], [21, 12, 22, 13]]",5,,,False,,not_applicable,,passed,True,7,1,5,,False,33.66218444734757,1.1685187521098979,0.0228834471382946,0.13889433062137535,False,True,,passed,,0.0063950999901862815,57,0.9681324707648126,-0.22892046139340513,0.1015625,-0.23219104855333764,0.10173791733766063,False,7
5_1_torus_T_2_5,deterministic_angular_sweep,32,96,,fibonacci_058,generic_tilt,"[-0.5600643254482937, 0.8239797918965598, 0.0859375]",5,5,40.676548542594446,14.557178462343233,1.1341477379228062,12,1,False,1:+1:+1|2:+1:-1|3:+1:-1|4:+1:-1|5:+1:-1|6:-1:-1|7:-1:+1|8:-1:-1|4:-1:-1|9:-1:-1|10:+1:-1|3:-1:-1|9:+1:-1|11:+1:-1|6:+1:-1|7:+1:+1|8:+1:-1|5:-1:-1|11:-1:-1|10:-1:-1|12:-1:-1|1:-1:+1|2:-1:-1|12:+1:-1,"[[1, 16, 2, 17], [8, 5, 9, 6], [9, 7, 10, 6], [10, 7, 11, 8], [11, 20, 12, 21], [12, 17, 13, 18], [13, 2, 14, 3], [19, 4, 20, 5], [21, 18, 22, 19], [22, 3, 23, 4], [23, 14, 24, 15], [24, 16, 1, 15]]",5,,,False,,not_applicable,,passed,True,7,1,5,,False,21.874905214932316,1.1555383295267316,0.0051800822402583435,0.1373951063597402,False,True,,passed,,0.010139199992408976,58,-0.5600643254482937,0.8239797918965598,0.0859375,2.1677721811752892,0.08604363146951062,False,7
5_1_torus_T_2_5,deterministic_angular_sweep,32,96,,fibonacci_059,generic_tilt,"[-0.14379285760821345, -0.9871067654740363, 0.0703125]",5,5,40.676548542594446,14.557178462343233,1.1341477379228062,14,1,False,1:+1:+1|2:+1:-1|3:+1:-1|4:+1:+1|5:+1:-1|6:+1:-1|7:-1:-1|8:+1:-1|6:-1:-1|9:-1:-1|10:-1:-1|1:-1:+1|2:-1:-1|11:+1:-1|9:+1:-1|7:+1:-1|12:+1:-1|13:+1:+1|14:+1:-1|12:-1:-1|13:-1:+1|14:-1:-1|8:-1:-1|5:-1:-1|4:-1:+1|3:-1:-1|11:-1:-1|10:+1:-1,"[[2, 27, 3, 28], [3, 8, 4, 9], [4, 21, 5, 22], [5, 23, 6, 22], [6, 23, 7, 24], [13, 10, 14, 11], [14, 12, 15, 11], [15, 12, 16, 13], [16, 1, 17, 2], [17, 26, 18, 27], [18, 26, 19, 25], [19, 24, 20, 25], [20, 7, 21, 8], [28, 9, 1, 10]]",5,,,False,,not_applicable,,passed,True,7,1,5,,False,27.29651942056001,1.2147641926373747,0.012947722313889187,0.14476156592262018,False,True,,passed,,0.008165599996573292,59,-0.14379285760821345,-0.9871067654740363,0.0703125,-1.715449896275642,0.07037056498670617,False,9
5_1_torus_T_2_5,deterministic_angular_sweep,32,96,,fibonacci_060,generic_tilt,"[0.7735674920975508, 0.6313498337005051, 0.0546875]",5,5,40.676548542594446,14.557178462343233,1.1341477379228062,18,1,False,1:+1:+1|2:+1:-1|3:+1:+1|4:+1:-1|2:-1:-1|5:+1:-1|6:-1:-1|7:-1:+1|5:-1:-1|1:-1:+1|8:-1:-1|9:-1:-1|10:-1:+1|11:-1:-1|12:-1:-1|13:+1:-1|14:+1:+1|15:+1:-1|11:+1:-1|10:+1:+1|16:+1:-1|8:+1:-1|17:-1:-1|6:+1:-1|7:+1:+1|3:-1:+1|4:-1:-1|16:-1:-1|9:+1:-1|18:-1:-1|13:-1:-1|14:-1:+1|15:-1:-1|12:+1:-1|18:+1:-1|17:+1:-1,"[[6, 19, 7, 20], [9, 23, 10, 22], [10, 23, 11, 24], [11, 4, 12, 5], [13, 18, 14, 19], [14, 35, 15, 36], [15, 1, 16, 36], [16, 1, 17, 2], [24, 21, 25, 22], [26, 7, 27, 8], [27, 9, 28, 8], [28, 25, 29, 26], [29, 21, 30, 20], [30, 5, 31, 6], [31, 12, 32, 13], [32, 4, 33, 3], [33, 2, 34, 3], [34, 17, 35, 18]]",5,,,False,,not_applicable,,passed,True,7,1,5,,False,16.53841781861176,1.340328777483073,0.01060446286352601,0.15985752753957932,False,True,,passed,,0.0198619000002509,60,0.7735674920975508,0.6313498337005051,0.0546875,0.6845133334530132,0.0547147959424247,False,13
5_1_torus_T_2_5,deterministic_angular_sweep,32,96,,fibonacci_061,generic_tilt,"[-0.9976073333593194, 0.05704147194329468, 0.0390625]",5,5,40.676548542594446,14.557178462343233,1.1341477379228062,15,1,False,1:+1:+1|2:+1:-1|3:+1:-1|4:+1:+1|5:+1:-1|3:-1:-1|6:-1:-1|1:-1:+1|7:-1:-1|8:-1:+1|9:-1:-1|10:-1:-1|11:+1:-1|12:+1:+1|13:+1:-1|9:+1:-1|8:+1:+1|14:+1:-1|2:-1:-1|6:+1:-1|4:-1:+1|5:-1:-1|14:-1:-1|7:+1:-1|15:-1:-1|11:-1:-1|12:-1:+1|13:-1:-1|10:+1:-1|15:+1:-1,"[[1, 9, 2, 8], [2, 19, 3, 20], [3, 6, 4, 7], [11, 24, 12, 25], [12, 26, 13, 25], [13, 26, 14, 27], [14, 9, 15, 10], [16, 21, 17, 22], [17, 4, 18, 5], [18, 6, 19, 5], [20, 7, 21, 8], [27, 10, 28, 11], [28, 23, 29, 24], [29, 23, 30, 22], [30, 15, 1, 16]]",5,,,False,,not_applicable,,passed,True,8,1,5,,False,24.140686416724638,1.5007890583578913,0.013158987645477183,0.17907408659231097,False,True,,passed,,0.011157200002344325,61,-0.9976073333593194,0.05704147194329468,0.0390625,3.0844765631816684,0.03907244093487471,False,10
5_1_torus_T_2_5,deterministic_angular_sweep,32,96,,fibonacci_062,generic_tilt,"[0.6974144443247476, -0.7162847034810623, 0.0234375]",5,5,40.676548542594446,14.557178462343233,1.1341477379228062,18,1,False,1:+1:+1|2:+1:-1|3:+1:+1|4:+1:-1|2:-1:-1|5:+1:-1|6:-1:-1|7:-1:+1|5:-1:-1|1:-1:+1|8:-1:-1|9:-1:-1|10:-1:+1|11:-1:-1|12:-1:-1|13:+1:-1|14:+1:+1|15:+1:-1|11:+1:-1|10:+1:+1|16:+1:-1|8:+1:-1|17:-1:-1|6:+1:-1|7:+1:+1|3:-1:+1|4:-1:-1|16:-1:-1|9:+1:-1|18:-1:-1|13:-1:-1|14:-1:+1|15:-1:-1|12:+1:-1|18:+1:-1|17:+1:-1,"[[3, 20, 4, 21], [4, 35, 5, 36], [5, 35, 6, 34], [6, 25, 7, 26], [7, 32, 8, 33], [8, 18, 9, 17], [9, 12, 10, 13], [10, 30, 11, 29], [11, 30, 12, 31], [13, 16, 14, 17], [21, 36, 22, 1], [22, 2, 23, 1], [23, 2, 24, 3], [24, 19, 25, 20], [26, 33, 27, 34], [27, 14, 28, 15], [28, 16, 29, 15], [31, 18, 32, 19]]",5,,,False,,not_applicable,,passed,True,7,1,5,,False,19.237764590702575,1.2767034395024117,0.03825855164676639,0.1522163781859505,False,True,,passed,,0.00826299999607727,62,0.6974144443247476,-0.7162847034810623,0.0234375,-0.7987455142692627,0.02343964629780272,False,13
5_1_torus_T_2_5,deterministic_angular_sweep,32,96,,fibonacci_063,generic_tilt,"[-0.030415768322643748, 0.9995068013180768, 0.0078125]",5,5,40.676548542594446,14.557178462343233,1.1341477379228062,16,1,False,1:+1:+1|2:+1:-1|3:+1:+1|4:+1:-1|2:-1:-1|5:+1:-1|6:-1:-1|7:-1:+1|5:-1:-1|1:-1:+1|8:-1:-1|9:-1:-1|10:-1:-1|11:+1:-1|12:+1:+1|13:+1:-1|9:+1:-1|14:+1:-1|15:-1:-1|6:+1:-1|7:+1:+1|3:-1:+1|4:-1:-1|8:+1:-1|14:-1:-1|16:-1:-1|11:-1:-1|12:-1:+1|13:-1:-1|10:+1:-1|16:+1:-1|15:+1:-1,"[[3, 22, 4, 23], [9, 24, 10, 25], [10, 5, 11, 6], [11, 30, 12, 31], [12, 22, 13, 21], [13, 16, 14, 17], [14, 2, 15, 1], [15, 2, 16, 3], [17, 20, 18, 21], [25, 6, 26, 7], [26, 8, 27, 7], [27, 8, 28, 9], [28, 23, 29, 24], [29, 4, 30, 5], [31, 18, 32, 19], [32, 20, 1, 19]]",5,,,False,,not_applicable,,passed,True,7,1,5,,False,11.885363829595816,1.1858410081242665,0.007960794470200483,0.14241687516477577,False,True,,passed,,0.01681539999844972,63,-0.030415768322643748,0.9995068013180768,0.0078125,1.6012177154593927,0.007812579475042568,False,11
5_1_torus_T_2_5,deterministic_angular_sweep,32,96,,fibonacci_064,generic_tilt,"[-0.6527295023747824, -0.7575507650140146, -0.0078125]",5,5,40.676548542594446,14.557178462343233,1.1341477379228062,16,1,False,1:+1:+1|2:+1:-1|2:-1:-1|3:+1:-1|4:-1:-1|5:-1:+1|3:-1:-1|1:-1:+1|6:-1:-1|7:-1:-1|8:-1:-1|9:+1:-1|10:+1:+1|11:+1:-1|7:+1:-1|12:+1:-1|13:-1:-1|4:+1:-1|5:+1:+1|6:+1:-1|12:-1:-1|14:-1:-1|15:-1:+1|16:-1:-1|9:-1:-1|10:-1:+1|11:-1:-1|8:+1:-1|16:+1:-1|15:+1:+1|14:+1:-1|13:+1:-1,"[[1, 14, 2, 15], [2, 29, 3, 30], [3, 29, 4, 28], [4, 27, 5, 28], [5, 10, 6, 11], [9, 26, 10, 27], [15, 30, 16, 31], [16, 11, 17, 12], [17, 6, 18, 7], [18, 26, 19, 25], [19, 22, 20, 23], [20, 8, 21, 7], [21, 8, 22, 9], [23, 24, 24, 25], [31, 12, 32, 13], [32, 14, 1, 13]]",5,,,False,,not_applicable,,passed,True,7,1,5,,False,10.058862229043031,1.2038316792580424,0.029247645684421286,0.1439680736293009,False,True,,passed,,0.0094742000073893,64,-0.6527295023747824,-0.7575507650140146,-0.0078125,-2.2820043619915387,-0.007812579475042568,False,11
5_1_torus_T_2_5,deterministic_angular_sweep,32,96,,fibonacci_065,generic_tilt,"[0.9927781289564758, 0.11765317785520758, -0.0234375]",5,5,40.676548542594446,14.557178462343233,1.1341477379228062,18,1,False,1:+1:+1|2:+1:-1|3:+1:+1|4:+1:-1|2:-1:-1|5:+1:-1|6:-1:-1|7:-1:+1|5:-1:-1|1:-1:+1|8:-1:-1|9:-1:-1|10:-1:-1|11:+1:-1|12:+1:+1|13:+1:-1|9:+1:-1|14:-1:-1|15:+1:-1|6:+1:-1|7:+1:+1|3:-1:+1|4:-1:-1|8:+1:-1|16:-1:-1|15:-1:-1|17:-1:+1|18:-1:-1|11:-1:-1|12:-1:+1|13:-1:-1|10:+1:-1|18:+1:-1|17:+1:+1|14:+1:-1|16:+1:-1,"[[5, 20, 6, 21], [6, 22, 7, 21], [7, 22, 8, 23], [8, 3, 9, 4], [9, 3, 10, 2], [10, 17, 11, 18], [11, 36, 12, 1], [13, 32, 14, 33], [14, 34, 15, 33], [18, 1, 19, 2], [23, 4, 24, 5], [24, 19, 25, 20], [25, 12, 26, 13], [26, 36, 27, 35], [27, 30, 28, 31], [28, 16, 29, 15], [29, 16, 30, 17], [31, 34, 32, 35]]",5,,,False,,not_applicable,,passed,True,7,1,5,,False,3.5298537661701497,1.2925489989649022,0.02413882550038693,0.15439767897535345,False,True,,passed,,0.01164680000510998,65,0.9927781289564758,0.11765317785520758,-0.0234375,0.11795886773711671,-0.02343964629780272,False,13
5_1_torus_T_2_5,deterministic_angular_sweep,32,96,,fibonacci_066,generic_tilt,"[-0.8111207115105447, 0.5835728852957254, -0.0390625]",5,5,40.676548542594446,14.557178462343233,1.1341477379228062,15,1,False,1:+1:+1|2:+1:-1|3:+1:+1|4:+1:-1|5:+1:-1|6:-1:-1|7:-1:+1|5:-1:-1|8:-1:-1|3:-1:+1|9:-1:-1|10:+1:-1|11:-1:-1|12:+1:+1|13:+1:-1|9:+1:-1|2:-1:-1|14:+1:-1|6:+1:-1|7:+1:+1|4:-1:-1|8:+1:-1|14:-1:-1|1:-1:+1|10:-1:-1|15:-1:-1|12:-1:+1|13:-1:-1|15:+1:-1|11:+1:-1,"[[1, 19, 2, 18], [2, 19, 3, 20], [10, 23, 11, 24], [11, 25, 12, 24], [12, 9, 13, 10], [13, 26, 14, 27], [14, 8, 15, 7], [15, 20, 16, 21], [17, 4, 18, 5], [21, 6, 22, 7], [25, 8, 26, 9], [27, 22, 28, 23], [28, 6, 29, 5], [29, 16, 30, 17], [30, 3, 1, 4]]",5,,,False,,not_applicable,,passed,True,9,1,5,,False,24.248995694383176,1.4345999838156782,0.0041389543323333555,0.1718888305423306,False,True,,passed,,0.012447900007828139,66,-0.8111207115105447,0.5835728852957254,-0.0390625,2.517922097465772,-0.03907244093487471,False,10
5_1_torus_T_2_5,deterministic_angular_sweep,32,96,,fibonacci_067,generic_tilt,"[0.20374772702411498, -0.9774948291813397, -0.0546875]",5,5,40.676548542594446,14.557178462343233,1.1341477379228062,16,1,False,1:+1:+1|2:+1:-1|2:-1:-1|3:+1:-1|4:+1:-1|5:-1:-1|6:-1:+1|4:-1:-1|7:-1:-1|1:-1:+1|8:-1:-1|9:-1:-1|10:+1:-1|11:+1:+1|12:+1:-1|8:+1:-1|13:-1:-1|14:+1:-1|5:+1:-1|6:+1:+1|3:-1:-1|7:+1:-1|14:-1:-1|15:-1:+1|16:-1:-1|10:-1:-1|11:-1:+1|12:-1:-1|9:+1:-1|16:+1:-1|15:+1:+1|13:+1:-1,"[[1, 16, 2, 17], [3, 30, 4, 31], [4, 12, 5, 11], [5, 10, 6, 11], [6, 25, 7, 26], [7, 27, 8, 26], [8, 27, 9, 28], [15, 14, 16, 15], [18, 31, 19, 32], [19, 1, 20, 32], [20, 17, 21, 18], [21, 2, 22, 3], [22, 14, 23, 13], [23, 28, 24, 29], [24, 9, 25, 10], [29, 12, 30, 13]]",5,,,False,,not_applicable,,passed,True,8,1,5,,False,10.874761418189433,0.8962723622839444,0.012913545282291494,0.10639464745919472,False,True,,passed,,0.014850599996862002,67,0.20374772702411498,-0.9774948291813397,-0.0546875,-1.3652999799851593,-0.0547147959424247,False,11
5_1_torus_T_2_5,deterministic_angular_sweep,32,96,,fibonacci_068,generic_tilt,"[0.5095512011500745, 0.8575626657861607, -0.0703125]",5,5,40.676548542594446,14.557178462343233,1.1341477379228062,16,1,False,1:+1:+1|2:+1:-1|3:+1:+1|4:+1:-1|2:-1:-1|5:+1:-1|6:-1:-1|7:-1:+1|5:-1:-1|1:-1:+1|8:-1:-1|9:-1:-1|10:-1:-1|11:+1:-1|12:+1:+1|13:+1:-1|9:+1:-1|14:-1:-1|15:+1:-1|6:+1:-1|7:+1:+1|3:-1:+1|4:-1:-1|8:+1:-1|16:-1:-1|15:-1:-1|11:-1:-1|12:-1:+1|13:-1:-1|10:+1:-1|14:+1:-1|16:+1:-1,"[[4, 17, 5, 18], [8, 22, 9, 21], [9, 22, 10, 23], [11, 18, 12, 19], [12, 5, 13, 6], [13, 32, 14, 1], [14, 2, 15, 1], [15, 2, 16, 3], [23, 20, 24, 21], [25, 6, 26, 7], [26, 8, 27, 7], [27, 24, 28, 25], [28, 20, 29, 19], [29, 10, 30, 11], [30, 3, 31, 4], [31, 16, 32, 17]]",5,,,False,,not_applicable,,passed,True,7,1,5,,False,26.437165225954036,1.253848048636941,0.01911857808969586,0.14719817387041148,False,True,,passed,,0.01351069999509491,68,0.5095512011500745,0.8575626657861607,-0.0703125,1.034663249743496,-0.07037056498670617,False,11
5_1_torus_T_2_5,deterministic_angular_sweep,32,96,,fibonacci_069,generic_tilt,"[-0.953830168944334, -0.28778942806394603, -0.0859375]",5,5,40.676548542594446,14.557178462343233,1.1341477379228062,16,1,False,1:+1:+1|2:+1:-1|3:+1:+1|4:+1:-1|2:-1:-1|5:+1:-1|6:-1:-1|7:-1:+1|5:-1:-1|1:-1:+1|8:-1:-1|9:-1:-1|10:-1:-1|11:+1:-1|12:+1:+1|13:+1:-1|9:+1:-1|14:+1:-1|15:-1:-1|6:+1:-1|7:+1:+1|3:-1:+1|4:-1:-1|8:+1:-1|14:-1:-1|16:-1:-1|11:-1:-1|12:-1:+1|13:-1:-1|10:+1:-1|16:+1:-1|15:+1:-1,"[[1, 25, 2, 24], [2, 15, 3, 16], [3, 8, 4, 9], [4, 21, 5, 22], [10, 23, 11, 24], [13, 27, 14, 26], [14, 27, 15, 28], [16, 9, 17, 10], [17, 22, 18, 23], [18, 5, 19, 6], [19, 7, 20, 6], [20, 7, 21, 8], [28, 25, 29, 26], [30, 11, 31, 12], [31, 13, 32, 12], [32, 29, 1, 30]]",5,,,False,,not_applicable,,passed,True,7,1,5,,False,23.14877053426261,1.2278828600081124,0.029232417651698483,0.1458954626530797,False,True,,passed,,0.011144200005219318,69,-0.953830168944334,-0.28778942806394603,-0.0859375,-2.848558827707435,-0.08604363146951062,False,11
5_1_torus_T_2_5,deterministic_angular_sweep,32,96,,fibonacci_070,generic_tilt,"[0.8963978590925153, -0.4314579200896712, -0.1015625]",5,5,40.676548542594446,14.557178462343233,1.1341477379228062,16,1,False,1:+1:+1|2:+1:-1|3:+1:-1|4:+1:+1|5:+1:-1|3:-1:-1|6:-1:-1|7:+1:-1|7:-1:-1|8:-1:+1|9:-1:-1|1:-1:+1|10:-1:-1|11:-1:-1|12:+1:-1|13:+1:+1|14:+1:-1|15:+1:-1|2:-1:-1|9:+1:-1|8:+1:+1|6:+1:-1|4:-1:+1|5:-1:-1|15:-1:-1|10:+1:-1|16:-1:-1|12:-1:-1|13:-1:+1|14:-1:-1|11:+1:-1|16:+1:-1,"[[3, 32, 4, 1], [4, 19, 5, 20], [6, 5, 7, 6], [7, 19, 8, 18], [8, 17, 9, 18], [9, 31, 10, 30], [10, 23, 11, 24], [11, 28, 12, 29], [16, 31, 17, 32], [20, 2, 21, 1], [21, 2, 22, 3], [22, 15, 23, 16], [24, 29, 25, 30], [25, 12, 26, 13], [26, 14, 27, 13], [27, 14, 28, 15]]",5,,,False,,not_applicable,,passed,True,8,1,5,,False,3.3585781941505264,1.350972462910656,0.006805566824601428,0.1588483979780966,False,True,,passed,,0.008568599994760007,70,0.8963978590925153,-0.4314579200896712,-0.1015625,-0.4485955979788082,-0.10173791733766063,False,11
5_1_torus_T_2_5,deterministic_angular_sweep,32,96,,fibonacci_071,generic_tilt,"[-0.3688915909610238, 0.9220553584042525, -0.1171875]",5,5,40.676548542594446,14.557178462343233,1.1341477379228062,11,1,False,1:+1:+1|2:+1:-1|3:+1:-1|4:+1:+1|5:+1:-1|3:-1:-1|6:-1:-1|1:-1:+1|7:-1:-1|8:-1:-1|9:+1:-1|10:+1:-1|2:-1:-1|6:+1:-1|4:-1:+1|5:-1:-1|10:-1:-1|7:+1:-1|11:-1:-1|9:-1:-1|8:+1:-1|11:+1:-1,"[[1, 14, 2, 15], [9, 6, 10, 7], [10, 17, 11, 18], [11, 5, 12, 4], [12, 21, 13, 22], [13, 2, 14, 3], [16, 5, 17, 6], [18, 8, 19, 7], [19, 8, 20, 9], [20, 15, 21, 16], [22, 3, 1, 4]]",5,,,False,,not_applicable,,passed,True,8,1,5,,False,21.340588830516587,1.4075736081794699,0.0037790958225798477,0.16610868294899814,False,True,,passed,,0.00861560000339523,71,-0.3688915909610238,0.9220553584042525,-0.1171875,1.951367631749847,-0.11745739213294011,False,6
5_1_torus_T_2_5,deterministic_angular_sweep,32,96,,fibonacci_072,generic_tilt,"[-0.35013482113659194, -0.927235917591309, -0.1328125]",5,5,40.676548542594446,14.557178462343233,1.1341477379228062,14,1,False,1:+1:+1|2:+1:-1|3:+1:-1|4:+1:+1|5:+1:-1|3:-1:-1|6:-1:-1|1:-1:+1|7:-1:-1|8:-1:-1|9:-1:-1|10:-1:+1|11:-1:-1|9:+1:-1|10:+1:+1|11:+1:-1|12:+1:-1|13:+1:-1|2:-1:-1|6:+1:-1|4:-1:+1|5:-1:-1|13:-1:-1|7:+1:-1|14:-1:-1|12:-1:-1|8:+1:-1|14:+1:-1,"[[1, 13, 2, 12], [2, 13, 3, 14], [3, 26, 4, 27], [5, 8, 6, 9], [6, 25, 7, 26], [14, 11, 15, 12], [15, 28, 16, 1], [16, 10, 17, 9], [17, 4, 18, 5], [18, 7, 19, 8], [19, 22, 20, 23], [20, 24, 21, 23], [21, 24, 22, 25], [27, 10, 28, 11]]",5,,,False,,not_applicable,,passed,True,8,1,5,,False,21.562168721707565,1.2748538665605664,0.014453486502858937,0.15104457770833862,False,True,,passed,,0.010864299998502247,72,-0.35013482113659194,-0.927235917591309,-0.1328125,-1.9318544457010842,-0.13320608234182008,False,9
5_1_torus_T_2_5,deterministic_angular_sweep,32,96,,fibonacci_073,generic_tilt,"[0.8825367482568224, 0.4462008477916912, -0.1484375]",5,5,40.676548542594446,14.557178462343233,1.1341477379228062,12,1,False,1:+1:+1|2:+1:-1|3:+1:-1|4:+1:-1|5:+1:-1|6:-1:-1|7:-1:+1|8:-1:-1|4:-1:-1|9:-1:-1|10:+1:-1|3:-1:-1|9:+1:-1|11:+1:-1|6:+1:-1|7:+1:+1|8:+1:-1|5:-1:-1|11:-1:-1|10:-1:-1|12:-1:-1|1:-1:+1|2:-1:-1|12:+1:-1,"[[6, 15, 7, 16], [7, 17, 8, 16], [8, 17, 9, 18], [9, 4, 10, 5], [10, 13, 11, 14], [12, 3, 13, 4], [18, 5, 19, 6], [19, 14, 20, 15], [20, 11, 21, 12], [21, 24, 22, 1], [22, 2, 23, 1], [23, 2, 24, 3]]",5,,,False,,not_applicable,,passed,True,7,1,5,,False,33.110882632856644,1.185980182854998,0.05217849144661457,0.1410643979158961,False,True,,passed,,0.007031800007098354,73,0.8825367482568224,0.4462008477916912,-0.1484375,0.46810878402757106,-0.14898808110808143,False,7
5_1_torus_T_2_5,deterministic_angular_sweep,32,96,,fibonacci_074,generic_tilt,"[-0.9497795177339626, 0.2664626874194421, -0.1640625]",5,5,40.676548542594446,14.557178462343233,1.1341477379228062,12,1,False,1:+1:+1|2:+1:-1|3:+1:-1|4:+1:-1|5:+1:-1|6:-1:-1|7:-1:+1|8:-1:-1|4:-1:-1|9:-1:-1|10:+1:-1|3:-1:-1|9:+1:-1|11:+1:-1|6:+1:-1|7:+1:+1|8:+1:-1|5:-1:-1|11:-1:-1|10:-1:-1|12:-1:-1|1:-1:+1|2:-1:-1|12:+1:-1,"[[1, 4, 2, 5], [2, 6, 3, 5], [3, 6, 4, 7], [10, 19, 11, 20], [11, 21, 12, 20], [12, 21, 13, 22], [13, 8, 14, 9], [14, 17, 15, 18], [16, 7, 17, 8], [22, 9, 23, 10], [23, 18, 24, 19], [24, 15, 1, 16]]",5,,,False,,not_applicable,,passed,True,7,1,5,,False,33.722856411593085,1.1458659962190407,0.03355876250207501,0.1360439821308022,False,True,,passed,,0.009670699990238063,74,-0.9497795177339626,0.2664626874194421,-0.1640625,2.8680720137562266,-0.16480755837603633,False,7
5_1_torus_T_2_5,deterministic_angular_sweep,32,96,,fibonacci_075,generic_tilt,"[0.5189068466925207, -0.8357320663941133, -0.1796875]",5,5,40.676548542594446,14.557178462343233,1.1341477379228062,12,1,False,1:+1:+1|2:+1:-1|3:+1:-1|4:+1:-1|5:+1:-1|6:-1:-1|7:-1:+1|8:-1:-1|4:-1:-1|9:-1:-1|10:+1:-1|3:-1:-1|9:+1:-1|11:+1:-1|6:+1:-1|7:+1:+1|8:+1:-1|5:-1:-1|11:-1:-1|10:-1:-1|12:-1:-1|1:-1:+1|2:-1:-1|12:+1:-1,"[[2, 13, 3, 14], [3, 22, 4, 23], [4, 19, 5, 20], [5, 8, 6, 9], [6, 10, 7, 9], [7, 10, 8, 11], [14, 23, 15, 24], [15, 1, 16, 24], [16, 1, 17, 2], [17, 12, 18, 13], [18, 21, 19, 22], [20, 11, 21, 12]]",5,,,False,,not_applicable,,passed,True,7,1,5,,False,34.79714496157206,1.1439400739205143,0.004433442859522074,0.13443358473883676,False,True,,passed,,0.007323300000280142,75,0.5189068466925207,-0.8357320663941133,-0.1796875,-1.0151500636947048,-0.18066877153760597,False,7
5_1_torus_T_2_5,deterministic_angular_sweep,32,96,,fibonacci_076,generic_tilt,"[0.18135160380123694, 0.9638281087115427, -0.1953125]",5,5,40.676548542594446,14.557178462343233,1.1341477379228062,12,1,False,1:+1:+1|2:+1:-1|3:+1:-1|4:+1:-1|5:+1:-1|6:-1:-1|7:-1:+1|8:-1:-1|4:-1:-1|9:-1:-1|10:+1:-1|3:-1:-1|9:+1:-1|11:+1:-1|6:+1:-1|7:+1:+1|8:+1:-1|5:-1:-1|11:-1:-1|10:-1:-1|12:-1:-1|1:-1:+1|2:-1:-1|12:+1:-1,"[[1, 16, 2, 17], [7, 18, 8, 19], [8, 3, 9, 4], [9, 24, 10, 1], [10, 13, 11, 14], [11, 15, 12, 14], [12, 15, 13, 16], [19, 4, 20, 5], [20, 6, 21, 5], [21, 6, 22, 7], [22, 17, 23, 18], [23, 2, 24, 3]]",5,,,False,,not_applicable,,passed,True,7,1,5,,False,33.99947382672323,1.1910398439452348,0.007093885365080155,0.14143008630140785,False,True,,passed,,0.009075000009033829,76,0.18135160380123694,0.9638281087115427,-0.1953125,1.3848131660339504,-0.19657607666314347,False,7
5_1_torus_T_2_5,deterministic_angular_sweep,32,96,,fibonacci_077,generic_tilt,"[-0.7821857363972451, -0.5862515201434019, -0.2109375]",5,5,40.676548542594446,14.557178462343233,1.1341477379228062,12,1,False,1:+1:+1|2:+1:-1|3:+1:-1|4:+1:-1|4:-1:-1|5:-1:-1|6:-1:-1|7:+1:-1|8:-1:-1|9:+1:+1|10:+1:-1|6:+1:-1|2:-1:-1|11:+1:-1|5:+1:-1|3:-1:-1|11:-1:-1|1:-1:+1|7:-1:-1|12:-1:-1|9:-1:+1|10:-1:-1|12:+1:-1|8:+1:-1,"[[1, 13, 2, 12], [2, 23, 3, 24], [3, 14, 4, 15], [4, 22, 5, 21], [5, 8, 6, 9], [6, 19, 7, 20], [9, 20, 10, 21], [13, 22, 14, 23], [15, 10, 16, 11], [16, 7, 17, 8], [17, 18, 18, 19], [24, 11, 1, 12]]",5,,,False,,not_applicable,,passed,True,8,1,5,,False,22.822452375857022,1.2632187960098311,8.098740327255882e-05,0.14704014625607917,False,True,,passed,,0.006758300005458295,77,-0.7821857363972451,-0.5862515201434019,-0.2109375,-2.498408911416981,-0.21253394040374687,False,7
5_1_torus_T_2_5,deterministic_angular_sweep,32,96,,fibonacci_078,generic_tilt,"[0.969280670134353, -0.09573095684077039, -0.2265625]",5,5,40.676548542594446,14.557178462343233,1.1341477379228062,12,1,False,1:+1:+1|2:+1:-1|3:+1:-1|3:-1:-1|4:-1:-1|5:-1:-1|6:+1:-1|7:-1:-1|8:+1:+1|9:+1:-1|5:+1:-1|10:+1:-1|11:-1:-1|4:+1:-1|2:-1:-1|1:-1:+1|10:-1:-1|6:-1:-1|12:-1:-1|8:-1:+1|9:-1:-1|12:+1:-1|7:+1:-1|11:+1:-1,"[[3, 14, 4, 15], [4, 16, 5, 15], [5, 2, 6, 3], [6, 17, 7, 18], [7, 12, 8, 13], [8, 24, 9, 23], [9, 22, 10, 23], [11, 24, 12, 1], [16, 1, 17, 2], [18, 13, 19, 14], [19, 10, 20, 11], [20, 21, 21, 22]]",5,,,False,,not_applicable,,passed,True,6,1,5,,False,8.304206506843375,0.6159408852174704,0.11415239832367163,0.07171848376059616,False,True,,passed,,0.007837800003471784,78,0.969280670134353,-0.09573095684077039,-0.2265625,-0.09844568168832547,-0.2285469526620647,False,7
5_1_torus_T_2_5,deterministic_angular_sweep,32,96,,fibonacci_079,generic_tilt,"[-0.6475378367687641, 0.722523331662431, -0.2421875]",5,5,40.676548542594446,14.557178462343233,1.1341477379228062,11,1,False,1:+1:+1|2:+1:-1|3:+1:-1|4:-1:-1|5:+1:-1|5:-1:-1|6:-1:+1|7:-1:-1|8:-1:-1|1:-1:+1|9:-1:-1|10:+1:-1|2:-1:-1|8:+1:-1|11:+1:-1|6:+1:+1|4:+1:-1|3:-1:-1|7:+1:-1|11:-1:-1|10:-1:-1|9:+1:-1,"[[5, 18, 6, 19], [7, 6, 8, 7], [8, 18, 9, 17], [9, 20, 10, 21], [10, 15, 11, 16], [11, 3, 12, 2], [12, 1, 13, 2], [14, 3, 15, 4], [19, 4, 20, 5], [21, 16, 22, 17], [22, 13, 1, 14]]",5,,,False,,not_applicable,,passed,True,6,1,5,,False,15.533051356604924,1.3961085207019046,0.010618554393801105,0.1620836961426956,False,True,,passed,,0.0070964999904390424,79,-0.6475378367687641,0.722523331662431,-0.2421875,2.30151754804033,-0.24461984013947533,False,6
5_1_torus_T_2_5,deterministic_angular_sweep,32,96,,fibonacci_080,generic_tilt,"[-0.010539241457962005, -0.9661374846434853, -0.2578125]",5,5,40.676548542594446,14.557178462343233,1.1341477379228062,11,1,False,1:+1:+1|2:+1:-1|3:+1:-1|3:-1:-1|4:+1:-1|5:-1:-1|6:-1:-1|1:-1:+1|7:-1:-1|8:+1:-1|9:+1:+1|10:+1:-1|2:-1:-1|11:+1:-1|5:+1:-1|4:-1:-1|11:-1:-1|6:+1:-1|8:-1:-1|9:-1:+1|10:-1:-1|7:+1:-1,"[[1, 12, 2, 13], [2, 21, 3, 22], [4, 17, 5, 18], [5, 19, 6, 18], [6, 19, 7, 20], [11, 10, 12, 11], [13, 22, 14, 1], [14, 3, 15, 4], [15, 9, 16, 8], [16, 7, 17, 8], [20, 9, 21, 10]]",5,,,False,,not_applicable,,passed,True,6,1,5,,False,5.0580536140351855,1.1670069427915997,0.029126935897891393,0.13593042475349182,False,True,,passed,,0.008184199992683716,80,-0.010539241457962005,-0.9661374846434853,-0.2578125,-1.5817045294106014,-0.2607574808802837,False,6
5_1_torus_T_2_5,deterministic_angular_sweep,32,96,,fibonacci_081,generic_tilt,"[0.6574452302736683, 0.7021379513914294, -0.2734375]",5,5,40.676548542594446,14.557178462343233,1.1341477379228062,11,1,False,1:+1:+1|2:+1:-1|2:-1:-1|3:+1:-1|4:-1:-1|5:-1:-1|6:-1:+1|7:-1:-1|8:+1:-1|9:+1:-1|10:-1:-1|4:+1:-1|3:-1:-1|1:-1:+1|9:-1:-1|11:-1:-1|5:+1:-1|8:-1:-1|7:+1:-1|6:+1:+1|11:+1:-1|10:+1:-1,"[[3, 14, 4, 15], [5, 18, 6, 19], [6, 16, 7, 15], [7, 2, 8, 3], [8, 13, 9, 14], [10, 1, 11, 2], [17, 16, 18, 17], [19, 4, 20, 5], [20, 9, 21, 10], [21, 13, 22, 12], [22, 11, 1, 12]]",5,,,False,,not_applicable,,passed,True,6,1,5,,False,15.102267573194267,1.3621300947202155,0.013936025285993026,0.15766931215532878,False,True,,passed,,0.008466300001600757,81,0.6574452302736683,0.7021379513914294,-0.2734375,0.8182587003180538,-0.27696491994854544,False,6
5_1_torus_T_2_5,deterministic_angular_sweep,32,96,,fibonacci_082,generic_tilt,"[-0.9545009174491055, -0.07328621754849943, -0.2890625]",5,5,40.676548542594446,14.557178462343233,1.1341477379228062,12,1,False,1:+1:+1|2:+1:-1|3:+1:-1|4:+1:-1|5:+1:+1|6:+1:-1|4:-1:-1|7:-1:-1|8:-1:-1|1:-1:+1|9:-1:-1|10:-1:-1|10:+1:-1|11:+1:-1|12:+1:-1|3:-1:-1|7:+1:-1|5:-1:+1|6:-1:-1|12:-1:-1|2:-1:-1|8:+1:-1|11:-1:-1|9:+1:-1,"[[1, 14, 2, 15], [2, 18, 3, 17], [3, 16, 4, 17], [4, 5, 5, 6], [8, 19, 9, 20], [10, 22, 11, 21], [11, 22, 12, 23], [12, 7, 13, 8], [13, 18, 14, 19], [15, 6, 16, 7], [23, 20, 24, 21], [24, 9, 1, 10]]",5,,,False,,not_applicable,,passed,True,6,1,5,,False,28.974388716605294,1.2848575022170472,0.023947099445337017,0.14888247938513208,False,True,,passed,,0.008500199997797608,82,-0.9545009174491055,-0.07328621754849943,-0.2890625,-3.0649633771328775,-0.2932473863906822,False,7
5_1_torus_T_2_5,deterministic_angular_sweep,32,96,,fibonacci_083,generic_tilt,"[0.7495006745800074, -0.5877195471888476, -0.3046875]",5,5,40.676548542594446,14.557178462343233,1.1341477379228062,10,1,False,1:+1:+1|2:+1:-1|3:+1:-1|4:+1:-1|5:-1:-1|6:+1:-1|4:-1:-1|7:-1:-1|8:-1:-1|1:-1:+1|9:+1:-1|3:-1:-1|7:+1:-1|5:+1:-1|10:+1:-1|10:-1:-1|6:-1:-1|9:-1:-1|2:-1:-1|8:+1:-1,"[[2, 19, 3, 20], [3, 10, 4, 11], [4, 15, 5, 16], [5, 6, 6, 7], [9, 18, 10, 19], [11, 1, 12, 20], [12, 1, 13, 2], [13, 8, 14, 9], [14, 17, 15, 18], [16, 7, 17, 8]]",5,,,False,,not_applicable,,passed,True,6,1,5,,False,33.866710650625585,1.2138731161330376,0.03168295394837539,0.1398342251960348,False,True,,passed,,0.006015699997078627,83,0.7495006745800074,-0.5877195471888476,-0.3046875,-0.6650001474042505,-0.30961031165767294,False,5
5_1_torus_T_2_5,deterministic_angular_sweep,32,96,,fibonacci_084,generic_tilt,"[-0.15481951772303917, 0.9345752079291187, -0.3203125]",5,5,40.676548542594446,14.557178462343233,1.1341477379228062,10,1,False,1:+1:+1|2:+1:-1|3:+1:-1|4:+1:-1|5:-1:-1|6:+1:-1|4:-1:-1|7:-1:-1|8:-1:-1|1:-1:+1|9:+1:-1|3:-1:-1|7:+1:-1|5:+1:-1|10:+1:-1|10:-1:-1|6:-1:-1|9:-1:-1|2:-1:-1|8:+1:-1,"[[1, 12, 2, 13], [7, 4, 8, 5], [8, 15, 9, 16], [9, 20, 10, 1], [10, 11, 11, 12], [14, 3, 15, 4], [16, 6, 17, 5], [17, 6, 18, 7], [18, 13, 19, 14], [19, 2, 20, 3]]",5,,,False,,not_applicable,,passed,True,6,1,5,,False,47.11755956216806,1.1593267513147671,0.016172998146942064,0.13675440021073365,False,True,,passed,,0.0077372999949147925,84,-0.15481951772303917,0.9345752079291187,-0.3203125,1.7349630823244049,-0.32605934968485534,False,5
5_1_torus_T_2_5,deterministic_angular_sweep,32,96,,fibonacci_085,generic_tilt,"[-0.514174432110886, -0.7891581903884657, -0.3359375]",5,5,40.676548542594446,14.557178462343233,1.1341477379228062,12,1,False,1:+1:+1|2:+1:-1|3:+1:-1|4:+1:-1|5:+1:-1|6:-1:-1|7:-1:+1|8:-1:-1|4:-1:-1|9:-1:-1|10:+1:-1|3:-1:-1|9:+1:-1|11:+1:-1|6:+1:-1|7:+1:+1|8:+1:-1|5:-1:-1|11:-1:-1|10:-1:-1|12:-1:-1|1:-1:+1|2:-1:-1|12:+1:-1,"[[1, 11, 2, 10], [2, 11, 3, 12], [3, 22, 4, 23], [4, 7, 5, 8], [6, 21, 7, 22], [12, 23, 13, 24], [13, 8, 14, 9], [14, 5, 15, 6], [15, 18, 16, 19], [16, 20, 17, 19], [17, 20, 18, 21], [24, 9, 1, 10]]",5,,,False,,not_applicable,,passed,True,7,1,5,,False,33.06401642088116,1.1402675882348299,0.0025023594192177256,0.13146685995804266,False,True,,passed,,0.00935330000356771,85,-0.514174432110886,-0.7891581903884657,-0.3359375,-2.1482589951265263,-0.3426003988559651,False,7
5_1_torus_T_2_5,deterministic_angular_sweep,32,96,,fibonacci_086,generic_tilt,"[0.9066652925800283, 0.2331562905531862, -0.3515625]",5,5,40.676548542594446,14.557178462343233,1.1341477379228062,12,1,False,1:+1:+1|2:+1:-1|3:+1:-1|4:+1:-1|5:+1:-1|6:-1:-1|7:-1:+1|8:-1:-1|4:-1:-1|9:-1:-1|10:+1:-1|3:-1:-1|9:+1:-1|11:+1:-1|6:+1:-1|7:+1:+1|8:+1:-1|5:-1:-1|11:-1:-1|10:-1:-1|12:-1:-1|1:-1:+1|2:-1:-1|12:+1:-1,"[[4, 13, 5, 14], [5, 15, 6, 14], [6, 15, 7, 16], [7, 2, 8, 3], [8, 11, 9, 12], [10, 1, 11, 2], [16, 3, 17, 4], [17, 12, 18, 13], [18, 9, 19, 10], [19, 22, 20, 23], [20, 24, 21, 23], [21, 24, 22, 1]]",5,,,False,,not_applicable,,passed,True,7,1,5,,False,10.606134871853806,1.1408018123307704,0.0031916228601414076,0.1340260433172473,False,True,,passed,,0.00716800001100637,86,0.9066652925800283,0.2331562905531862,-0.3515625,0.2517042346021289,-0.35923962611183097,False,7
5_1_torus_T_2_5,deterministic_angular_sweep,32,96,,fibonacci_087,generic_tilt,"[-0.8207319593680626, 0.4376898339185076, -0.3671875]",5,5,40.676548542594446,14.557178462343233,1.1341477379228062,10,1,False,1:+1:+1|2:+1:-1|3:+1:-1|4:+1:-1|5:-1:-1|6:+1:-1|4:-1:-1|7:-1:-1|8:-1:-1|1:-1:+1|2:-1:-1|8:+1:-1|9:+1:-1|5:+1:-1|10:+1:-1|10:-1:-1|6:-1:-1|3:-1:-1|7:+1:-1|9:-1:-1,"[[1, 2, 2, 3], [6, 15, 7, 16], [7, 17, 8, 16], [8, 5, 9, 6], [9, 18, 10, 19], [10, 13, 11, 14], [12, 3, 13, 4], [17, 4, 18, 5], [19, 14, 20, 15], [20, 11, 1, 12]]",5,,,False,,not_applicable,,passed,True,6,1,5,,False,42.84383051750871,1.1715297375782303,0.02507000232900225,0.13870643914436315,False,True,,passed,,0.007363100012298673,87,-0.8207319593680626,0.4376898339185076,-0.3671875,2.6516674643307843,-0.3759834935041962,False,5
5_1_torus_T_2_5,deterministic_angular_sweep,32,96,,fibonacci_088,generic_tilt,"[0.3074235551110725, -0.8711746940807104, -0.3828125]",5,5,40.676548542594446,14.557178462343233,1.1341477379228062,10,1,False,1:+1:+1|2:+1:-1|3:+1:-1|4:-1:-1|5:+1:-1|3:-1:-1|6:-1:-1|1:-1:+1|7:-1:-1|7:+1:-1|8:-1:-1|9:+1:-1|4:+1:-1|10:+1:-1|10:-1:-1|5:-1:-1|2:-1:-1|6:+1:-1|9:-1:-1|8:+1:-1,"[[1, 8, 2, 9], [3, 18, 4, 19], [4, 15, 5, 16], [5, 6, 6, 7], [9, 20, 10, 1], [11, 10, 12, 11], [12, 20, 13, 19], [13, 2, 14, 3], [14, 17, 15, 18], [16, 7, 17, 8]]",5,,,False,,not_applicable,,passed,True,6,1,5,,False,29.22186532964339,1.211424242220135,0.03735655068470578,0.13747574614374078,False,True,,passed,,0.007891000001109205,88,0.3074235551110725,-0.8711746940807104,-0.3828125,-1.231554613120147,-0.3928387875427684,False,5
5_1_torus_T_2_5,deterministic_angular_sweep,32,96,,fibonacci_089,generic_tilt,"[0.35918884628183667, 0.8439377532143428, -0.3984375]",5,5,40.676548542594446,14.557178462343233,1.1341477379228062,8,1,False,1:+1:-1|1:-1:-1|2:-1:-1|3:+1:-1|4:-1:-1|5:+1:-1|6:+1:-1|7:-1:-1|5:-1:-1|2:+1:-1|3:-1:-1|8:-1:-1|8:+1:-1|4:+1:-1|7:+1:-1|6:-1:-1,"[[1, 10, 2, 11], [4, 11, 5, 12], [5, 2, 6, 3], [7, 16, 8, 1], [8, 9, 9, 10], [12, 3, 13, 4], [14, 13, 15, 14], [15, 6, 16, 7]]",5,,,False,,not_applicable,,passed,True,6,1,5,,False,5.969785658806565,1.2634194660442701,0.012181242847830731,0.14438454349602559,False,True,,passed,,0.007043899997370318,89,0.35918884628183667,0.8439377532143428,-0.3984375,1.1684086166085081,-0.4098126517404412,False,3
5_1_torus_T_2_5,deterministic_angular_sweep,32,96,,fibonacci_090,generic_tilt,"[-0.8286025284826893, -0.3767891928994833, -0.4140625]",5,5,40.676548542594446,14.557178462343233,1.1341477379228062,9,1,False,1:+1:+1|2:+1:-1|3:+1:-1|3:-1:-1|4:-1:-1|5:+1:-1|6:-1:-1|7:-1:-1|8:+1:-1|6:+1:-1|9:-1:-1|4:+1:-1|2:-1:-1|1:-1:+1|5:-1:-1|8:-1:-1|7:+1:-1|9:+1:-1,"[[1, 10, 2, 11], [2, 16, 3, 15], [3, 14, 4, 15], [5, 16, 6, 17], [8, 17, 9, 18], [9, 6, 10, 7], [11, 4, 12, 5], [12, 13, 13, 14], [18, 7, 1, 8]]",5,,,False,,not_applicable,,passed,True,6,1,5,,False,11.10505000069594,0.5720664458156455,0.05328630728499828,0.06536593642105946,False,True,,passed,,0.005844300001626834,90,-0.8286025284826893,-0.3767891928994833,-0.4140625,-2.714813460842423,-0.4269126228297277,False,4
5_1_torus_T_2_5,deterministic_angular_sweep,32,96,,fibonacci_091,generic_tilt,"[0.8585897775725349, -0.2796287649575688, -0.4296875]",5,5,40.676548542594446,14.557178462343233,1.1341477379228062,8,1,False,1:+1:+1|2:+1:-1|3:+1:-1|4:-1:-1|5:-1:-1|1:-1:+1|6:-1:-1|7:+1:-1|2:-1:-1|8:+1:-1|4:+1:-1|3:-1:-1|8:-1:-1|5:+1:-1|7:-1:-1|6:+1:-1,"[[2, 9, 3, 10], [3, 12, 4, 13], [4, 16, 5, 15], [5, 14, 6, 15], [7, 16, 8, 1], [10, 1, 11, 2], [11, 8, 12, 9], [13, 6, 14, 7]]",5,,,False,,not_applicable,,passed,True,6,1,5,,False,7.013420964426037,1.3755609482142097,0.046068245145182374,0.15835897850701688,False,True,,passed,,0.005548000000999309,91,0.8585897775725349,-0.2796287649575688,-0.4296875,-0.31485023111376764,-0.4441466712053621,False,3
5_1_torus_T_2_5,deterministic_angular_sweep,32,96,,fibonacci_092,generic_tilt,"[-0.4404709182519047, 0.7795397023359835, -0.4453125]",5,5,40.676548542594446,14.557178462343233,1.1341477379228062,7,1,False,1:+1:-1|1:-1:-1|2:-1:-1|3:-1:-1|4:+1:-1|5:+1:-1|6:-1:-1|2:+1:-1|7:-1:-1|4:-1:-1|3:+1:-1|7:+1:-1|5:-1:-1|6:+1:-1,"[[1, 8, 2, 9], [4, 11, 5, 12], [5, 14, 6, 1], [6, 7, 7, 8], [9, 2, 10, 3], [12, 3, 13, 4], [13, 10, 14, 11]]",5,,,False,,not_applicable,,passed,True,6,1,5,,False,20.10646054099008,0.9182424406356132,0.05779880781199154,0.1052962939407281,False,True,,passed,,0.005458700004965067,92,-0.4404709182519047,0.7795397023359835,-0.4453125,2.0851129986148877,-0.46152324624700164,False,2
5_1_torus_T_2_5,deterministic_angular_sweep,32,96,,fibonacci_093,generic_tilt,"[-0.1999920066162086, -0.8646038505485459, -0.4609375]",5,5,40.676548542594446,14.557178462343233,1.1341477379228062,7,1,False,1:+1:-1|1:-1:-1|2:-1:-1|3:-1:-1|4:+1:-1|5:+1:-1|6:-1:-1|2:+1:-1|7:-1:-1|4:-1:-1|3:+1:-1|7:+1:-1|5:-1:-1|6:+1:-1,"[[1, 6, 2, 7], [2, 13, 3, 14], [4, 11, 5, 12], [7, 14, 8, 1], [8, 3, 9, 4], [9, 10, 10, 11], [12, 5, 13, 6]]",5,,,False,,not_applicable,,passed,True,6,1,5,,False,46.1695926974253,1.26615367749238,0.053742932506622765,0.14286470877931812,False,True,,passed,,0.00507820000348147,93,-0.1999920066162086,-0.8646038505485459,-0.4609375,-1.7981090788360437,-0.47905132729611205,False,2
5_1_torus_T_2_5,deterministic_angular_sweep,32,96,,fibonacci_094,generic_tilt,"[0.7246643951077351, 0.49774461127860575, -0.4765625]",5,5,40.676548542594446,14.557178462343233,1.1341477379228062,7,1,False,1:+1:-1|1:-1:-1|2:-1:-1|3:-1:-1|4:+1:-1|5:+1:-1|6:-1:-1|2:+1:-1|7:-1:-1|4:-1:-1|3:+1:-1|7:+1:-1|5:-1:-1|6:+1:-1,"[[2, 9, 3, 10], [5, 10, 6, 11], [6, 3, 7, 4], [8, 1, 9, 2], [11, 4, 12, 5], [12, 7, 13, 8], [13, 14, 14, 1]]",5,,,False,,not_applicable,,passed,True,6,1,5,,False,40.9066784909696,1.2195368632318733,0.04062882406448054,0.14202156482853429,False,True,,passed,,0.006599199987249449,94,0.7246643951077351,0.49774461127860575,-0.4765625,0.6018541508926117,-0.4967404812077047,False,2
5_1_torus_T_2_5,deterministic_angular_sweep,32,96,,fibonacci_095,generic_tilt,"[-0.8619996163400566, 0.12127706408610528, -0.4921875]",5,5,40.676548542594446,14.557178462343233,1.1341477379228062,8,1,False,1:+1:-1|1:-1:-1|2:+1:-1|3:-1:-1|4:-1:-1|5:-1:-1|5:+1:-1|6:+1:-1|7:-1:-1|8:+1:-1|3:+1:-1|2:-1:-1|8:-1:-1|4:+1:-1|6:-1:-1|7:+1:-1,"[[1, 10, 2, 11], [2, 3, 3, 4], [5, 12, 6, 13], [8, 15, 9, 16], [9, 6, 10, 7], [11, 4, 12, 5], [14, 13, 15, 14], [16, 7, 1, 8]]",5,,,False,,not_applicable,,passed,True,6,1,5,,False,5.902308506565061,1.1896657286071977,0.029862573373520718,0.13776040662234632,False,True,,passed,,0.007335300004342571,95,-0.8619996163400566,0.12127706408610528,-0.4921875,3.001817380621267,-0.5146009275773826,False,3
5_1_torus_T_2_5,deterministic_angular_sweep,32,96,,fibonacci_096,generic_tilt,"[0.5479518684708107, -0.664736951495174, -0.5078125]",5,5,40.676548542594446,14.557178462343233,1.1341477379228062,8,1,False,1:+1:-1|1:-1:-1|2:-1:-1|3:+1:-1|4:-1:-1|5:+1:-1|6:+1:-1|6:-1:-1|7:-1:-1|2:+1:-1|3:-1:-1|8:-1:-1|8:+1:-1|4:+1:-1|5:-1:-1|7:+1:-1,"[[1, 16, 2, 1], [2, 9, 3, 10], [4, 13, 5, 14], [5, 6, 6, 7], [8, 15, 9, 16], [11, 10, 12, 11], [12, 3, 13, 4], [14, 7, 15, 8]]",5,,,False,,not_applicable,,passed,True,5,1,5,,True,21.965725812347983,1.1806505103872007,0.007539504840650579,0.13559263687688553,False,True,,passed,,0.005833100003656,96,0.5479518684708107,-0.664736951495174,-0.5078125,-0.8814046968296927,-0.5326436129659039,False,3
5_1_torus_T_2_5,deterministic_angular_sweep,32,96,,fibonacci_097,generic_tilt,"[0.04448970713710642, 0.8509017860791012, -0.5234375]",5,5,40.676548542594446,14.557178462343233,1.1341477379228062,8,1,False,1:+1:-1|1:-1:-1|2:-1:-1|3:+1:-1|4:-1:-1|5:+1:-1|6:+1:-1|6:-1:-1|7:-1:-1|2:+1:-1|3:-1:-1|8:-1:-1|8:+1:-1|4:+1:-1|5:-1:-1|7:+1:-1,"[[1, 10, 2, 11], [4, 3, 5, 4], [5, 12, 6, 13], [7, 16, 8, 1], [8, 9, 9, 10], [11, 2, 12, 3], [14, 13, 15, 14], [15, 6, 16, 7]]",5,,,False,,not_applicable,,passed,True,5,1,5,,True,9.352456181445126,1.1866359183301787,0.030951460630433303,0.1394754371892193,False,True,,passed,,0.006053400007658638,97,0.04448970713710642,0.8509017860791012,-0.5234375,1.5185585328989626,-0.5508802957186253,False,3
5_1_torus_T_2_5,deterministic_angular_sweep,32,96,,fibonacci_098,generic_tilt,"[-0.6005943463346524, -0.5905066064360343, -0.5390625]",5,5,40.676548542594446,14.557178462343233,1.1341477379228062,7,1,False,1:+1:-1|1:-1:-1|2:-1:-1|3:+1:-1|4:-1:-1|5:-1:-1|5:+1:-1|6:+1:-1|7:-1:-1|2:+1:-1|3:-1:-1|4:+1:-1|6:-1:-1|7:+1:-1,"[[1, 8, 2, 9], [3, 12, 4, 13], [6, 5, 7, 6], [7, 14, 8, 1], [9, 2, 10, 3], [10, 11, 11, 12], [13, 4, 14, 5]]",5,,,False,,not_applicable,,passed,True,5,1,5,,True,38.50153336750231,1.2078745228507666,0.04741709947742834,0.1378695402550846,False,True,,passed,,0.005954799999017268,98,-0.6005943463346524,-0.5905066064360343,-0.5390625,-2.3646635445519686,-0.5693236433207793,False,2
5_1_torus_T_2_5,deterministic_angular_sweep,32,96,,fibonacci_099,generic_tilt,"[0.8315404113738077, 0.029365312803180485, -0.5546875]",5,5,40.676548542594446,14.557178462343233,1.1341477379228062,7,1,False,1:+1:-1|1:-1:-1|2:-1:-1|3:+1:-1|4:-1:-1|5:-1:-1|6:+1:-1|4:+1:-1|7:-1:-1|2:+1:-1|3:-1:-1|6:-1:-1|5:+1:-1|7:+1:-1,"[[2, 7, 3, 8], [3, 10, 4, 11], [5, 14, 6, 1], [8, 1, 9, 2], [9, 6, 10, 7], [11, 4, 12, 5], [12, 13, 13, 14]]",5,,,False,,not_applicable,,passed,True,6,1,5,,False,37.79551885692264,1.2435849561705536,0.042400900490333626,0.1425499646505906,False,True,,passed,,0.00513229999342002,99,0.8315404113738077,0.029365312803180485,-0.5546875,0.035299685176686704,-0.5879873446614887,False,2
5_1_torus_T_2_5,deterministic_angular_sweep,32,96,,fibonacci_100,generic_tilt,"[-0.6249005213954005, 0.5331444369994932, -0.5703125]",5,5,40.676548542594446,14.557178462343233,1.1341477379228062,7,1,False,1:+1:-1|1:-1:-1|2:-1:-1|3:+1:-1|4:-1:-1|5:-1:-1|6:+1:-1|4:+1:-1|7:-1:-1|2:+1:-1|3:-1:-1|6:-1:-1|5:+1:-1|7:+1:-1,"[[1, 8, 2, 9], [2, 3, 3, 4], [6, 11, 7, 12], [7, 14, 8, 1], [9, 4, 10, 5], [12, 5, 13, 6], [13, 10, 14, 11]]",5,,,False,,not_applicable,,passed,True,6,1,5,,False,31.975157264385935,1.2916743854648518,0.01622972027803371,0.14810188638543528,False,True,,passed,,0.005676600005244836,100,-0.6249005213954005,0.5331444369994932,-0.5703125,2.435262914905342,-0.6068862401263823,False,2
5_1_torus_T_2_5,deterministic_angular_sweep,32,96,,fibonacci_101,generic_tilt,"[0.09929172145394806, -0.8042502099126003, -0.5859375]",5,5,40.676548542594446,14.557178462343233,1.1341477379228062,7,1,False,1:+1:-1|1:-1:-1|2:-1:-1|3:+1:-1|4:-1:-1|5:-1:-1|6:+1:-1|4:+1:-1|7:-1:-1|2:+1:-1|3:-1:-1|6:-1:-1|5:+1:-1|7:+1:-1,"[[1, 8, 2, 9], [2, 13, 3, 14], [4, 11, 5, 12], [5, 6, 6, 7], [9, 14, 10, 1], [10, 3, 11, 4], [12, 7, 13, 8]]",5,,,False,,not_applicable,,passed,True,6,1,5,,False,26.85762209532991,1.3361388961804384,0.012070695671383191,0.15283413249871042,False,True,,passed,,0.00743539999530185,101,0.09929172145394806,-0.8042502099126003,-0.5859375,-1.4479591625455892,-0.6260364731366106,False,2
5_1_torus_T_2_5,deterministic_angular_sweep,32,96,,fibonacci_102,generic_tilt,"[0.4633602933413715, 0.6507071516038133, -0.6015625]",5,5,40.676548542594446,14.557178462343233,1.1341477379228062,6,1,False,1:+1:-1|2:+1:-1|3:-1:-1|1:-1:-1|4:+1:-1|5:-1:-1|6:+1:-1|3:+1:-1|2:-1:-1|4:-1:-1|5:+1:-1|6:-1:-1,"[[1, 8, 2, 9], [4, 9, 5, 10], [5, 2, 6, 3], [7, 12, 8, 1], [10, 3, 11, 4], [11, 6, 12, 7]]",5,,,False,,not_applicable,,passed,False,6,1,5,,False,24.95338776121859,1.3906807468736524,0.012620945474196787,0.158854617276141,False,True,,passed,,0.005268100008834153,102,0.4633602933413715,0.6507071516038133,-0.6015625,0.9520040671830661,-0.6454556676499499,False,1
5_1_torus_T_2_5,deterministic_angular_sweep,32,96,,fibonacci_103,generic_tilt,"[-0.7694689762381604, -0.16430789527818648, -0.6171875]",5,5,40.676548542594446,14.557178462343233,1.1341477379228062,7,1,False,1:+1:-1|1:-1:-1|2:-1:-1|3:+1:-1|4:-1:-1|5:+1:-1|6:-1:-1|2:+1:-1|3:-1:-1|7:-1:-1|7:+1:-1|4:+1:-1|5:-1:-1|6:+1:-1,"[[1, 10, 2, 11], [2, 3, 3, 4], [5, 12, 6, 13], [8, 7, 9, 8], [9, 14, 10, 1], [11, 4, 12, 5], [13, 6, 14, 7]]",5,,,False,,not_applicable,,passed,True,5,1,5,,True,25.54241298886691,1.336027826602242,0.10260727551197135,0.15193940498657407,False,True,,passed,,0.00472480000462383,103,-0.7694689762381604,-0.16430789527818648,-0.6171875,-2.931218010267865,-0.6651631373050455,False,2
5_1_torus_T_2_5,deterministic_angular_sweep,32,96,,fibonacci_104,generic_tilt,"[0.6675841948779062, -0.39227500888148314, -0.6328125]",5,5,40.676548542594446,14.557178462343233,1.1341477379228062,7,1,False,1:+1:-1|1:-1:-1|2:-1:-1|3:+1:-1|4:-1:-1|5:+1:-1|6:-1:-1|2:+1:-1|3:-1:-1|7:-1:-1|7:+1:-1|4:+1:-1|5:-1:-1|6:+1:-1,"[[1, 8, 2, 9], [3, 12, 4, 13], [4, 5, 5, 6], [7, 14, 8, 1], [10, 9, 11, 10], [11, 2, 12, 3], [13, 6, 14, 7]]",5,,,False,,not_applicable,,passed,True,5,1,5,,True,11.3694699926991,1.3265746716488633,0.06353660507452474,0.150802866913372,False,True,,passed,,0.005301900004269555,104,0.6675841948779062,-0.39227500888148314,-0.6328125,-0.5312547805392098,-0.6851801334166482,False,2
5_1_torus_T_2_5,deterministic_angular_sweep,32,96,,fibonacci_105,generic_tilt,"[-0.2234511120541313, 0.7277351229090995, -0.6484375]",5,5,40.676548542594446,14.557178462343233,1.1341477379228062,6,1,False,1:+1:-1|1:-1:-1|2:-1:-1|3:+1:-1|4:-1:-1|5:+1:-1|6:-1:-1|2:+1:-1|3:-1:-1|4:+1:-1|5:-1:-1|6:+1:-1,"[[1, 8, 2, 9], [3, 10, 4, 11], [5, 12, 6, 1], [6, 7, 7, 8], [9, 2, 10, 3], [11, 4, 12, 5]]",5,,,False,,not_applicable,,passed,True,5,1,5,,True,47.28370617148686,1.3037545740953844,0.02963184981652489,0.14913406673108412,False,True,,passed,,0.005281999998260289,105,-0.2234511120541313,0.7277351229090995,-0.6484375,1.8687084491894455,-0.7055301410504765,False,1
5_1_torus_T_2_5,deterministic_angular_sweep,32,96,,fibonacci_106,generic_tilt,"[-0.3209775771657898, -0.6752735675639387, -0.6640625]",5,5,40.676548542594446,14.557178462343233,1.1341477379228062,6,1,False,1:+1:-1|1:-1:-1|2:-1:-1|3:+1:-1|4:-1:-1|5:+1:-1|6:-1:-1|2:+1:-1|3:-1:-1|4:+1:-1|5:-1:-1|6:+1:-1,"[[1, 6, 2, 7], [3, 10, 4, 11], [5, 12, 6, 1], [7, 2, 8, 3], [8, 9, 9, 10], [11, 4, 12, 5]]",5,,,False,,not_applicable,,passed,True,5,1,5,,True,65.01478897500087,1.293325504819846,0.002569287104080331,0.14781070523825818,False,True,,passed,,0.00633679999737069,106,-0.3209775771657898,-0.6752735675639387,-0.6640625,-2.014513628261486,-0.726239235110326,False,1
5_1_torus_T_2_5,deterministic_angular_sweep,32,96,,fibonacci_107,generic_tilt,"[0.6796844041131607, 0.2757789207845438, -0.6796875]",5,5,40.676548542594446,14.557178462343233,1.1341477379228062,6,1,False,1:+1:-1|1:-1:-1|2:-1:-1|3:+1:-1|4:-1:-1|5:+1:-1|6:-1:-1|2:+1:-1|3:-1:-1|4:+1:-1|5:-1:-1|6:+1:-1,"[[1, 6, 2, 7], [3, 8, 4, 9], [5, 12, 6, 1], [7, 2, 8, 3], [9, 4, 10, 5], [10, 11, 11, 12]]",5,,,False,,not_applicable,,passed,True,5,1,5,,True,58.24523416656854,1.295579562031456,0.0395528792136588,0.14987750675840406,False,True,,passed,,0.0051112999935867265,107,0.6796844041131607,0.2757789207845438,-0.6796875,0.3854496014671695,-0.7473365120313951,False,1
5_1_torus_T_2_5,deterministic_angular_sweep,32,96,,fibonacci_108,generic_tilt,"[-0.6735983936570963, 0.2506107168624866, -0.6953125]",5,5,40.676548542594446,14.557178462343233,1.1341477379228062,6,1,False,1:+1:-1|1:-1:-1|2:-1:-1|3:+1:-1|4:-1:-1|5:+1:-1|6:-1:-1|2:+1:-1|3:-1:-1|4:+1:-1|5:-1:-1|6:+1:-1,"[[1, 8, 2, 9], [2, 3, 3, 4], [5, 10, 6, 11], [7, 12, 8, 1], [9, 4, 10, 5], [11, 6, 12, 7]]",5,,,False,,not_applicable,,passed,True,5,1,5,,True,57.004976169529805,1.3093576164075977,0.05373786364433997,0.15167318042574265,False,True,,passed,,0.005683300012606196,108,-0.6735983936570963,0.2506107168624866,-0.6953125,2.7854128311958246,-0.7688546176956561,False,1
5_1_torus_T_2_5,deterministic_angular_sweep,32,96,,fibonacci_109,generic_tilt,"[0.3203661094167648, -0.6260458665552513, -0.7109375]",5,5,40.676548542594446,14.557178462343233,1.1341477379228062,6,1,False,1:+1:-1|1:-1:-1|2:-1:-1|3:+1:-1|4:-1:-1|5:+1:-1|6:-1:-1|2:+1:-1|3:-1:-1|4:+1:-1|5:-1:-1|6:+1:-1,"[[1, 8, 2, 9], [3, 10, 4, 11], [4, 5, 5, 6], [7, 12, 8, 1], [9, 2, 10, 3], [11, 6, 12, 7]]",5,,,False,,not_applicable,,passed,True,5,1,5,,True,64.39191007649522,1.3344254723730413,0.10417147482343125,0.1535536391707876,False,True,,passed,,0.006892999997944571,109,0.3203661094167648,-0.6260458665552513,-0.7109375,-1.0978092462551063,-0.790830399170303,False,1
5_1_torus_T_2_5,deterministic_angular_sweep,32,96,,fibonacci_110,generic_tilt,"[0.18237205291710581, 0.6624555591951437, -0.7265625]",5,5,40.676548542594446,14.557178462343233,1.1341477379228062,6,1,False,1:+1:-1|1:-1:-1|2:-1:-1|3:+1:-1|4:-1:-1|5:+1:-1|6:-1:-1|2:+1:-1|3:-1:-1|4:+1:-1|5:-1:-1|6:+1:-1,"[[1, 8, 2, 9], [3, 10, 4, 11], [5, 12, 6, 1], [6, 7, 7, 8], [9, 2, 10, 3], [11, 4, 12, 5]]",5,,,False,,not_applicable,,passed,True,5,1,5,,True,46.116968481898034,1.3706591216518373,0.024674657585279647,0.15643191884905241,False,True,,passed,,0.005521900005987845,110,0.18237205291710581,0.6624555591951437,-0.7265625,1.302153983473549,-0.8133057177367133,False,1
5_1_torus_T_2_5,deterministic_angular_sweep,32,96,,fibonacci_111,generic_tilt,"[-0.5676370292144644, -0.35629470653986345, -0.7421875]",5,5,40.676548542594446,14.557178462343233,1.1341477379228062,6,1,False,1:+1:-1|1:-1:-1|2:-1:-1|3:+1:-1|4:-1:-1|5:+1:-1|6:-1:-1|2:+1:-1|3:-1:-1|4:+1:-1|5:-1:-1|6:+1:-1,"[[1, 6, 2, 7], [3, 10, 4, 11], [5, 12, 6, 1], [7, 2, 8, 3], [8, 9, 9, 10], [11, 4, 12, 5]]",5,,,False,,not_applicable,,passed,True,5,1,5,,True,42.70328184930109,1.4178421531254068,0.025969108342323466,0.16272876122193677,False,True,,passed,,0.005007100000511855,111,-0.5676370292144644,-0.35629470653986345,-0.7421875,-2.5810680939773825,-0.8363284748503788,False,1
5_1_torus_T_2_5,deterministic_angular_sweep,32,96,,fibonacci_112,generic_tilt,"[0.6418013889249015, -0.11752102798145236, -0.7578125]",5,5,40.676548542594446,14.557178462343233,1.1341477379228062,6,1,False,1:+1:-1|1:-1:-1|2:-1:-1|3:+1:-1|4:-1:-1|5:+1:-1|6:-1:-1|2:+1:-1|3:-1:-1|4:+1:-1|5:-1:-1|6:+1:-1,"[[1, 6, 2, 7], [3, 8, 4, 9], [5, 12, 6, 1], [7, 2, 8, 3], [9, 4, 10, 5], [10, 11, 11, 12]]",5,,,False,,not_applicable,,passed,True,5,1,5,,True,41.046204505458526,1.4135907097223568,0.013211880799190112,0.1605744393738861,False,True,,passed,,0.0048245999932987615,112,0.6418013889249015,-0.11752102798145236,-0.7578125,-0.18110486424872707,-0.8599539234144497,False,1
5_1_torus_T_2_5,deterministic_angular_sweep,32,96,,fibonacci_113,generic_tilt,"[-0.3826324162403929, 0.5053581577809827, -0.7734375]",5,5,40.676548542594446,14.557178462343233,1.1341477379228062,5,1,True,1:+1:-1|2:-1:-1|3:+1:-1|4:-1:-1|5:+1:-1|1:-1:-1|2:+1:-1|3:-1:-1|4:+1:-1|5:-1:-1,"[[1, 6, 2, 7], [3, 8, 4, 9], [5, 10, 6, 1], [7, 2, 8, 3], [9, 4, 10, 5]]",5,5,5,True,True,passed,,passed,False,5,1,5,,True,41.05538839010273,1.5433957053552452,0.06857859425014823,0.17400800378181897,True,True,,passed,,0.0072570999909657985,113,-0.3826324162403929,0.5053581577809827,-0.7734375,2.218858365479928,-0.884246367739939,True,0
5_1_torus_T_2_5,deterministic_angular_sweep,32,96,,fibonacci_114,generic_tilt,"[-0.05739581986352919, -0.6116257768897116, -0.7890625]",5,5,40.676548542594446,14.557178462343233,1.1341477379228062,6,1,False,1:+1:-1|1:-1:-1|2:-1:-1|3:+1:-1|4:-1:-1|5:+1:-1|6:-1:-1|2:+1:-1|3:-1:-1|4:+1:-1|5:-1:-1|6:+1:-1,"[[1, 6, 2, 7], [3, 10, 4, 11], [5, 12, 6, 1], [7, 2, 8, 3], [8, 9, 9, 10], [11, 4, 12, 5]]",5,,,False,,not_applicable,,passed,True,5,1,5,,True,28.281841368876023,0.9984351461586877,0.014379661704581714,0.11685522090552128,False,True,,passed,,0.00512190000154078,114,-0.05739581986352919,-0.6116257768897116,-0.7890625,-1.664363711971003,-0.9092814029496191,False,1
5_1_torus_T_2_5,deterministic_angular_sweep,32,96,,fibonacci_115,generic_tilt,"[0.4401851164113537, 0.39839062568498396, -0.8046875]",5,5,40.676548542594446,14.557178462343233,1.1341477379228062,6,1,False,1:+1:-1|1:-1:-1|2:-1:-1|3:+1:-1|4:-1:-1|5:+1:-1|6:-1:-1|2:+1:-1|3:-1:-1|4:+1:-1|5:-1:-1|6:+1:-1,"[[1, 6, 2, 7], [3, 8, 4, 9], [5, 12, 6, 1], [7, 2, 8, 3], [9, 4, 10, 5], [10, 11, 11, 12]]",5,,,False,,not_applicable,,passed,True,5,1,5,,True,55.54841236906503,1.4815556802976528,0.0028137408870634317,0.1678574146004665,False,True,,passed,,0.004984699990018271,115,0.4401851164113537,0.39839062568498396,-0.8046875,0.7355995177575955,-0.9351489189391351,False,1
5_1_torus_T_2_5,deterministic_angular_sweep,32,96,,fibonacci_116,generic_tilt,"[-0.5719051579291357, 0.0034485761990220498, -0.8203125]",5,5,40.676548542594446,14.557178462343233,1.1341477379228062,6,1,False,1:+1:-1|1:-1:-1|2:-1:-1|3:+1:-1|4:-1:-1|5:+1:-1|6:-1:-1|2:+1:-1|3:-1:-1|4:+1:-1|5:-1:-1|6:+1:-1,"[[1, 8, 2, 9], [2, 3, 3, 4], [5, 10, 6, 11], [7, 12, 8, 1], [9, 4, 10, 5], [11, 6, 12, 7]]",5,,,False,,not_applicable,,passed,True,5,1,5,,True,54.969315989600304,1.5215597770885125,0.11999921341972808,0.17396028408418013,False,True,,passed,,0.005449700009194203,116,-0.5719051579291357,0.0034485761990220498,-0.8203125,3.135562747486251,-0.9619572141787629,False,1
5_1_torus_T_2_5,deterministic_angular_sweep,32,96,,fibonacci_117,generic_tilt,"[0.40244343130852844, -0.37315918947597654, -0.8359375]",5,5,40.676548542594446,14.557178462343233,1.1341477379228062,6,1,False,1:+1:-1|1:-1:-1|2:-1:-1|3:+1:-1|4:-1:-1|5:+1:-1|6:-1:-1|2:+1:-1|3:-1:-1|4:+1:-1|5:-1:-1|6:+1:-1,"[[1, 8, 2, 9], [3, 10, 4, 11], [4, 5, 5, 6], [7, 12, 8, 1], [9, 2, 10, 3], [11, 6, 12, 7]]",5,,,False,,not_applicable,,passed,True,5,1,5,,True,52.13589290920645,1.534505634089467,0.09846824501997276,0.179697165060345,False,True,,passed,,0.004539800007478334,117,0.40244343130852844,-0.37315918947597654,-0.8359375,-0.7476593299646804,-0.9898387655024116,False,1
5_1_torus_T_2_5,deterministic_angular_sweep,32,96,,fibonacci_118,generic_tilt,"[-0.04268329984137269, 0.5225126261712739, -0.8515625]",5,5,40.676548542594446,14.557178462343233,1.1341477379228062,6,1,False,1:+1:-1|1:-1:-1|2:-1:-1|3:+1:-1|4:-1:-1|5:+1:-1|6:-1:-1|2:+1:-1|3:-1:-1|4:+1:-1|5:-1:-1|6:+1:-1,"[[1, 8, 2, 9], [3, 10, 4, 11], [5, 12, 6, 1], [6, 7, 7, 8], [9, 2, 10, 3], [11, 4, 12, 5]]",5,,,False,,not_applicable,,passed,True,5,1,5,,True,55.56018288595182,1.5595691176557684,0.004944302491884045,0.1801604719836397,False,True,,passed,,0.006958500001928769,118,-0.04268329984137269,0.5225126261712739,-0.8515625,1.6523038997639747,-1.01895854909946,False,1
5_1_torus_T_2_5,deterministic_angular_sweep,32,96,,fibonacci_119,generic_tilt,"[-0.30536894714883794, -0.3933645204653824, -0.8671875]",5,5,40.676548542594446,14.557178462343233,1.1341477379228062,6,1,False,1:+1:-1|1:-1:-1|2:-1:-1|3:+1:-1|4:-1:-1|5:+1:-1|6:-1:-1|2:+1:-1|3:-1:-1|4:+1:-1|5:-1:-1|6:+1:-1,"[[1, 6, 2, 7], [3, 10, 4, 11], [5, 12, 6, 1], [7, 2, 8, 3], [8, 9, 9, 10], [11, 4, 12, 5]]",5,,,False,,not_applicable,,passed,True,5,1,5,,True,59.847441236637046,1.5976074827813256,0.0985114192670693,0.18841514191808076,False,True,,passed,,0.0075228999921819195,119,-0.30536894714883794,-0.3933645204653824,-0.8671875,-2.230918177686956,-1.0495264428241564,False,1
5_1_torus_T_2_5,deterministic_angular_sweep,32,96,,fibonacci_120,generic_tilt,"[0.463030022024531, 0.07902713804581546, -0.8828125]",5,5,40.676548542594446,14.557178462343233,1.1341477379228062,6,1,False,1:+1:-1|1:-1:-1|2:-1:-1|3:+1:-1|4:-1:-1|5:+1:-1|6:-1:-1|2:+1:-1|3:-1:-1|4:+1:-1|5:-1:-1|6:+1:-1,"[[1, 6, 2, 7], [3, 8, 4, 9], [5, 12, 6, 1], [7, 2, 8, 3], [9, 4, 10, 5], [10, 11, 11, 12]]",5,,,False,,not_applicable,,passed,True,5,1,5,,True,45.285220250072435,1.2985283364849471,0.06355937542765844,0.14968130715345063,False,True,,passed,,0.005623200006084517,120,0.463030022024531,0.07902713804581546,-0.8828125,0.1690450520416989,-1.0818164589075494,False,1
5_1_torus_T_2_5,deterministic_angular_sweep,32,96,,fibonacci_121,generic_tilt,"[-0.36906630614513736, 0.2379077978169983, -0.8984375]",5,5,40.676548542594446,14.557178462343233,1.1341477379228062,6,1,False,1:+1:-1|1:-1:-1|2:-1:-1|3:+1:-1|4:-1:-1|5:+1:-1|6:-1:-1|2:+1:-1|3:-1:-1|4:+1:-1|5:-1:-1|6:+1:-1,"[[1, 8, 2, 9], [2, 3, 3, 4], [5, 10, 6, 11], [7, 12, 8, 1], [9, 4, 10, 5], [11, 6, 12, 7]]",5,,,False,,not_applicable,,passed,True,5,1,5,,True,36.2693354181879,0.8291585431475582,0.08250156858007429,0.09503032089363463,False,True,,passed,,0.0046454999974230304,121,-0.36906630614513736,0.2379077978169983,-0.8984375,2.5690082817703543,-1.1161980547786983,False,1
5_1_torus_T_2_5,deterministic_angular_sweep,32,96,,fibonacci_122,generic_tilt,"[0.10292496594567635, -0.39229605845436605, -0.9140625]",5,5,40.676548542594446,14.557178462343233,1.1341477379228062,5,1,True,1:+1:-1|2:-1:-1|3:+1:-1|4:-1:-1|5:+1:-1|1:-1:-1|2:+1:-1|3:-1:-1|4:+1:-1|5:-1:-1,"[[1, 6, 2, 7], [3, 8, 4, 9], [5, 10, 6, 1], [7, 2, 8, 3], [9, 4, 10, 5]]",5,5,5,True,True,passed,,passed,False,5,1,5,,True,59.52764200273455,1.7598099549910018,0.06780293590531628,0.20776289059337089,True,True,,passed,,0.005520999999134801,122,0.10292496594567635,-0.39229605845436605,-0.9140625,-1.314213795680577,-1.1531903234869172,True,0
5_1_torus_T_2_5,deterministic_angular_sweep,32,96,,fibonacci_123,generic_tilt,"[0.17174276910793232, 0.32586127969258555, -0.9296875]",5,5,40.676548542594446,14.557178462343233,1.1341477379228062,5,1,True,1:+1:-1|2:-1:-1|3:+1:-1|4:-1:-1|5:+1:-1|1:-1:-1|2:+1:-1|3:-1:-1|4:+1:-1|5:-1:-1,"[[1, 6, 2, 7], [3, 8, 4, 9], [5, 10, 6, 1], [7, 2, 8, 3], [9, 4, 10, 5]]",5,5,5,True,True,passed,,passed,False,5,1,5,,True,57.01693466708045,1.8364471040633348,0.08390184586963301,0.21067144533525786,True,True,,passed,,0.005665500008035451,123,0.17174276910793232,0.32586127969258555,-0.9296875,1.0857494340480782,-1.1935635544440883,True,0
5_1_torus_T_2_5,deterministic_angular_sweep,32,96,,fibonacci_124,generic_tilt,"[-0.30704379302740903, -0.11003811388374307, -0.9453125]",5,5,40.676548542594446,14.557178462343233,1.1341477379228062,5,1,True,1:+1:-1|2:-1:-1|3:+1:-1|4:-1:-1|5:+1:-1|1:-1:-1|2:+1:-1|3:-1:-1|4:+1:-1|5:-1:-1,"[[1, 6, 2, 7], [3, 8, 4, 9], [5, 10, 6, 1], [7, 2, 8, 3], [9, 4, 10, 5]]",5,5,5,True,True,passed,,passed,False,5,1,5,,True,58.24215711232253,1.8840979533665758,0.037683543785249185,0.21893345557816066,True,True,,passed,,0.005942799994954839,124,-0.30704379302740903,-0.11003811388374307,-0.9453125,-2.797472643402853,-1.2385513773728343,True,0
5_1_torus_T_2_5,deterministic_angular_sweep,32,96,,fibonacci_125,generic_tilt,"[0.2551855101430896, -0.10714231893496197, -0.9609375]",5,5,40.676548542594446,14.557178462343233,1.1341477379228062,5,1,True,1:+1:-1|2:-1:-1|3:+1:-1|4:-1:-1|5:+1:-1|1:-1:-1|2:+1:-1|3:-1:-1|4:+1:-1|5:-1:-1,"[[1, 6, 2, 7], [3, 8, 4, 9], [5, 10, 6, 1], [7, 2, 8, 3], [9, 4, 10, 5]]",5,5,5,True,True,passed,,passed,False,5,1,5,,True,62.11259476942433,1.9105224607586406,0.053929524074249,0.22317541248952663,True,True,,passed,,0.005732300007366575,125,0.2551855101430896,-0.10714231893496197,-0.9609375,-0.3975094136741977,-1.2903698801933186,True,0
5_1_torus_T_2_5,deterministic_angular_sweep,32,96,,fibonacci_126,generic_tilt,"[-0.0900489272346135, 0.1954913662995, -0.9765625]",5,5,40.676548542594446,14.557178462343233,1.1341477379228062,5,1,True,1:+1:-1|2:-1:-1|3:+1:-1|4:-1:-1|5:+1:-1|1:-1:-1|2:+1:-1|3:-1:-1|4:+1:-1|5:-1:-1,"[[1, 6, 2, 7], [3, 8, 4, 9], [5, 10, 6, 1], [7, 2, 8, 3], [9, 4, 10, 5]]",5,5,5,True,True,passed,,passed,False,5,1,5,,True,61.04991522422187,1.9353398379791682,0.04922901406995095,0.22579721371175698,True,True,,passed,,0.005250399990472943,126,-0.0900489272346135,0.1954913662995,-0.9765625,2.0024538160544574,-1.3538648662553876,True,0
5_1_torus_T_2_5,deterministic_angular_sweep,32,96,,fibonacci_127,generic_tilt,"[-0.03805444503928024, -0.1188100334841397, -0.9921875]",5,5,40.676548542594446,14.557178462343233,1.1341477379228062,5,1,True,1:+1:-1|2:-1:-1|3:+1:-1|4:-1:-1|5:+1:-1|1:-1:-1|2:+1:-1|3:-1:-1|4:+1:-1|5:-1:-1,"[[1, 6, 2, 7], [3, 8, 4, 9], [5, 10, 6, 1], [7, 2, 8, 3], [9, 4, 10, 5]]",5,5,5,True,True,passed,,passed,False,5,1,5,,True,66.33128135100445,1.969602543220932,0.008386015261720559,0.23484825031586154,True,True,,passed,,0.005065799996373244,127,-0.03805444503928024,-0.1188100334841397,-0.9921875,-1.8807682613964736,-1.4457148032019138,True,0
4_1_figure_eight,deterministic_angular_sweep,32,96,,fibonacci_000,generic_tilt,"[0.04520830426184802, 0.11627628334926333, 0.9921875]",4,5,42.87834917224521,14.029836183611144,1.1457457513207543,4,1,True,1:+1:+1|2:-1:+1|3:+1:-1|4:-1:-1|2:+1:+1|1:-1:+1|4:+1:-1|3:-1:-1,"[[2, 8, 3, 7], [4, 1, 5, 2], [6, 4, 7, 3], [8, 5, 1, 6]]",5,5,5,True,True,passed,,passed,False,4,1,5,,True,26.170661488657863,1.6447025123194656,0.05222027927359818,0.19564059250579138,True,True,,passed,,0.004551100006210618,0,0.04520830426184802,0.11627628334926333,0.9921875,1.1999816148643265,1.4457148032019138,True,0
4_1_figure_eight,deterministic_angular_sweep,32,96,,fibonacci_001,generic_tilt,"[-0.19301817240042246, -0.09523480832631934, 0.9765625]",4,5,42.87834917224521,14.029836183611144,1.1457457513207543,4,1,True,1:+1:+1|2:-1:+1|3:+1:-1|4:-1:-1|2:+1:+1|1:-1:+1|4:+1:-1|3:-1:-1,"[[2, 8, 3, 7], [4, 1, 5, 2], [6, 4, 7, 3], [8, 5, 1, 6]]",5,5,5,True,True,passed,,passed,False,4,1,5,,True,15.76617744425729,1.6035911836870531,0.10655206583221322,0.19186354242484302,True,True,,passed,,0.004578599997330457,1,-0.19301817240042246,-0.09523480832631934,0.9765625,-2.683240462586607,1.3538648662553876,True,0
4_1_figure_eight,deterministic_angular_sweep,32,96,,fibonacci_002,generic_tilt,"[0.26573486325149126, -0.07735698770286513, 0.9609375]",4,5,42.87834917224521,14.029836183611144,1.1457457513207543,4,1,True,1:+1:+1|2:-1:+1|3:+1:-1|4:-1:-1|2:+1:+1|1:-1:+1|4:+1:-1|3:-1:-1,"[[2, 8, 3, 7], [4, 1, 5, 2], [6, 4, 7, 3], [8, 5, 1, 6]]",5,5,5,True,True,passed,,passed,False,4,1,5,,True,16.322281229387993,1.5840708146258193,0.048956437230941674,0.19045776614811388,True,True,,passed,,0.004777299996931106,2,0.26573486325149126,-0.07735698770286513,0.9609375,-0.28327723285795364,1.2903698801933186,True,0
4_1_figure_eight,deterministic_angular_sweep,32,96,,fibonacci_003,generic_tilt,"[-0.1693384430614624, 0.2787629262388918, 0.9453125]",4,5,42.87834917224521,14.029836183611144,1.1457457513207543,4,1,True,1:+1:+1|2:-1:+1|3:+1:-1|4:-1:-1|2:+1:+1|1:-1:+1|4:+1:-1|3:-1:-1,"[[2, 8, 3, 7], [4, 1, 5, 2], [6, 4, 7, 3], [8, 5, 1, 6]]",5,5,5,True,True,passed,,passed,False,4,1,5,,True,28.603861852803025,1.5171731461278732,0.07364838290286002,0.17421899042794278,True,True,,passed,,0.004950300004566088,3,-0.1693384430614624,0.2787629262388918,0.9453125,2.1166859968706997,1.2385513773728343,True,0
4_1_figure_eight,deterministic_angular_sweep,32,96,,fibonacci_004,generic_tilt,"[-0.07164105709419773, -0.36131525193683134, 0.9296875]",4,5,42.87834917224521,14.029836183611144,1.1457457513207543,4,1,True,1:+1:+1|2:-1:+1|3:+1:-1|4:-1:-1|2:+1:+1|1:-1:+1|4:+1:-1|3:-1:-1,"[[2, 8, 3, 7], [4, 1, 5, 2], [6, 4, 7, 3], [8, 5, 1, 6]]",5,5,5,True,True,passed,,passed,False,4,1,5,,True,28.96215627687418,1.4821778617454333,0.049481477647745464,0.1664173682715406,True,True,,passed,,0.004971000002115034,4,-0.07164105709419773,-0.36131525193683134,0.9296875,-1.7665360805802348,1.1935635544440883,True,0
4_1_figure_eight,deterministic_angular_sweep,32,96,,fibonacci_005,generic_tilt,"[0.3268936164612606, 0.24006313671746496, 0.9140625]",4,5,42.87834917224521,14.029836183611144,1.1457457513207543,4,1,True,1:+1:+1|2:-1:+1|3:+1:-1|4:-1:-1|2:+1:+1|1:-1:+1|4:+1:-1|3:-1:-1,"[[2, 8, 3, 7], [4, 1, 5, 2], [6, 4, 7, 3], [8, 5, 1, 6]]",5,5,5,True,True,passed,,passed,False,4,1,5,,True,37.796943704677524,1.4384243321708978,0.1684546828317508,0.16829079336005867,True,True,,passed,,0.005986599993775599,5,0.3268936164612606,0.24006313671746496,0.9140625,0.6334271491484186,1.1531903234869172,True,0
4_1_figure_eight,deterministic_angular_sweep,32,96,,fibonacci_006,generic_tilt,"[-0.43653348768112554, 0.047419117734334, 0.8984375]",4,5,42.87834917224521,14.029836183611144,1.1457457513207543,4,1,True,1:+1:+1|2:-1:+1|3:+1:-1|4:-1:-1|2:+1:+1|1:-1:+1|4:+1:-1|3:-1:-1,"[[2, 8, 3, 7], [4, 1, 5, 2], [6, 4, 7, 3], [8, 5, 1, 6]]",5,5,5,True,True,passed,,passed,False,4,1,5,,True,23.404703603913436,1.5059797479370807,0.013417872472487602,0.18158138675592497,True,True,,passed,,0.0058354999928269535,6,-0.43653348768112554,0.047419117734334,0.8984375,3.033390378877072,1.1161980547786983,True,0
4_1_figure_eight,deterministic_angular_sweep,32,96,,fibonacci_007,generic_tilt,"[0.31007033289177977, -0.3528434192444729, 0.8828125]",4,5,42.87834917224521,14.029836183611144,1.1457457513207543,4,1,True,1:+1:+1|2:-1:+1|3:+1:-1|4:-1:-1|2:+1:+1|1:-1:+1|4:+1:-1|3:-1:-1,"[[2, 8, 3, 7], [4, 1, 5, 2], [6, 4, 7, 3], [8, 5, 1, 6]]",5,5,5,True,True,passed,,passed,False,4,1,5,,True,29.91718675371334,1.3932276233090168,0.05643477811863917,0.15905516923832938,True,True,,passed,,0.005450700002256781,7,0.31007033289177977,-0.3528434192444729,0.8828125,-0.8498316985738625,1.0818164589075494,True,0
4_1_figure_eight,deterministic_angular_sweep,32,96,,fibonacci_008,generic_tilt,"[0.010289959042320171, 0.49787544284354635, 0.8671875]",4,5,42.87834917224521,14.029836183611144,1.1457457513207543,4,1,True,1:+1:+1|2:-1:+1|3:+1:-1|4:-1:-1|2:+1:+1|1:-1:+1|4:+1:-1|3:-1:-1,"[[2, 8, 3, 7], [4, 1, 5, 2], [6, 4, 7, 3], [8, 5, 1, 6]]",5,5,5,True,True,passed,,passed,False,4,1,5,,True,16.92228530260086,1.4079422696474935,0.06806964648413327,0.15450547377896273,True,True,,passed,,0.004571600002236664,8,0.010289959042320171,0.49787544284354635,0.8671875,1.5501315311547927,1.0495264428241564,True,0
4_1_figure_eight,deterministic_angular_sweep,32,96,,fibonacci_009,generic_tilt,"[-0.3620400469186131, -0.3791679219302689, 0.8515625]",4,5,42.87834917224521,14.029836183611144,1.1457457513207543,4,1,True,1:+1:+1|2:-1:+1|3:+1:-1|4:-1:-1|2:+1:+1|1:-1:+1|4:+1:-1|3:-1:-1,"[[2, 8, 3, 7], [4, 1, 5, 2], [6, 4, 7, 3], [8, 5, 1, 6]]",5,5,5,True,True,passed,,passed,False,4,1,5,,True,43.14057363087534,1.3424849754685781,0.05067948861912086,0.15333393562826608,True,True,,passed,,0.005361900010029785,9,-0.3620400469186131,-0.3791679219302689,0.8515625,-2.333090546296142,1.01895854909946,True,0
4_1_figure_eight,deterministic_angular_sweep,32,96,,fibonacci_010,generic_tilt,"[0.5475979471417062, 0.03667402868433168, 0.8359375]",4,5,42.87834917224521,14.029836183611144,1.1457457513207543,4,1,True,1:+1:+1|2:-1:+1|3:+1:-1|4:-1:-1|2:+1:+1|1:-1:+1|4:+1:-1|3:-1:-1,"[[2, 8, 3, 7], [4, 1, 5, 2], [6, 4, 7, 3], [8, 5, 1, 6]]",5,5,5,True,True,passed,,passed,False,4,1,5,,True,16.339469365206416,1.4598672548414486,0.10585146233293585,0.17624636558200846,True,True,,passed,,0.004645100008929148,10,0.5475979471417062,0.03667402868433168,0.8359375,0.06687268343250966,0.9898387655024116,True,0
4_1_figure_eight,deterministic_angular_sweep,32,96,,fibonacci_011,generic_tilt,"[-0.44658537440975293, 0.35727987027966013, 0.8203125]",4,5,42.87834917224521,14.029836183611144,1.1457457513207543,4,1,True,1:+1:+1|2:-1:+1|3:+1:-1|4:-1:-1|2:+1:+1|1:-1:+1|4:+1:-1|3:-1:-1,"[[2, 8, 3, 7], [4, 1, 5, 2], [6, 4, 7, 3], [8, 5, 1, 6]]",5,5,5,True,True,passed,,passed,False,4,1,5,,True,45.096900692832456,1.3057672510001332,0.29206553823258474,0.15139015816030318,True,True,,passed,,0.004728400002932176,11,-0.44658537440975293,0.35727987027966013,0.8203125,2.466835913161165,0.9619572141787629,True,0
4_1_figure_eight,deterministic_angular_sweep,32,96,,fibonacci_012,generic_tilt,"[0.09130924535013347, -0.5866350220173862, 0.8046875]",4,5,42.87834917224521,14.029836183611144,1.1457457513207543,4,1,True,1:+1:+1|2:-1:+1|3:+1:-1|4:-1:-1|2:+1:+1|1:-1:+1|4:+1:-1|3:-1:-1,"[[2, 8, 3, 7], [4, 1, 5, 2], [6, 4, 7, 3], [8, 5, 1, 6]]",5,5,5,True,True,passed,,passed,False,4,1,5,,True,19.832839990196806,1.350310260746821,0.03283748890049587,0.14685306883151902,True,True,,passed,,0.0055810000048950315,12,0.09130924535013347,-0.5866350220173862,0.8046875,-1.4163861642897697,0.9351489189391351,True,0
4_1_figure_eight,deterministic_angular_sweep,32,96,,fibonacci_013,generic_tilt,"[0.34035899916601264, 0.5114060253658147, 0.7890625]",4,5,42.87834917224521,14.029836183611144,1.1457457513207543,4,1,True,1:+1:+1|2:-1:+1|3:+1:-1|4:-1:-1|2:+1:+1|1:-1:+1|4:+1:-1|3:-1:-1,"[[2, 8, 3, 7], [4, 1, 5, 2], [6, 4, 7, 3], [8, 5, 1, 6]]",5,5,5,True,True,passed,,passed,False,4,1,5,,True,44.258907974166796,1.2753036369868802,0.0023590787829732562,0.14260079234333656,True,True,,passed,,0.005429700002423488,13,0.34035899916601264,0.5114060253658147,0.7890625,0.9835770654388855,0.9092814029496191,True,0
4_1_figure_eight,deterministic_angular_sweep,32,96,,fibonacci_014,generic_tilt,"[-0.6154098724502013, -0.1518720595915421, 0.7734375]",4,5,42.87834917224521,14.029836183611144,1.1457457513207543,4,1,True,1:+1:+1|2:-1:+1|3:+1:-1|4:-1:-1|2:+1:+1|1:-1:+1|4:+1:-1|3:-1:-1,"[[2, 8, 3, 7], [4, 1, 5, 2], [6, 4, 7, 3], [8, 5, 1, 6]]",5,5,5,True,True,passed,,passed,False,4,1,5,,True,42.18698828060977,1.3586029943124072,0.0054929388024049786,0.16261284538297163,True,True,,passed,,0.005210500006796792,14,-0.6154098724502013,-0.1518720595915421,0.7734375,-2.8996450120120527,0.884246367739939,True,0
4_1_figure_eight,deterministic_angular_sweep,32,96,,fibonacci_015,generic_tilt,"[0.57269790160831, -0.31262969842481114, 0.7578125]",4,5,42.87834917224521,14.029836183611144,1.1457457513207543,4,1,True,1:+1:+1|2:-1:+1|3:+1:-1|4:-1:-1|2:+1:+1|1:-1:+1|4:+1:-1|3:-1:-1,"[[2, 8, 3, 7], [4, 1, 5, 2], [6, 4, 7, 3], [8, 5, 1, 6]]",5,5,5,True,True,passed,,passed,False,4,1,5,,True,41.42761830966712,1.2734315717628892,0.02294054356542574,0.1505024623012604,True,True,,passed,,0.004453799992916174,15,0.57269790160831,-0.31262969842481114,0.7578125,-0.4996817822833976,0.8599539234144497,True,0
4_1_figure_eight,deterministic_angular_sweep,32,96,,fibonacci_016,generic_tilt,"[-0.21684466362347019, 0.6341420240780247, 0.7421875]",4,5,42.87834917224521,14.029836183611144,1.1457457513207543,6,1,False,1:+1:+1|2:+1:-1|3:+1:+1|4:-1:+1|5:+1:-1|6:-1:-1|2:-1:-1|3:-1:+1|4:+1:+1|1:-1:+1|6:+1:-1|5:-1:-1,"[[2, 10, 3, 9], [6, 1, 7, 2], [8, 6, 9, 5], [10, 4, 11, 3], [11, 4, 12, 5], [12, 7, 1, 8]]",5,,,False,,not_applicable,,passed,True,4,1,5,,True,3.3891834675305152,1.2800512254512497,0.022317107918865986,0.14023828173055172,False,True,,passed,,0.008071199990808964,16,-0.21684466362347019,0.6341420240780247,0.7421875,1.9002814474452576,0.8363284748503788,False,2
4_1_figure_eight,deterministic_angular_sweep,32,96,,fibonacci_017,generic_tilt,"[-0.2752352318227771, -0.6295653268384562, 0.7265625]",4,5,42.87834917224521,14.029836183611144,1.1457457513207543,6,1,False,1:+1:+1|2:+1:-1|3:+1:-1|4:-1:-1|5:+1:+1|1:-1:+1|6:-1:+1|3:-1:-1|4:+1:-1|6:+1:+1|2:-1:-1|5:-1:+1,"[[2, 7, 3, 8], [3, 1, 4, 12], [4, 10, 5, 9], [6, 1, 7, 2], [10, 6, 11, 5], [11, 8, 12, 9]]",5,,,False,,not_applicable,,passed,False,6,1,5,,False,19.71122798704836,1.254432254571021,0.03751663650329817,0.13824158489503752,False,True,,passed,,0.005511399998795241,17,-0.2752352318227771,-0.6295653268384562,0.7265625,-1.9829406300056736,0.8133057177367133,False,2
4_1_figure_eight,deterministic_angular_sweep,32,96,,fibonacci_018,generic_tilt,"[0.6429854927306633, 0.28484649766436687, 0.7109375]",4,5,42.87834917224521,14.029836183611144,1.1457457513207543,4,1,True,1:+1:+1|2:-1:+1|3:+1:-1|4:-1:-1|2:+1:+1|1:-1:+1|4:+1:-1|3:-1:-1,"[[2, 8, 3, 7], [4, 1, 5, 2], [6, 4, 7, 3], [8, 5, 1, 6]]",5,5,5,True,True,passed,,passed,False,4,1,5,,True,43.790575013185105,1.2647679866133812,0.2655467129111315,0.14978195770796077,True,True,,passed,,0.00453890000062529,18,0.6429854927306633,0.28484649766436687,0.7109375,0.4170225997229746,0.790830399170303,True,0
4_1_figure_eight,deterministic_angular_sweep,32,96,,fibonacci_019,generic_tilt,"[-0.681173899031332, 0.22922182841562616, 0.6953125]",4,5,42.87834917224521,14.029836183611144,1.1457457513207543,4,1,True,1:+1:+1|2:-1:+1|3:+1:-1|4:-1:-1|2:+1:+1|1:-1:+1|4:+1:-1|3:-1:-1,"[[2, 8, 3, 7], [4, 1, 5, 2], [6, 4, 7, 3], [8, 5, 1, 6]]",5,5,5,True,True,passed,,passed,False,4,1,5,,True,45.12410095402199,1.285819070813943,0.14392684553529733,0.15298411234355289,True,True,,passed,,0.005202500004088506,19,-0.681173899031332,0.22922182841562616,0.6953125,2.81698582945163,0.7688546176956561,True,0
4_1_figure_eight,deterministic_angular_sweep,32,96,,fibonacci_020,generic_tilt,"[0.3545911939487095, -0.6420981136226602, 0.6796875]",4,5,42.87834917224521,14.029836183611144,1.1457457513207543,6,1,False,1:+1:+1|2:+1:+1|3:+1:-1|4:-1:-1|2:-1:+1|5:+1:-1|6:+1:+1|1:-1:+1|5:-1:-1|3:-1:-1|4:+1:-1|6:-1:+1,"[[1, 11, 2, 10], [4, 10, 5, 9], [5, 2, 6, 3], [6, 11, 7, 12], [8, 4, 9, 3], [12, 7, 1, 8]]",5,,,False,,not_applicable,,passed,False,6,1,5,,False,32.14344026984276,1.2297174314748944,0.05686899775130172,0.13695102578615614,False,True,,passed,,0.005779400002211332,20,0.3545911939487095,-0.6420981136226602,0.6796875,-1.0662362479993013,0.7473365120313951,False,2
4_1_figure_eight,deterministic_angular_sweep,32,96,,fibonacci_021,generic_tilt,"[0.1755956625803579, 0.7267648583804222, 0.6640625]",4,5,42.87834917224521,14.029836183611144,1.1457457513207543,8,1,False,1:+1:+1|2:+1:-1|3:+1:-1|4:-1:-1|5:-1:-1|6:-1:+1|7:+1:+1|1:-1:+1|8:-1:+1|3:-1:-1|4:+1:-1|8:+1:+1|2:-1:-1|5:+1:-1|6:+1:+1|7:-1:+1,"[[4, 14, 5, 13], [7, 2, 8, 3], [10, 1, 11, 2], [11, 9, 12, 8], [12, 4, 13, 3], [14, 6, 15, 5], [15, 6, 16, 7], [16, 9, 1, 10]]",5,,,False,,not_applicable,,passed,True,6,1,5,,False,37.22555523983107,1.293902317648004,0.06540259150468586,0.14116991673244977,False,True,,passed,,0.006819500005804002,21,0.1755956625803579,0.7267648583804222,0.6640625,1.333726981729347,0.726239235110326,False,4
4_1_figure_eight,deterministic_angular_sweep,32,96,,fibonacci_022,generic_tilt,"[-0.6316786718677623, -0.4248657012529135, 0.6484375]",4,5,42.87834917224521,14.029836183611144,1.1457457513207543,6,1,False,1:+1:+1|2:+1:-1|3:+1:-1|4:-1:-1|5:+1:+1|1:-1:+1|6:-1:+1|3:-1:-1|4:+1:-1|6:+1:+1|2:-1:-1|5:-1:+1,"[[2, 7, 3, 8], [3, 1, 4, 12], [4, 10, 5, 9], [6, 1, 7, 2], [10, 6, 11, 5], [11, 8, 12, 9]]",5,,,False,,not_applicable,,passed,False,6,1,5,,False,26.867827990734234,1.1889060701651974,0.01816456147038359,0.1400614980290894,False,True,,passed,,0.0056643999996595085,22,-0.6316786718677623,-0.4248657012529135,0.6484375,-2.5494950957215843,0.7055301410504765,False,2
4_1_figure_eight,deterministic_angular_sweep,32,96,,fibonacci_023,generic_tilt,"[0.7656645419256503, -0.1153522825154929, 0.6328125]",4,5,42.87834917224521,14.029836183611144,1.1457457513207543,7,1,False,1:+1:+1|2:+1:-1|2:-1:-1|3:-1:+1|4:+1:-1|5:+1:+1|6:+1:-1|7:-1:-1|3:+1:+1|1:-1:+1|7:+1:-1|4:-1:-1|5:-1:+1|6:-1:-1,"[[4, 14, 5, 13], [5, 6, 6, 7], [8, 1, 9, 2], [9, 3, 10, 2], [10, 3, 11, 4], [12, 8, 13, 7], [14, 11, 1, 12]]",5,,,False,,not_applicable,,passed,True,4,1,5,,True,41.63873634415977,1.3348053554803596,0.023034314207080797,0.16027139936180085,False,True,,passed,,0.008565399999497458,23,0.7656645419256503,-0.1153522825154929,0.6328125,-0.14953186599292898,0.6851801334166482,False,3
4_1_figure_eight,deterministic_angular_sweep,32,96,,fibonacci_024,generic_tilt,"[-0.4945211609046466, 0.6119872639698237, 0.6171875]",4,5,42.87834917224521,14.029836183611144,1.1457457513207543,8,1,False,1:+1:+1|2:+1:+1|3:+1:-1|4:-1:-1|2:-1:+1|5:+1:-1|6:-1:-1|7:-1:+1|8:+1:+1|1:-1:+1|5:-1:-1|3:-1:-1|4:+1:-1|6:+1:-1|7:+1:+1|8:-1:+1,"[[4, 14, 5, 13], [8, 1, 9, 2], [9, 7, 10, 6], [11, 2, 12, 3], [12, 4, 13, 3], [14, 6, 15, 5], [15, 10, 16, 11], [16, 7, 1, 8]]",5,,,False,,not_applicable,,passed,True,6,1,5,,False,14.156758377297342,1.1768388364044893,0.0032456367677804465,0.13519229410682038,False,True,,passed,,0.009007200002088211,24,-0.4945211609046466,0.6119872639698237,0.6171875,2.250431363735719,0.6651631373050455,False,4
4_1_figure_eight,deterministic_angular_sweep,32,96,,fibonacci_025,generic_tilt,"[-0.0494909961299971, -0.7972911638139548, 0.6015625]",4,5,42.87834917224521,14.029836183611144,1.1457457513207543,8,1,False,1:+1:+1|2:+1:-1|3:+1:-1|4:-1:-1|5:-1:-1|6:-1:+1|7:+1:+1|1:-1:+1|8:-1:+1|3:-1:-1|4:+1:-1|8:+1:+1|2:-1:-1|5:+1:-1|6:+1:+1|7:-1:+1,"[[2, 9, 3, 10], [3, 1, 4, 16], [4, 12, 5, 11], [6, 14, 7, 13], [7, 14, 8, 15], [8, 1, 9, 2], [12, 6, 13, 5], [15, 10, 16, 11]]",5,,,False,,not_applicable,,passed,True,6,1,5,,False,18.38517805180639,1.3811639578043469,0.00724127767831817,0.14992094149236262,False,True,,passed,,0.006589500000700355,25,-0.0494909961299971,-0.7972911638139548,0.6015625,-1.632790713715212,0.6454556676499499,False,4
4_1_figure_eight,deterministic_angular_sweep,32,96,,fibonacci_026,generic_tilt,"[0.5833561011650399, 0.562470359509969, 0.5859375]",4,5,42.87834917224521,14.029836183611144,1.1457457513207543,8,1,False,1:+1:+1|2:+1:-1|3:+1:-1|4:-1:-1|5:-1:-1|6:-1:+1|7:+1:+1|1:-1:+1|8:-1:+1|3:-1:-1|4:+1:-1|8:+1:+1|2:-1:-1|5:+1:-1|6:+1:+1|7:-1:+1,"[[4, 14, 5, 13], [7, 2, 8, 3], [10, 1, 11, 2], [11, 9, 12, 8], [12, 4, 13, 3], [14, 6, 15, 5], [15, 6, 16, 7], [16, 9, 1, 10]]",5,,,False,,not_applicable,,passed,True,6,1,5,,False,24.663385936514388,1.1662905416445373,0.006983288762942408,0.13666200562944852,False,True,,passed,,0.006551899990881793,26,0.5833561011650399,0.562470359509969,0.5859375,0.7671725160134433,0.6260364731366106,False,4
4_1_figure_eight,deterministic_angular_sweep,32,96,,fibonacci_027,generic_tilt,"[-0.8211598576906528, -0.0209795248091276, 0.5703125]",4,5,42.87834917224521,14.029836183611144,1.1457457513207543,9,1,False,1:+1:+1|2:+1:-1|2:-1:-1|3:-1:+1|4:+1:-1|5:+1:+1|6:+1:-1|7:+1:+1|8:+1:-1|9:-1:-1|3:+1:+1|1:-1:+1|7:-1:+1|8:-1:-1|9:+1:-1|4:-1:-1|5:-1:+1|6:-1:-1,"[[2, 7, 3, 8], [3, 9, 4, 8], [4, 16, 5, 15], [6, 1, 7, 2], [12, 6, 13, 5], [13, 14, 14, 15], [16, 9, 17, 10], [17, 11, 18, 10], [18, 11, 1, 12]]",5,,,False,,not_applicable,,passed,True,4,1,5,,True,6.350291114938755,1.3800661057011356,0.040530559923187326,0.16717929786723587,False,True,,passed,,0.006684399995720014,27,-0.8211598576906528,-0.0209795248091276,0.5703125,-3.116049561437488,0.6068862401263823,False,5
4_1_figure_eight,deterministic_angular_sweep,32,96,,fibonacci_028,generic_tilt,"[0.627688966897851, -0.5461944142688192, 0.5546875]",4,5,42.87834917224521,14.029836183611144,1.1457457513207543,8,1,False,1:+1:+1|2:+1:+1|3:+1:-1|4:-1:-1|2:-1:+1|5:+1:-1|6:-1:-1|7:-1:+1|8:+1:+1|1:-1:+1|5:-1:-1|3:-1:-1|4:+1:-1|6:+1:-1|7:+1:+1|8:-1:+1,"[[1, 15, 2, 14], [3, 10, 4, 11], [4, 12, 5, 11], [6, 14, 7, 13], [7, 2, 8, 3], [8, 15, 9, 16], [12, 6, 13, 5], [16, 9, 1, 10]]",5,,,False,,not_applicable,,passed,True,6,1,5,,False,40.41003393712441,1.1583087866149886,0.0770274044560253,0.13661878625434803,False,True,,passed,,0.0081384000077378,28,0.627688966897851,-0.5461944142688192,0.5546875,-0.7160863317088326,0.5879873446614887,False,4
4_1_figure_eight,deterministic_angular_sweep,32,96,,fibonacci_029,generic_tilt,"[-0.09504103968348107, 0.8368863852815583, 0.5390625]",4,5,42.87834917224521,14.029836183611144,1.1457457513207543,8,1,False,1:+1:+1|2:+1:+1|3:+1:-1|4:-1:-1|2:-1:+1|5:+1:-1|6:-1:-1|7:-1:+1|8:+1:+1|1:-1:+1|5:-1:-1|3:-1:-1|4:+1:-1|6:+1:-1|7:+1:+1|8:-1:+1,"[[4, 14, 5, 13], [8, 1, 9, 2], [9, 7, 10, 6], [11, 2, 12, 3], [12, 4, 13, 3], [14, 6, 15, 5], [15, 10, 16, 11], [16, 7, 1, 8]]",5,,,False,,not_applicable,,passed,True,6,1,5,,False,41.36113769695955,1.3613979551429038,0.008804587721755297,0.1490525601285795,False,True,,passed,,0.00875409999571275,29,-0.09504103968348107,0.8368863852815583,0.5390625,1.6838768980198084,0.5693236433207793,False,4
4_1_figure_eight,deterministic_angular_sweep,32,96,,fibonacci_030,generic_tilt,"[-0.5009894513222465, -0.6892189443548286, 0.5234375]",4,5,42.87834917224521,14.029836183611144,1.1457457513207543,8,1,False,1:+1:+1|2:+1:-1|3:+1:-1|4:-1:-1|5:-1:-1|6:-1:+1|7:+1:+1|1:-1:+1|8:-1:+1|3:-1:-1|4:+1:-1|8:+1:+1|2:-1:-1|5:+1:-1|6:+1:+1|7:-1:+1,"[[2, 9, 3, 10], [3, 1, 4, 16], [4, 12, 5, 11], [6, 14, 7, 13], [7, 14, 8, 15], [8, 1, 9, 2], [12, 6, 13, 5], [15, 10, 16, 11]]",5,,,False,,not_applicable,,passed,True,6,1,5,,False,46.96282603612266,1.1530715342782787,0.028098763856121423,0.1337322480453605,False,True,,passed,,0.007175700011430308,30,-0.5009894513222465,-0.6892189443548286,0.5234375,-2.199345179431123,0.5508802957186253,False,4
4_1_figure_eight,deterministic_angular_sweep,32,96,,fibonacci_031,generic_tilt,"[0.8441896860109181, 0.17166898053095483, 0.5078125]",4,5,42.87834917224521,14.029836183611144,1.1457457513207543,9,1,False,1:+1:+1|2:+1:-1|2:-1:-1|3:-1:+1|4:+1:-1|5:+1:+1|6:+1:-1|7:+1:+1|8:+1:-1|9:-1:-1|3:+1:+1|1:-1:+1|7:-1:+1|8:-1:-1|9:+1:-1|4:-1:-1|5:-1:+1|6:-1:-1,"[[6, 18, 7, 17], [7, 8, 8, 9], [10, 3, 11, 4], [11, 5, 12, 4], [12, 5, 13, 6], [14, 1, 15, 2], [15, 3, 16, 2], [16, 10, 17, 9], [18, 13, 1, 14]]",5,,,False,,not_applicable,,passed,True,4,1,5,,True,39.685495321084126,1.22733790348371,0.010635354068810443,0.14737048033035766,False,True,,passed,,0.007163499991293065,31,0.8441896860109181,0.17166898053095483,0.5078125,0.20061805029753252,0.5326436129659039,False,5
4_1_figure_eight,deterministic_angular_sweep,32,96,,fibonacci_032,generic_tilt,"[-0.7461731306626334, 0.4483047221710637, 0.4921875]",4,5,42.87834917224521,14.029836183611144,1.1457457513207543,8,1,False,1:+1:+1|2:+1:+1|3:+1:-1|4:-1:-1|2:-1:+1|5:+1:-1|6:-1:-1|7:-1:+1|8:+1:+1|1:-1:+1|5:-1:-1|3:-1:-1|4:+1:-1|6:+1:-1|7:+1:+1|8:-1:+1,"[[4, 14, 5, 13], [8, 1, 9, 2], [9, 7, 10, 6], [11, 2, 12, 3], [12, 4, 13, 3], [14, 6, 15, 5], [15, 10, 16, 11], [16, 7, 1, 8]]",5,,,False,,not_applicable,,passed,True,6,1,5,,False,42.19205235074715,1.1531736848235448,0.06843857665835174,0.13722231029040985,False,True,,passed,,0.009497299994109198,32,-0.7461731306626334,0.4483047221710637,0.4921875,2.6005812800261876,0.5146009275773826,False,4
4_1_figure_eight,deterministic_angular_sweep,32,96,,fibonacci_033,generic_tilt,"[0.24983794281657093, -0.8428933419614452, 0.4765625]",4,5,42.87834917224521,14.029836183611144,1.1457457513207543,9,1,False,1:+1:+1|1:-1:+1|2:-1:+1|3:-1:-1|4:-1:-1|5:+1:-1|6:+1:-1|7:+1:+1|8:-1:+1|2:+1:+1|9:+1:+1|4:+1:-1|5:-1:-1|9:-1:+1|3:+1:-1|6:-1:-1|7:-1:+1|8:+1:+1,"[[1, 17, 2, 16], [3, 12, 4, 13], [4, 14, 5, 13], [7, 7, 8, 6], [8, 16, 9, 15], [9, 2, 10, 3], [10, 17, 11, 18], [14, 6, 15, 5], [18, 11, 1, 12]]",5,,,False,,not_applicable,,passed,True,6,1,5,,False,27.30021370900784,1.2274611662325268,0.02813979119287069,0.13791183837620558,False,True,,passed,,0.00891330000013113,33,0.24983794281657093,-0.8428933419614452,0.4765625,-1.2826407974247434,0.4967404812077047,False,5
4_1_figure_eight,deterministic_angular_sweep,32,96,,fibonacci_034,generic_tilt,"[0.388776201366415, 0.7977403627401906, 0.4609375]",4,5,42.87834917224521,14.029836183611144,1.1457457513207543,9,1,False,1:+1:+1|2:+1:+1|3:+1:-1|4:+1:-1|5:-1:-1|6:-1:-1|7:-1:+1|1:-1:+1|8:+1:+1|9:-1:+1|4:-1:-1|5:+1:-1|9:+1:+1|3:-1:-1|6:+1:-1|7:+1:+1|2:-1:+1|8:-1:+1,"[[5, 15, 6, 14], [6, 4, 7, 3], [9, 2, 10, 3], [12, 1, 13, 2], [13, 11, 14, 10], [15, 5, 16, 4], [16, 8, 17, 7], [17, 8, 18, 9], [18, 11, 1, 12]]",5,,,False,,not_applicable,,passed,True,5,1,5,,False,29.215913981521,1.1754905913883187,0.013883431123488776,0.13560882938724256,False,True,,passed,,0.007325199985643849,34,0.388776201366415,0.7977403627401906,0.4609375,1.117322432303912,0.47905132729611205,False,5
4_1_figure_eight,deterministic_angular_sweep,32,96,,fibonacci_035,generic_tilt,"[-0.8329259898180882, -0.3285286484148803, 0.4453125]",4,5,42.87834917224521,14.029836183611144,1.1457457513207543,9,1,False,1:+1:+1|2:+1:+1|3:+1:-1|4:+1:-1|5:-1:-1|6:+1:+1|2:-1:+1|7:-1:+1|4:-1:-1|5:+1:-1|8:-1:-1|1:-1:+1|7:+1:+1|3:-1:-1|9:+1:-1|9:-1:-1|6:-1:+1|8:+1:-1,"[[2, 7, 3, 8], [3, 17, 4, 16], [4, 10, 5, 9], [6, 1, 7, 2], [12, 6, 13, 5], [13, 14, 14, 15], [15, 8, 16, 9], [17, 11, 18, 10], [18, 11, 1, 12]]",5,,,False,,not_applicable,,passed,True,6,1,5,,False,45.32376203767445,1.1634346562726656,0.040963688757926775,0.1390357601977829,False,True,,passed,,0.01082450000103563,35,-0.8329259898180882,-0.3285286484148803,0.4453125,-2.7658996451470337,0.46152324624700164,False,5
4_1_figure_eight,deterministic_angular_sweep,32,96,,fibonacci_036,generic_tilt,"[0.8431906943069426, -0.3231069565607124, 0.4296875]",4,5,42.87834917224521,14.029836183611144,1.1457457513207543,11,1,False,1:+1:+1|2:+1:+1|3:+1:-1|4:-1:-1|5:+1:-1|6:+1:+1|7:+1:-1|8:+1:+1|2:-1:+1|9:+1:-1|10:-1:-1|10:+1:-1|11:+1:+1|7:-1:-1|8:-1:+1|1:-1:+1|9:-1:-1|3:-1:-1|4:+1:-1|5:-1:-1|6:-1:+1|11:-1:+1,"[[3, 19, 4, 18], [5, 6, 6, 7], [8, 1, 9, 2], [9, 3, 10, 2], [10, 18, 11, 17], [11, 4, 12, 5], [12, 19, 13, 20], [14, 21, 15, 22], [15, 1, 16, 22], [16, 8, 17, 7], [20, 13, 21, 14]]",5,,,False,,not_applicable,,passed,True,6,1,5,,False,25.92993016731378,1.1595258832361357,0.009798230770925898,0.13852460722747623,False,True,,passed,,0.008769500011112541,36,0.8431906943069426,-0.3231069565607124,0.4296875,-0.3659364154183783,0.4441466712053621,False,7
4_1_figure_eight,deterministic_angular_sweep,32,96,,fibonacci_037,generic_tilt,"[-0.40673584817661423, 0.8143206959802755, 0.4140625]",4,5,42.87834917224521,14.029836183611144,1.1457457513207543,9,1,False,1:+1:+1|2:+1:+1|3:+1:-1|4:+1:-1|5:-1:-1|6:-1:-1|7:-1:+1|1:-1:+1|8:+1:+1|7:+1:+1|2:-1:+1|3:-1:-1|6:+1:-1|9:-1:+1|4:-1:-1|5:+1:-1|9:+1:+1|8:-1:+1,"[[5, 15, 6, 14], [8, 1, 9, 2], [9, 7, 10, 6], [11, 2, 12, 3], [12, 4, 13, 3], [15, 5, 16, 4], [16, 14, 17, 13], [17, 10, 18, 11], [18, 7, 1, 8]]",5,,,False,,not_applicable,,passed,True,5,1,5,,False,38.61365946669097,1.1629666266076089,0.012807820598453645,0.13590602545987357,False,True,,passed,,0.00655390000611078,37,-0.40673584817661423,0.8143206959802755,0.4140625,2.034026814310277,0.4269126228297277,False,5
4_1_figure_eight,deterministic_angular_sweep,32,96,,fibonacci_038,generic_tilt,"[-0.25206053025810227, -0.8818804044085311, 0.3984375]",4,5,42.87834917224521,14.029836183611144,1.1457457513207543,10,1,False,1:+1:+1|1:-1:+1|2:-1:+1|3:-1:-1|4:-1:-1|5:+1:-1|6:+1:-1|7:+1:+1|8:+1:+1|9:-1:+1|7:-1:+1|2:+1:+1|3:+1:-1|6:-1:-1|10:+1:+1|4:+1:-1|5:-1:-1|10:-1:+1|9:+1:+1|8:-1:+1,"[[2, 11, 3, 12], [3, 1, 4, 20], [5, 15, 6, 14], [7, 7, 8, 6], [8, 18, 9, 17], [9, 18, 10, 19], [10, 1, 11, 2], [15, 5, 16, 4], [16, 14, 17, 13], [19, 12, 20, 13]]",5,,,False,,not_applicable,,passed,True,5,1,5,,False,12.698987350757786,1.2114286546122972,0.007980020104795926,0.13884002492552502,False,True,,passed,,0.006545900003402494,38,-0.25206053025810227,-0.8818804044085311,0.3984375,-1.8491952631406543,0.4098126517404412,False,6
4_1_figure_eight,deterministic_angular_sweep,32,96,,fibonacci_039,generic_tilt,"[0.7872133087567544, 0.4834767795458152, 0.3828125]",4,5,42.87834917224521,14.029836183611144,1.1457457513207543,10,1,False,1:+1:+1|2:+1:+1|3:+1:-1|4:+1:-1|5:-1:-1|6:-1:+1|7:-1:-1|1:-1:+1|8:+1:+1|9:-1:+1|4:-1:-1|5:+1:-1|9:+1:+1|3:-1:-1|10:+1:-1|7:+1:-1|6:+1:+1|10:-1:-1|2:-1:+1|8:-1:+1,"[[5, 17, 6, 16], [6, 4, 7, 3], [7, 10, 8, 11], [11, 2, 12, 3], [14, 1, 15, 2], [15, 13, 16, 12], [17, 5, 18, 4], [18, 9, 19, 10], [19, 9, 20, 8], [20, 13, 1, 14]]",5,,,False,,not_applicable,,passed,True,5,1,5,,False,20.657521137411713,1.1404483255146955,0.006832275200537197,0.13538927515002158,False,True,,passed,,0.0070223000075202435,39,0.7872133087567544,0.4834767795458152,0.3828125,0.550767966588001,0.3928387875427684,False,6
4_1_figure_eight,deterministic_angular_sweep,32,96,,fibonacci_040,generic_tilt,"[-0.9132565714519087, 0.17645332114657059, 0.3671875]",4,5,42.87834917224521,14.029836183611144,1.1457457513207543,11,1,False,1:+1:+1|2:+1:+1|3:+1:-1|4:-1:-1|5:+1:-1|6:+1:+1|7:+1:-1|8:+1:+1|2:-1:+1|9:+1:-1|10:-1:-1|10:+1:-1|11:+1:+1|7:-1:-1|8:-1:+1|1:-1:+1|9:-1:-1|3:-1:-1|4:+1:-1|5:-1:-1|6:-1:+1|11:-1:+1,"[[1, 8, 2, 9], [3, 10, 4, 11], [4, 12, 5, 11], [5, 19, 6, 18], [9, 2, 10, 3], [14, 8, 15, 7], [16, 17, 17, 18], [19, 12, 20, 13], [20, 14, 21, 13], [21, 7, 22, 6], [22, 15, 1, 16]]",5,,,False,,not_applicable,,passed,True,6,1,5,,False,41.64045876233664,1.1835548504695939,0.028046536709126713,0.14235780556534883,False,True,,passed,,0.008949499999289401,40,-0.9132565714519087,0.17645332114657059,0.3671875,2.9507311963166565,0.3759834935041962,False,7
4_1_figure_eight,deterministic_angular_sweep,32,96,,fibonacci_041,generic_tilt,"[0.5577998880145961, -0.751839805759614, 0.3515625]",4,5,42.87834917224521,14.029836183611144,1.1457457513207543,9,1,False,1:+1:+1|2:+1:+1|3:+1:-1|4:+1:-1|5:-1:-1|6:-1:-1|7:-1:+1|1:-1:+1|8:+1:+1|7:+1:+1|2:-1:+1|3:-1:-1|6:+1:-1|9:-1:+1|4:-1:-1|5:+1:-1|9:+1:+1|8:-1:+1,"[[1, 17, 2, 16], [3, 12, 4, 13], [4, 14, 5, 13], [7, 15, 8, 14], [8, 6, 9, 5], [9, 2, 10, 3], [10, 17, 11, 18], [15, 7, 16, 6], [18, 11, 1, 12]]",5,,,False,,not_applicable,,passed,True,5,1,5,,False,51.45917337874034,1.1416254649399016,0.002441810950834622,0.1357828790185411,False,True,,passed,,0.0075188999908277765,41,0.5577998880145961,-0.751839805759614,0.3515625,-0.9324908811342747,0.35923962611183097,False,5
4_1_figure_eight,deterministic_angular_sweep,32,96,,fibonacci_042,generic_tilt,"[0.09714616234909745, 0.9368610458518343, 0.3359375]",4,5,42.87834917224521,14.029836183611144,1.1457457513207543,13,1,False,1:+1:+1|1:-1:+1|2:-1:+1|3:-1:-1|4:-1:-1|5:-1:-1|6:+1:-1|7:+1:-1|3:+1:-1|8:+1:+1|9:+1:+1|10:-1:+1|8:-1:+1|2:+1:+1|11:+1:+1|12:+1:-1|7:-1:-1|4:+1:-1|13:+1:+1|11:-1:+1|12:-1:-1|6:-1:-1|5:+1:-1|13:-1:+1|10:+1:+1|9:-1:+1,"[[6, 20, 7, 19], [7, 5, 8, 4], [11, 2, 12, 3], [14, 10, 15, 9], [15, 10, 16, 11], [16, 1, 17, 2], [18, 14, 19, 13], [20, 6, 21, 5], [22, 22, 23, 21], [23, 9, 24, 8], [24, 3, 25, 4], [25, 12, 26, 13], [26, 17, 1, 18]]",5,,,False,,not_applicable,,passed,True,10,1,5,,False,19.561507695749658,1.2982939703659613,0.0034726173049008935,0.14687594832250392,False,True,,passed,,0.010858900001039729,42,0.09714616234909745,0.9368610458518343,0.3359375,1.4674723485943661,0.3426003988559651,False,9
4_1_figure_eight,deterministic_angular_sweep,32,96,,fibonacci_043,generic_tilt,"[-0.7085326619426154, -0.6287935824292908, 0.3203125]",4,5,42.87834917224521,14.029836183611144,1.1457457513207543,11,1,False,1:+1:+1|2:+1:-1|3:+1:+1|1:-1:+1|4:-1:+1|5:-1:-1|6:-1:+1|7:+1:+1|8:+1:-1|4:+1:+1|9:+1:-1|10:-1:-1|2:-1:-1|3:-1:+1|7:-1:+1|6:+1:+1|11:-1:+1|9:-1:-1|10:+1:-1|11:+1:+1|5:+1:-1|8:-1:-1,"[[2, 9, 3, 10], [3, 1, 4, 22], [5, 13, 6, 12], [6, 18, 7, 17], [7, 18, 8, 19], [8, 1, 9, 2], [13, 5, 14, 4], [14, 21, 15, 22], [15, 11, 16, 10], [16, 20, 17, 19], [20, 11, 21, 12]]",5,,,False,,not_applicable,,passed,True,5,1,5,,False,6.933538384494782,1.1464728632381362,0.00862480572729396,0.13596131302394743,False,True,,passed,,0.007538599995314144,43,-0.7085326619426154,-0.6287935824292908,0.3203125,-2.415749728856565,0.32605934968485534,False,7
4_1_figure_eight,deterministic_angular_sweep,32,96,,fibonacci_044,generic_tilt,"[0.9523336958114547, -0.015035264076360357, 0.3046875]",4,5,42.87834917224521,14.029836183611144,1.1457457513207543,11,1,False,1:+1:+1|2:+1:+1|3:+1:-1|4:-1:-1|5:+1:-1|6:+1:+1|7:+1:-1|8:+1:+1|9:+1:-1|1:-1:+1|10:-1:-1|10:+1:-1|11:+1:+1|7:-1:-1|8:-1:+1|9:-1:-1|2:-1:+1|3:-1:-1|4:+1:-1|5:-1:-1|6:-1:+1|11:-1:+1,"[[5, 19, 6, 18], [6, 7, 7, 8], [9, 2, 10, 3], [10, 4, 11, 3], [11, 4, 12, 5], [12, 20, 13, 19], [13, 20, 14, 21], [15, 22, 16, 1], [16, 2, 17, 1], [17, 9, 18, 8], [21, 14, 22, 15]]",5,,,False,,not_applicable,,passed,True,4,1,5,,True,49.68630179463903,1.2541533282505681,0.003685841872185236,0.15246143269927312,False,True,,passed,,0.007262599989189766,44,0.9523336958114547,-0.015035264076360357,0.3046875,-0.015786499127909692,0.30961031165767294,False,7
4_1_figure_eight,deterministic_angular_sweep,32,96,,fibonacci_045,generic_tilt,"[-0.6955948361299443, 0.6577162724481628, 0.2890625]",4,5,42.87834917224521,14.029836183611144,1.1457457513207543,11,1,False,1:+1:+1|2:+1:+1|3:+1:-1|4:+1:+1|5:-1:+1|6:-1:-1|2:-1:+1|7:-1:-1|8:+1:-1|9:+1:-1|10:+1:+1|5:+1:+1|4:-1:+1|11:+1:+1|7:+1:-1|8:-1:-1|11:-1:+1|3:-1:-1|6:+1:-1|1:-1:+1|9:-1:-1|10:-1:+1,"[[5, 19, 6, 18], [8, 1, 9, 2], [9, 7, 10, 6], [10, 17, 11, 18], [12, 16, 13, 15], [13, 2, 14, 3], [14, 4, 15, 3], [19, 5, 20, 4], [20, 11, 21, 12], [21, 17, 22, 16], [22, 7, 1, 8]]",5,,,False,,not_applicable,,passed,True,5,1,5,,False,6.827271454568318,1.1471533200009159,0.038453214254033696,0.1358987602921122,False,True,,passed,,0.008164300001226366,45,-0.6955948361299443,0.6577162724481628,0.2890625,2.3841767306007458,0.2932473863906822,False,7
4_1_figure_eight,deterministic_angular_sweep,32,96,,fibonacci_046,generic_tilt,"[0.06895733046325764, -0.9594148321602763, 0.2734375]",4,5,42.87834917224521,14.029836183611144,1.1457457513207543,13,1,False,1:+1:+1|2:+1:+1|3:+1:-1|4:+1:+1|2:-1:+1|5:-1:+1|6:+1:+1|7:-1:-1|8:+1:-1|9:+1:-1|10:+1:+1|6:-1:+1|11:-1:-1|8:-1:-1|12:+1:-1|10:-1:+1|13:+1:+1|1:-1:+1|5:+1:+1|3:-1:-1|4:-1:+1|13:-1:+1|9:-1:-1|12:-1:-1|7:+1:-1|11:+1:-1,"[[1, 23, 2, 22], [2, 15, 3, 16], [3, 24, 4, 25], [5, 1, 6, 26], [7, 17, 8, 16], [9, 18, 10, 19], [10, 20, 11, 19], [11, 7, 12, 6], [12, 25, 13, 26], [13, 4, 14, 5], [20, 18, 21, 17], [21, 9, 22, 8], [23, 14, 24, 15]]",5,,,False,,not_applicable,,passed,True,10,1,5,,False,30.826937841769734,1.319747479597014,0.02366370507209581,0.15113504505109424,False,True,,passed,,0.012611199999810196,46,0.06895733046325764,-0.9594148321602763,0.2734375,-1.4990453468501856,0.27696491994854544,False,9
4_1_figure_eight,deterministic_angular_sweep,32,96,,fibonacci_047,generic_tilt,"[0.5999014736024458, 0.7573974761070728, 0.2578125]",4,5,42.87834917224521,14.029836183611144,1.1457457513207543,10,1,False,1:+1:+1|2:+1:+1|3:+1:-1|4:+1:-1|5:+1:-1|6:-1:-1|4:-1:-1|7:-1:-1|8:-1:+1|1:-1:+1|9:+1:+1|10:-1:+1|6:+1:-1|5:-1:-1|10:+1:+1|3:-1:-1|7:+1:-1|8:+1:+1|2:-1:+1|9:-1:+1,"[[6, 16, 7, 15], [7, 5, 8, 4], [10, 3, 11, 4], [12, 1, 13, 2], [14, 12, 15, 11], [16, 6, 17, 5], [17, 9, 18, 8], [18, 9, 19, 10], [19, 2, 20, 3], [20, 13, 1, 14]]",5,,,False,,not_applicable,,passed,True,4,1,5,,True,10.91446264285109,1.1436851532613186,0.05665708148842441,0.13549574051505467,False,True,,passed,,0.010055399994598702,47,0.5999014736024458,0.7573974761070728,0.2578125,0.9009178828784697,0.2607574808802837,False,6
4_1_figure_eight,deterministic_angular_sweep,32,96,,fibonacci_048,generic_tilt,"[-0.9579467431500948, -0.15389363902343792, 0.2421875]",4,5,42.87834917224521,14.029836183611144,1.1457457513207543,15,1,False,1:+1:+1|2:+1:-1|3:+1:+1|4:+1:-1|2:-1:-1|5:-1:+1|6:-1:-1|7:-1:+1|8:+1:+1|9:+1:-1|10:-1:-1|6:+1:-1|11:+1:+1|3:-1:+1|4:-1:-1|12:-1:+1|13:-1:-1|14:+1:-1|15:-1:-1|11:-1:+1|5:+1:+1|1:-1:+1|12:+1:+1|13:+1:-1|9:-1:-1|8:-1:+1|14:-1:-1|15:+1:-1|7:+1:+1|10:+1:-1,"[[1, 8, 2, 9], [3, 12, 4, 13], [4, 28, 5, 27], [6, 16, 7, 15], [9, 24, 10, 25], [10, 24, 11, 23], [11, 2, 12, 3], [19, 16, 20, 17], [20, 6, 21, 5], [21, 26, 22, 27], [22, 14, 23, 13], [25, 14, 26, 15], [28, 18, 29, 17], [29, 18, 30, 19], [30, 8, 1, 7]]",5,,,False,,not_applicable,,passed,True,5,1,5,,False,4.245843847653247,1.1796190645215026,0.020286507008449917,0.1422235897296466,False,True,,passed,,0.017924900006619282,48,-0.9579467431500948,-0.15389363902343792,0.2421875,-2.9823041945724755,0.24461984013947533,False,11
4_1_figure_eight,deterministic_angular_sweep,32,96,,fibonacci_049,generic_tilt,"[0.813460025289921, -0.5356792145016185, 0.2265625]",4,5,42.87834917224521,14.029836183611144,1.1457457513207543,14,1,False,1:+1:+1|2:+1:+1|3:+1:-1|4:-1:-1|5:+1:-1|6:-1:+1|7:+1:+1|8:+1:+1|2:-1:+1|3:-1:-1|9:+1:-1|10:+1:+1|4:+1:-1|5:-1:-1|11:-1:+1|12:-1:-1|8:-1:+1|1:-1:+1|13:-1:-1|14:+1:-1|6:+1:+1|11:+1:+1|10:-1:+1|9:-1:-1|12:+1:-1|7:-1:+1|14:-1:-1|13:+1:-1,"[[3, 10, 4, 11], [4, 24, 5, 23], [6, 19, 7, 20], [7, 19, 8, 18], [11, 2, 12, 3], [12, 2, 13, 1], [13, 23, 14, 22], [14, 5, 15, 6], [15, 9, 16, 8], [16, 25, 17, 26], [20, 27, 21, 28], [21, 1, 22, 28], [24, 10, 25, 9], [26, 17, 27, 18]]",5,,,False,,not_applicable,,passed,True,6,1,5,,False,46.358052085155606,1.1613725715909573,0.0046642390946227685,0.13776335347964466,False,True,,passed,,0.015621400001691654,49,0.813460025289921,-0.5356792145016185,0.2265625,-0.5823409648438205,0.2285469526620647,False,10
4_1_figure_eight,deterministic_angular_sweep,32,96,,fibonacci_050,generic_tilt,"[-0.23882985538077378, 0.9478742908595784, 0.2109375]",4,5,42.87834917224521,14.029836183611144,1.1457457513207543,13,1,False,1:+1:+1|2:+1:+1|3:+1:-1|4:+1:+1|2:-1:+1|5:-1:+1|6:+1:+1|7:-1:-1|8:+1:-1|9:+1:-1|10:+1:+1|6:-1:+1|11:-1:-1|12:+1:-1|9:-1:-1|10:-1:+1|13:+1:+1|1:-1:+1|5:+1:+1|3:-1:-1|4:-1:+1|13:-1:+1|12:-1:-1|8:-1:-1|7:+1:-1|11:+1:-1,"[[7, 5, 8, 4], [8, 22, 9, 21], [10, 1, 11, 2], [14, 10, 15, 9], [15, 2, 16, 3], [17, 12, 18, 13], [18, 14, 19, 13], [20, 4, 21, 3], [22, 5, 23, 6], [23, 7, 24, 6], [24, 20, 25, 19], [25, 16, 26, 17], [26, 11, 1, 12]]",5,,,False,,not_applicable,,passed,True,4,1,5,,True,28.76625267107361,1.2202191365179433,0.023931398590477215,0.14200370617496585,False,True,,passed,,0.011187399999471381,50,-0.23882985538077378,0.9478742908595784,0.2109375,1.8176222648848348,0.21253394040374687,False,9
4_1_figure_eight,deterministic_angular_sweep,32,96,,fibonacci_051,generic_tilt,"[-0.4657134403515823, -0.8631129814917878, 0.1953125]",4,5,42.87834917224521,14.029836183611144,1.1457457513207543,11,1,False,1:+1:+1|1:-1:+1|2:-1:-1|3:-1:+1|4:-1:-1|5:-1:-1|6:+1:-1|7:+1:-1|8:+1:+1|2:+1:-1|9:+1:+1|10:-1:+1|3:+1:+1|8:-1:+1|7:-1:-1|4:+1:-1|11:+1:+1|6:-1:-1|5:+1:-1|11:-1:+1|10:+1:+1|9:-1:+1,"[[1, 12, 2, 13], [3, 1, 4, 22], [5, 17, 6, 16], [7, 7, 8, 6], [8, 15, 9, 16], [9, 19, 10, 18], [10, 21, 11, 22], [11, 2, 12, 3], [17, 5, 18, 4], [19, 15, 20, 14], [20, 13, 21, 14]]",5,,,False,,not_applicable,,passed,True,4,1,5,,True,16.292597645276278,1.1544004107331414,0.005286216431812818,0.13698363453864965,False,True,,passed,,0.011698999995132908,51,-0.4657134403515823,-0.8631129814917878,0.1953125,-2.0655998125660964,0.19657607666314347,False,7
4_1_figure_eight,deterministic_angular_sweep,32,96,,fibonacci_052,generic_tilt,"[0.9292445387423222, 0.32282656266379134, 0.1796875]",4,5,42.87834917224521,14.029836183611144,1.1457457513207543,14,1,False,1:+1:+1|2:+1:+1|3:+1:-1|4:+1:+1|5:+1:-1|6:-1:-1|7:-1:+1|8:-1:-1|9:+1:-1|10:+1:+1|2:-1:+1|11:-1:+1|12:+1:+1|5:-1:-1|6:+1:-1|9:-1:-1|10:-1:+1|1:-1:+1|13:-1:-1|14:+1:-1|11:+1:+1|3:-1:-1|8:+1:-1|7:+1:+1|4:-1:+1|12:-1:+1|14:-1:-1|13:+1:-1,"[[6, 13, 7, 14], [7, 21, 8, 20], [8, 2, 9, 1], [11, 2, 12, 3], [14, 5, 15, 6], [15, 5, 16, 4], [16, 24, 17, 23], [17, 24, 18, 25], [19, 28, 20, 1], [21, 13, 22, 12], [22, 4, 23, 3], [25, 10, 26, 11], [26, 10, 27, 9], [27, 18, 28, 19]]",5,,,False,,not_applicable,,passed,True,6,1,5,,False,41.245721958015466,1.1603929810999087,0.005567840695547943,0.13898273620068585,False,True,,passed,,0.012254900007974356,52,0.9292445387423222,0.32282656266379134,0.1796875,0.3343634171625589,0.18066877153760597,False,10
4_1_figure_eight,deterministic_angular_sweep,32,96,,fibonacci_053,generic_tilt,"[-0.9057654321486892, 0.39073325686233595, 0.1640625]",4,5,42.87834917224521,14.029836183611144,1.1457457513207543,14,1,False,1:+1:+1|2:+1:+1|3:+1:-1|4:-1:-1|5:+1:-1|6:-1:+1|7:+1:+1|8:+1:+1|2:-1:+1|3:-1:-1|9:+1:-1|10:+1:+1|4:+1:-1|5:-1:-1|11:-1:+1|12:-1:-1|8:-1:+1|1:-1:+1|13:-1:-1|14:+1:-1|6:+1:+1|11:+1:+1|10:-1:+1|9:-1:-1|12:+1:-1|7:-1:+1|14:-1:-1|13:+1:-1,"[[1, 10, 2, 11], [5, 12, 6, 13], [6, 14, 7, 13], [9, 23, 10, 22], [11, 2, 12, 3], [16, 23, 17, 24], [17, 9, 18, 8], [19, 4, 20, 5], [20, 4, 21, 3], [24, 15, 25, 16], [25, 15, 26, 14], [26, 8, 27, 7], [27, 18, 28, 19], [28, 22, 1, 21]]",5,,,False,,not_applicable,,passed,True,6,1,5,,False,42.793482618632595,1.161119426296997,0.01727553681158156,0.13861424328267968,False,True,,passed,,0.011051000008592382,53,-0.9057654321486892,0.39073325686233595,0.1640625,2.734326646891214,0.16480755837603633,False,10
4_1_figure_eight,deterministic_angular_sweep,32,96,,fibonacci_054,generic_tilt,"[0.40495892696135893, -0.9022053957209826, 0.1484375]",4,5,42.87834917224521,14.029836183611144,1.1457457513207543,11,1,False,1:+1:+1|2:+1:+1|3:+1:-1|4:+1:+1|2:-1:+1|5:-1:+1|6:+1:+1|7:-1:-1|8:+1:-1|6:-1:+1|9:-1:-1|10:+1:-1|11:+1:+1|1:-1:+1|5:+1:+1|3:-1:-1|4:-1:+1|11:-1:+1|10:-1:-1|8:-1:-1|7:+1:-1|9:+1:-1,"[[1, 21, 2, 20], [2, 13, 3, 14], [5, 15, 6, 14], [7, 16, 8, 17], [8, 18, 9, 17], [9, 5, 10, 4], [10, 3, 11, 4], [11, 22, 12, 1], [18, 16, 19, 15], [19, 7, 20, 6], [21, 12, 22, 13]]",5,,,False,,not_applicable,,passed,True,4,1,5,,True,24.83897449703007,1.1742165879387285,0.005314886424315546,0.13794316618468022,False,True,,passed,,0.006891700002597645,54,0.40495892696135893,-0.9022053957209826,0.1484375,-1.148895430559717,0.14898808110808143,False,7
4_1_figure_eight,deterministic_angular_sweep,32,96,,fibonacci_055,generic_tilt,"[0.31152445242214993, 0.9409109178805556, 0.1328125]",4,5,42.87834917224521,14.029836183611144,1.1457457513207543,13,1,False,1:+1:+1|2:+1:+1|3:+1:-1|4:+1:-1|5:-1:-1|6:-1:-1|7:-1:+1|8:-1:+1|9:-1:-1|1:-1:+1|8:+1:+1|10:+1:+1|11:-1:+1|5:+1:-1|4:-1:-1|12:-1:-1|13:-1:+1|11:+1:+1|6:+1:-1|3:-1:-1|12:+1:-1|13:+1:+1|2:-1:+1|7:+1:+1|10:-1:+1|9:+1:-1,"[[6, 20, 7, 19], [8, 4, 9, 3], [11, 2, 12, 3], [14, 10, 15, 9], [15, 10, 16, 11], [16, 1, 17, 2], [18, 14, 19, 13], [21, 5, 22, 4], [22, 5, 23, 6], [23, 21, 24, 20], [24, 8, 25, 7], [25, 12, 26, 13], [26, 17, 1, 18]]",5,,,False,,not_applicable,,passed,True,4,1,5,,True,27.566411947416164,1.2056414929195676,0.01761394101961855,0.14302382964505858,False,True,,passed,,0.011208500000066124,55,0.31152445242214993,0.9409109178805556,0.1328125,1.2510677991689383,0.13320608234182008,False,9
4_1_figure_eight,deterministic_angular_sweep,32,96,,fibonacci_056,generic_tilt,"[-0.8670032766127411, -0.4843267576611069, 0.1171875]",4,5,42.87834917224521,14.029836183611144,1.1457457513207543,15,1,False,1:+1:+1|2:+1:+1|3:+1:-1|4:+1:+1|5:+1:-1|6:+1:-1|7:-1:-1|5:-1:-1|8:-1:+1|9:-1:-1|10:+1:-1|1:-1:+1|11:+1:+1|12:-1:+1|13:+1:+1|7:+1:-1|6:-1:-1|10:-1:-1|2:-1:+1|11:-1:+1|14:-1:-1|15:+1:-1|12:+1:+1|3:-1:-1|9:+1:-1|8:+1:+1|4:-1:+1|13:-1:+1|15:-1:-1|14:+1:-1,"[[1, 9, 2, 8], [2, 20, 3, 19], [3, 10, 4, 11], [4, 15, 5, 16], [7, 29, 8, 28], [9, 21, 10, 20], [11, 26, 12, 27], [12, 26, 13, 25], [13, 16, 14, 17], [14, 5, 15, 6], [22, 29, 23, 30], [23, 7, 24, 6], [24, 18, 25, 17], [27, 18, 28, 19], [30, 21, 1, 22]]",5,,,False,,not_applicable,,passed,True,11,1,5,,False,7.479524903154063,1.1804773714446504,0.03766790228084338,0.14058644990194463,False,True,,passed,,0.012287400008062832,56,-0.8670032766127411,-0.4843267576611069,0.1171875,-2.632154278281993,0.11745739213294011,False,11
4_1_figure_eight,deterministic_angular_sweep,32,96,,fibonacci_057,generic_tilt,"[0.9681324707648126, -0.22892046139340513, 0.1015625]",4,5,42.87834917224521,14.029836183611144,1.1457457513207543,16,1,False,1:+1:+1|2:+1:+1|3:+1:-1|4:+1:-1|5:+1:+1|6:-1:-1|7:+1:-1|8:-1:+1|9:+1:+1|1:-1:+1|10:+1:+1|3:-1:-1|11:+1:-1|12:+1:+1|6:+1:-1|7:-1:-1|13:-1:+1|14:-1:-1|2:-1:+1|10:-1:+1|15:-1:-1|16:+1:-1|8:+1:+1|13:+1:+1|12:-1:+1|5:-1:+1|4:-1:-1|11:-1:-1|14:+1:-1|9:-1:+1|16:-1:-1|15:+1:-1,"[[4, 13, 5, 14], [5, 27, 6, 26], [7, 22, 8, 23], [8, 31, 9, 32], [9, 31, 10, 30], [10, 22, 11, 21], [14, 3, 15, 4], [15, 25, 16, 24], [16, 2, 17, 1], [17, 6, 18, 7], [18, 12, 19, 11], [19, 28, 20, 29], [23, 32, 24, 1], [25, 3, 26, 2], [27, 13, 28, 12], [29, 20, 30, 21]]",5,,,False,,not_applicable,,passed,True,10,1,5,,False,1.4346121977156683,1.1987920498565452,0.0019754561661926573,0.1443732043846508,False,True,,passed,,0.01452350000909064,57,0.9681324707648126,-0.22892046139340513,0.1015625,-0.23219104855333764,0.10173791733766063,False,12
4_1_figure_eight,deterministic_angular_sweep,32,96,,fibonacci_058,generic_tilt,"[-0.5600643254482937, 0.8239797918965598, 0.0859375]",4,5,42.87834917224521,14.029836183611144,1.1457457513207543,15,1,False,1:+1:+1|2:+1:+1|3:+1:-1|1:-1:+1|4:-1:-1|5:-1:+1|6:-1:-1|7:+1:-1|8:+1:+1|9:+1:-1|10:-1:-1|11:-1:+1|5:+1:+1|12:-1:+1|13:+1:+1|8:-1:+1|7:-1:-1|14:+1:-1|12:+1:+1|4:+1:-1|15:+1:+1|10:+1:-1|9:-1:-1|3:-1:-1|2:-1:+1|13:-1:+1|14:-1:-1|6:+1:-1|11:+1:+1|15:-1:+1,"[[6, 15, 7, 16], [7, 15, 8, 14], [9, 5, 10, 4], [11, 25, 12, 24], [12, 1, 13, 2], [16, 25, 17, 26], [17, 11, 18, 10], [18, 3, 19, 4], [19, 23, 20, 22], [23, 3, 24, 2], [26, 5, 27, 6], [27, 9, 28, 8], [28, 22, 29, 21], [29, 20, 30, 21], [30, 13, 1, 14]]",5,,,False,,not_applicable,,passed,True,5,1,5,,False,13.607708518812997,1.169933535093922,0.04489965155862308,0.1390527606744195,False,True,,passed,,0.01485819999652449,58,-0.5600643254482937,0.8239797918965598,0.0859375,2.1677721811752892,0.08604363146951062,False,11
4_1_figure_eight,deterministic_angular_sweep,32,96,,fibonacci_059,generic_tilt,"[-0.14379285760821345, -0.9871067654740363, 0.0703125]",4,5,42.87834917224521,14.029836183611144,1.1457457513207543,13,1,False,1:+1:+1|2:+1:+1|3:+1:-1|4:+1:+1|5:-1:+1|1:-1:+1|6:+1:+1|7:-1:-1|8:+1:-1|9:+1:-1|10:+1:+1|6:-1:+1|11:-1:-1|8:-1:-1|12:+1:-1|10:-1:+1|13:+1:+1|5:+1:+1|2:-1:+1|3:-1:-1|4:-1:+1|13:-1:+1|9:-1:-1|12:-1:-1|7:+1:-1|11:+1:-1,"[[1, 23, 2, 22], [2, 15, 3, 16], [3, 24, 4, 25], [5, 1, 6, 26], [8, 18, 9, 17], [9, 18, 10, 19], [10, 20, 11, 19], [11, 7, 12, 6], [12, 25, 13, 26], [13, 4, 14, 5], [20, 8, 21, 7], [21, 17, 22, 16], [23, 14, 24, 15]]",5,,,False,,not_applicable,,passed,True,11,1,5,,False,29.536881347521906,1.2762321355451587,0.007621923587208812,0.15405640830451403,False,True,,passed,,0.01062100000854116,59,-0.14379285760821345,-0.9871067654740363,0.0703125,-1.715449896275642,0.07037056498670617,False,9
4_1_figure_eight,deterministic_angular_sweep,32,96,,fibonacci_060,generic_tilt,"[0.7735674920975508, 0.6313498337005051, 0.0546875]",4,5,42.87834917224521,14.029836183611144,1.1457457513207543,15,1,False,1:+1:+1|2:+1:-1|3:+1:+1|4:+1:-1|5:+1:+1|6:+1:-1|7:-1:-1|8:-1:+1|9:+1:+1|1:-1:+1|2:-1:-1|10:+1:-1|11:+1:+1|7:+1:-1|6:-1:-1|12:-1:+1|13:-1:-1|3:-1:+1|14:-1:-1|15:+1:-1|8:+1:+1|11:-1:+1|12:+1:+1|5:-1:+1|4:-1:-1|13:+1:-1|10:-1:-1|9:-1:+1|15:-1:-1|14:+1:-1,"[[7, 14, 8, 15], [8, 22, 9, 21], [10, 2, 11, 1], [11, 2, 12, 3], [15, 6, 16, 7], [16, 24, 17, 23], [17, 26, 18, 27], [18, 4, 19, 3], [19, 30, 20, 1], [22, 14, 23, 13], [24, 6, 25, 5], [25, 4, 26, 5], [27, 12, 28, 13], [28, 10, 29, 9], [29, 20, 30, 21]]",5,,,False,,not_applicable,,passed,True,5,1,5,,False,25.495022751450442,1.2280478385762597,0.014183033673063505,0.1458376431850081,False,True,,passed,,0.011469499993836507,60,0.7735674920975508,0.6313498337005051,0.0546875,0.6845133334530132,0.0547147959424247,False,11
4_1_figure_eight,deterministic_angular_sweep,32,96,,fibonacci_061,generic_tilt,"[-0.9976073333593194, 0.05704147194329468, 0.0390625]",4,5,42.87834917224521,14.029836183611144,1.1457457513207543,17,1,False,1:+1:+1|2:+1:+1|3:+1:-1|4:+1:+1|5:-1:-1|6:+1:-1|7:-1:+1|8:-1:-1|9:-1:+1|10:-1:-1|2:-1:+1|11:+1:-1|12:+1:+1|13:-1:-1|14:+1:-1|7:+1:+1|15:+1:+1|16:-1:+1|4:-1:+1|3:-1:-1|10:+1:-1|1:-1:+1|11:-1:-1|17:+1:+1|13:+1:-1|9:+1:+1|16:+1:+1|5:+1:-1|6:-1:-1|15:-1:+1|8:+1:-1|14:-1:-1|17:-1:+1|12:-1:+1,"[[1, 12, 2, 13], [2, 28, 3, 27], [5, 16, 6, 17], [9, 19, 10, 18], [10, 30, 11, 29], [11, 28, 12, 29], [13, 27, 14, 26], [14, 3, 15, 4], [20, 31, 21, 32], [21, 9, 22, 8], [23, 6, 24, 7], [24, 16, 25, 15], [25, 5, 26, 4], [30, 19, 31, 20], [32, 8, 33, 7], [33, 22, 34, 23], [34, 18, 1, 17]]",5,,,False,,not_applicable,,passed,True,15,1,5,,False,45.55820358357426,1.2323143707998705,0.0014042028710434806,0.15066187244457127,False,True,,passed,,0.020198900005198084,61,-0.9976073333593194,0.05704147194329468,0.0390625,3.0844765631816684,0.03907244093487471,False,13
4_1_figure_eight,deterministic_angular_sweep,32,96,,fibonacci_062,generic_tilt,"[0.6974144443247476, -0.7162847034810623, 0.0234375]",4,5,42.87834917224521,14.029836183611144,1.1457457513207543,15,1,False,1:+1:+1|2:+1:-1|3:+1:+1|4:+1:-1|5:-1:-1|6:-1:+1|7:+1:+1|1:-1:+1|8:+1:+1|9:+1:-1|2:-1:-1|10:+1:-1|11:+1:+1|5:+1:-1|4:-1:-1|12:-1:+1|13:-1:-1|3:-1:+1|9:-1:-1|8:-1:+1|14:-1:-1|15:+1:-1|6:+1:+1|11:-1:+1|12:+1:+1|13:+1:-1|10:-1:-1|7:-1:+1|15:-1:-1|14:+1:-1,"[[1, 8, 2, 9], [2, 24, 3, 23], [3, 18, 4, 19], [6, 18, 7, 17], [9, 30, 10, 1], [10, 22, 11, 21], [11, 20, 12, 21], [12, 28, 13, 27], [13, 4, 14, 5], [14, 6, 15, 5], [15, 26, 16, 27], [19, 28, 20, 29], [22, 30, 23, 29], [24, 8, 25, 7], [25, 16, 26, 17]]",5,,,False,,not_applicable,,passed,True,5,1,5,,False,26.215021848965073,1.21015370994052,0.028341962419766276,0.14444210253192,False,True,,passed,,0.010761099998489954,62,0.6974144443247476,-0.7162847034810623,0.0234375,-0.7987455142692627,0.02343964629780272,False,11
4_1_figure_eight,deterministic_angular_sweep,32,96,,fibonacci_063,generic_tilt,"[-0.030415768322643748, 0.9995068013180768, 0.0078125]",4,5,42.87834917224521,14.029836183611144,1.1457457513207543,13,1,False,1:+1:+1|2:+1:-1|3:+1:+1|4:+1:-1|5:+1:+1|6:+1:-1|7:-1:-1|8:-1:+1|9:-1:-1|1:-1:+1|2:-1:-1|3:-1:+1|10:+1:+1|11:-1:+1|8:+1:+1|7:+1:-1|12:-1:-1|13:-1:+1|4:-1:-1|9:+1:-1|11:+1:+1|12:+1:-1|6:-1:-1|5:-1:+1|13:+1:+1|10:-1:+1,"[[7, 21, 8, 20], [9, 3, 10, 2], [10, 1, 11, 2], [14, 3, 15, 4], [15, 9, 16, 8], [16, 11, 17, 12], [19, 13, 20, 12], [21, 5, 22, 4], [22, 5, 23, 6], [23, 7, 24, 6], [24, 13, 25, 14], [25, 19, 26, 18], [26, 17, 1, 18]]",5,,,False,,not_applicable,,passed,True,5,1,5,,False,5.688698717464235,1.3506980569748777,0.03476279975639329,0.1655055353956242,False,True,,passed,,0.010465900006238371,63,-0.030415768322643748,0.9995068013180768,0.0078125,1.6012177154593927,0.007812579475042568,False,9
4_1_figure_eight,deterministic_angular_sweep,32,96,,fibonacci_064,generic_tilt,"[-0.6527295023747824, -0.7575507650140146, -0.0078125]",4,5,42.87834917224521,14.029836183611144,1.1457457513207543,19,1,False,1:+1:+1|2:+1:+1|3:+1:-1|4:+1:+1|5:+1:-1|6:-1:-1|7:-1:+1|8:-1:-1|9:+1:-1|10:-1:+1|11:-1:-1|1:-1:+1|10:+1:+1|12:+1:+1|13:-1:+1|14:+1:+1|6:+1:-1|5:-1:-1|15:-1:-1|16:-1:+1|2:-1:+1|9:-1:-1|12:-1:+1|17:-1:-1|18:+1:-1|13:+1:+1|8:+1:-1|3:-1:-1|19:+1:+1|15:+1:-1|16:+1:+1|19:-1:+1|4:-1:+1|7:+1:+1|14:-1:+1|18:-1:-1|17:+1:-1|11:+1:-1,"[[1, 26, 2, 27], [2, 12, 3, 11], [3, 16, 4, 17], [4, 24, 5, 23], [5, 33, 6, 32], [6, 33, 7, 34], [7, 20, 8, 21], [10, 38, 11, 37], [13, 25, 14, 24], [14, 25, 15, 26], [15, 13, 16, 12], [17, 36, 18, 37], [18, 30, 19, 29], [19, 8, 20, 9], [27, 38, 28, 1], [28, 10, 29, 9], [30, 22, 31, 21], [31, 35, 32, 34], [35, 22, 36, 23]]",5,,,False,,not_applicable,,passed,True,5,1,5,,False,8.624807263518688,1.0451993691939478,0.0013266298272469612,0.12450469993867065,False,True,,passed,,0.015436700006830506,64,-0.6527295023747824,-0.7575507650140146,-0.0078125,-2.2820043619915387,-0.007812579475042568,False,15
4_1_figure_eight,deterministic_angular_sweep,32,96,,fibonacci_065,generic_tilt,"[0.9927781289564758, 0.11765317785520758, -0.0234375]",4,5,42.87834917224521,14.029836183611144,1.1457457513207543,17,1,False,1:+1:+1|2:+1:+1|3:+1:-1|4:+1:+1|5:-1:-1|6:+1:-1|7:-1:+1|8:-1:-1|9:-1:+1|1:-1:+1|10:+1:+1|11:+1:+1|12:+1:-1|3:-1:-1|13:+1:+1|5:+1:-1|6:-1:-1|14:-1:+1|2:-1:+1|15:-1:-1|11:-1:+1|16:+1:-1|17:-1:-1|9:+1:+1|8:+1:-1|7:+1:+1|14:+1:+1|13:-1:+1|4:-1:+1|12:-1:-1|15:+1:-1|10:-1:+1|16:-1:-1|17:+1:-1,"[[4, 15, 5, 16], [6, 26, 7, 25], [7, 24, 8, 25], [8, 24, 9, 23], [9, 1, 10, 34], [13, 2, 14, 3], [16, 5, 17, 6], [17, 27, 18, 26], [18, 2, 19, 1], [19, 30, 20, 31], [20, 12, 21, 11], [22, 33, 23, 34], [27, 15, 28, 14], [28, 4, 29, 3], [29, 12, 30, 13], [31, 11, 32, 10], [32, 21, 33, 22]]",5,,,False,,not_applicable,,passed,True,15,1,5,,False,33.66118216375897,1.2221533546962644,0.018586960335888136,0.14934032062584485,False,True,,passed,,0.022001400007866323,65,0.9927781289564758,0.11765317785520758,-0.0234375,0.11795886773711671,-0.02343964629780272,False,13
4_1_figure_eight,deterministic_angular_sweep,32,96,,fibonacci_066,generic_tilt,"[-0.8111207115105447, 0.5835728852957254, -0.0390625]",4,5,42.87834917224521,14.029836183611144,1.1457457513207543,15,1,False,1:+1:+1|2:+1:-1|3:+1:+1|4:+1:-1|5:+1:+1|6:+1:-1|7:-1:-1|8:-1:+1|9:+1:+1|1:-1:+1|2:-1:-1|10:+1:-1|11:+1:+1|7:+1:-1|6:-1:-1|12:-1:+1|13:-1:-1|3:-1:+1|14:-1:-1|15:+1:-1|8:+1:+1|11:-1:+1|12:+1:+1|5:-1:+1|4:-1:-1|13:+1:-1|10:-1:-1|9:-1:+1|15:-1:-1|14:+1:-1,"[[1, 10, 2, 11], [5, 14, 6, 15], [6, 16, 7, 15], [8, 26, 9, 25], [9, 2, 10, 3], [17, 26, 18, 27], [18, 8, 19, 7], [19, 4, 20, 5], [21, 12, 22, 13], [22, 12, 23, 11], [24, 4, 25, 3], [27, 16, 28, 17], [28, 14, 29, 13], [29, 20, 30, 21], [30, 24, 1, 23]]",5,,,False,,not_applicable,,passed,True,5,1,5,,False,24.08447539954409,1.2453273169815768,0.03979512017055242,0.14828052146905701,False,True,,passed,,0.01778169999306556,66,-0.8111207115105447,0.5835728852957254,-0.0390625,2.517922097465772,-0.03907244093487471,False,11
4_1_figure_eight,deterministic_angular_sweep,32,96,,fibonacci_067,generic_tilt,"[0.20374772702411498, -0.9774948291813397, -0.0546875]",4,5,42.87834917224521,14.029836183611144,1.1457457513207543,13,1,False,1:+1:+1|2:+1:+1|3:+1:-1|4:+1:+1|5:-1:+1|1:-1:+1|6:+1:+1|7:-1:-1|8:+1:-1|9:+1:-1|10:+1:+1|6:-1:+1|11:-1:-1|8:-1:-1|12:+1:-1|10:-1:+1|13:+1:+1|5:+1:+1|2:-1:+1|3:-1:-1|4:-1:+1|13:-1:+1|9:-1:-1|12:-1:-1|7:+1:-1|11:+1:-1,"[[1, 10, 2, 11], [2, 15, 3, 16], [3, 9, 4, 8], [4, 22, 5, 21], [5, 22, 6, 23], [6, 24, 7, 23], [9, 15, 10, 14], [11, 16, 12, 17], [12, 25, 13, 26], [13, 19, 14, 18], [17, 26, 18, 1], [19, 25, 20, 24], [20, 8, 21, 7]]",5,,,False,,not_applicable,,passed,True,11,1,5,,False,19.060387638095936,1.2551939905547331,0.021315560491160568,0.15090766614372145,False,True,,passed,,0.006923400011146441,67,0.20374772702411498,-0.9774948291813397,-0.0546875,-1.3652999799851593,-0.0547147959424247,False,9
4_1_figure_eight,deterministic_angular_sweep,32,96,,fibonacci_068,generic_tilt,"[0.5095512011500745, 0.8575626657861607, -0.0703125]",4,5,42.87834917224521,14.029836183611144,1.1457457513207543,15,1,False,1:+1:+1|2:+1:+1|3:+1:-1|4:+1:-1|5:-1:-1|6:-1:-1|7:-1:+1|8:-1:+1|9:-1:-1|10:+1:-1|11:+1:+1|12:+1:+1|2:-1:+1|7:+1:+1|6:+1:-1|3:-1:-1|12:-1:+1|13:-1:+1|10:-1:-1|14:+1:-1|15:+1:+1|5:+1:-1|4:-1:-1|11:-1:+1|13:+1:+1|1:-1:+1|8:+1:+1|15:-1:+1|14:-1:-1|9:+1:-1,"[[4, 15, 5, 16], [5, 23, 6, 22], [7, 13, 8, 12], [9, 3, 10, 2], [10, 1, 11, 2], [16, 3, 17, 4], [17, 26, 18, 27], [18, 26, 19, 25], [19, 9, 20, 8], [20, 11, 21, 12], [24, 14, 25, 13], [27, 14, 28, 15], [28, 24, 29, 23], [29, 7, 30, 6], [30, 21, 1, 22]]",5,,,False,,not_applicable,,passed,True,5,1,5,,False,15.855457048471749,1.1765471584813283,0.018415858345888214,0.14012093694105993,False,True,,passed,,0.012491399989812635,68,0.5095512011500745,0.8575626657861607,-0.0703125,1.034663249743496,-0.07037056498670617,False,11
4_1_figure_eight,deterministic_angular_sweep,32,96,,fibonacci_069,generic_tilt,"[-0.953830168944334, -0.28778942806394603, -0.0859375]",4,5,42.87834917224521,14.029836183611144,1.1457457513207543,14,1,False,1:+1:+1|2:+1:+1|3:+1:-1|4:-1:-1|5:+1:-1|6:-1:+1|7:+1:+1|1:-1:+1|8:+1:+1|3:-1:-1|9:+1:-1|10:+1:+1|4:+1:-1|5:-1:-1|11:-1:+1|12:-1:-1|2:-1:+1|8:-1:+1|13:-1:-1|14:+1:-1|6:+1:+1|11:+1:+1|10:-1:+1|9:-1:-1|12:+1:-1|7:-1:+1|14:-1:-1|13:+1:-1,"[[1, 10, 2, 11], [2, 16, 3, 15], [3, 23, 4, 22], [4, 13, 5, 14], [8, 26, 9, 25], [9, 24, 10, 25], [11, 21, 12, 20], [12, 5, 13, 6], [17, 26, 18, 27], [19, 7, 20, 6], [21, 15, 22, 14], [23, 16, 24, 17], [27, 18, 28, 19], [28, 8, 1, 7]]",5,,,False,,not_applicable,,passed,True,10,1,5,,False,32.042916573609574,1.1949550030866334,0.018472200035574815,0.1437948903243378,False,True,,passed,,0.014577699999790639,69,-0.953830168944334,-0.28778942806394603,-0.0859375,-2.848558827707435,-0.08604363146951062,False,10
4_1_figure_eight,deterministic_angular_sweep,32,96,,fibonacci_070,generic_tilt,"[0.8963978590925153, -0.4314579200896712, -0.1015625]",4,5,42.87834917224521,14.029836183611144,1.1457457513207543,15,1,False,1:+1:+1|2:+1:+1|3:+1:-1|4:+1:+1|5:+1:-1|6:+1:-1|6:-1:-1|7:-1:-1|8:-1:+1|9:-1:-1|10:+1:-1|1:-1:+1|11:+1:+1|12:-1:+1|13:+1:+1|5:-1:-1|7:+1:-1|10:-1:-1|2:-1:+1|11:-1:+1|14:-1:-1|15:+1:-1|12:+1:+1|3:-1:-1|9:+1:-1|8:+1:+1|4:-1:+1|13:-1:+1|15:-1:-1|14:+1:-1,"[[3, 2, 4, 3], [4, 13, 5, 14], [5, 23, 6, 22], [6, 21, 7, 22], [8, 28, 9, 27], [10, 20, 11, 19], [12, 1, 13, 2], [14, 7, 15, 8], [15, 29, 16, 28], [16, 10, 17, 9], [17, 26, 18, 27], [20, 29, 21, 30], [23, 1, 24, 30], [24, 12, 25, 11], [25, 18, 26, 19]]",5,,,False,,not_applicable,,passed,True,10,1,5,,False,4.5432938824720415,1.1814460899352786,0.006440846311832615,0.14086070668897716,False,True,,passed,,0.01634429999103304,70,0.8963978590925153,-0.4314579200896712,-0.1015625,-0.4485955979788082,-0.10173791733766063,False,11
4_1_figure_eight,deterministic_angular_sweep,32,96,,fibonacci_071,generic_tilt,"[-0.3688915909610238, 0.9220553584042525, -0.1171875]",4,5,42.87834917224521,14.029836183611144,1.1457457513207543,13,1,False,1:+1:+1|2:+1:+1|3:+1:-1|4:+1:-1|5:-1:-1|6:-1:-1|7:-1:+1|8:-1:+1|9:-1:-1|1:-1:+1|8:+1:+1|10:+1:+1|11:-1:+1|5:+1:-1|4:-1:-1|12:-1:-1|13:-1:+1|11:+1:+1|6:+1:-1|3:-1:-1|12:+1:-1|13:+1:+1|2:-1:+1|7:+1:+1|10:-1:+1|9:+1:-1,"[[3, 12, 4, 13], [6, 12, 7, 11], [8, 22, 9, 21], [14, 23, 15, 24], [15, 2, 16, 3], [16, 8, 17, 7], [17, 21, 18, 20], [18, 9, 19, 10], [19, 11, 20, 10], [22, 2, 23, 1], [24, 13, 25, 14], [25, 4, 26, 5], [26, 6, 1, 5]]",5,,,False,,not_applicable,,passed,True,4,1,5,,True,28.27592605692516,1.1908419476838559,0.019458797104711323,0.14092996889598622,False,True,,passed,,0.013436900000669993,71,-0.3688915909610238,0.9220553584042525,-0.1171875,1.951367631749847,-0.11745739213294011,False,9
4_1_figure_eight,deterministic_angular_sweep,32,96,,fibonacci_072,generic_tilt,"[-0.35013482113659194, -0.927235917591309, -0.1328125]",4,5,42.87834917224521,14.029836183611144,1.1457457513207543,13,1,False,1:+1:+1|2:+1:+1|3:+1:-1|4:+1:+1|2:-1:+1|5:-1:+1|6:+1:+1|7:-1:-1|8:+1:-1|9:+1:-1|10:+1:+1|6:-1:+1|11:-1:-1|12:+1:-1|9:-1:-1|10:-1:+1|13:+1:+1|1:-1:+1|5:+1:+1|3:-1:-1|4:-1:+1|13:-1:+1|12:-1:-1|8:-1:-1|7:+1:-1|11:+1:-1,"[[1, 16, 2, 17], [2, 11, 3, 12], [3, 9, 4, 8], [4, 22, 5, 21], [5, 22, 6, 23], [7, 25, 8, 24], [9, 15, 10, 14], [10, 15, 11, 16], [12, 25, 13, 26], [13, 19, 14, 18], [17, 26, 18, 1], [19, 7, 20, 6], [20, 24, 21, 23]]",5,,,False,,not_applicable,,passed,True,4,1,5,,True,28.338255135511208,1.1926264590219624,0.04553343027946255,0.14113937172076307,False,True,,passed,,0.009938899995177053,72,-0.35013482113659194,-0.927235917591309,-0.1328125,-1.9318544457010842,-0.13320608234182008,False,9
4_1_figure_eight,deterministic_angular_sweep,32,96,,fibonacci_073,generic_tilt,"[0.8825367482568224, 0.4462008477916912, -0.1484375]",4,5,42.87834917224521,14.029836183611144,1.1457457513207543,14,1,False,1:+1:+1|2:+1:+1|3:+1:-1|4:-1:-1|5:+1:-1|6:-1:+1|7:+1:+1|8:+1:+1|2:-1:+1|3:-1:-1|9:+1:-1|10:+1:+1|4:+1:-1|5:-1:-1|11:-1:+1|12:-1:-1|8:-1:+1|1:-1:+1|13:-1:-1|14:+1:-1|6:+1:+1|11:+1:+1|10:-1:+1|9:-1:-1|12:+1:-1|7:-1:+1|14:-1:-1|13:+1:-1,"[[4, 13, 5, 14], [6, 22, 7, 21], [9, 3, 10, 2], [10, 3, 11, 4], [14, 5, 15, 6], [15, 23, 16, 22], [16, 25, 17, 26], [17, 9, 18, 8], [18, 2, 19, 1], [19, 28, 20, 1], [23, 13, 24, 12], [24, 11, 25, 12], [26, 8, 27, 7], [27, 20, 28, 21]]",5,,,False,,not_applicable,,passed,True,6,1,5,,False,39.44102725698152,1.167135668500784,0.017705472886120788,0.13893077338188442,False,True,,passed,,0.016158000013092533,73,0.8825367482568224,0.4462008477916912,-0.1484375,0.46810878402757106,-0.14898808110808143,False,10
4_1_figure_eight,deterministic_angular_sweep,32,96,,fibonacci_074,generic_tilt,"[-0.9497795177339626, 0.2664626874194421, -0.1640625]",4,5,42.87834917224521,14.029836183611144,1.1457457513207543,14,1,False,1:+1:+1|2:+1:+1|3:+1:-1|4:+1:+1|5:+1:-1|6:-1:-1|7:-1:+1|8:-1:-1|9:+1:-1|10:+1:+1|2:-1:+1|11:-1:+1|12:+1:+1|5:-1:-1|6:+1:-1|9:-1:-1|10:-1:+1|1:-1:+1|13:-1:-1|14:+1:-1|11:+1:+1|3:-1:-1|8:+1:-1|7:+1:+1|4:-1:+1|12:-1:+1|14:-1:-1|13:+1:-1,"[[1, 23, 2, 22], [2, 14, 3, 13], [3, 12, 4, 13], [6, 15, 7, 16], [9, 17, 10, 16], [10, 26, 11, 25], [11, 4, 12, 5], [18, 27, 19, 28], [19, 9, 20, 8], [20, 7, 21, 8], [23, 15, 24, 14], [24, 6, 25, 5], [26, 17, 27, 18], [28, 21, 1, 22]]",5,,,False,,not_applicable,,passed,True,6,1,5,,False,42.92183982509399,1.1719070466748784,0.0017959562754015224,0.14072089090737228,False,True,,passed,,0.013542900007450953,74,-0.9497795177339626,0.2664626874194421,-0.1640625,2.8680720137562266,-0.16480755837603633,False,10
4_1_figure_eight,deterministic_angular_sweep,32,96,,fibonacci_075,generic_tilt,"[0.5189068466925207, -0.8357320663941133, -0.1796875]",4,5,42.87834917224521,14.029836183611144,1.1457457513207543,11,1,False,1:+1:+1|1:-1:+1|2:-1:-1|3:-1:+1|4:-1:-1|5:-1:-1|6:+1:-1|7:+1:-1|8:+1:+1|2:+1:-1|9:+1:+1|10:-1:+1|3:+1:+1|8:-1:+1|7:-1:-1|4:+1:-1|11:+1:+1|6:-1:-1|5:+1:-1|11:-1:+1|10:+1:+1|9:-1:+1,"[[1, 10, 2, 11], [2, 13, 3, 14], [3, 17, 4, 16], [4, 19, 5, 20], [5, 7, 6, 6], [7, 19, 8, 18], [9, 13, 10, 12], [11, 22, 12, 1], [14, 21, 15, 22], [15, 21, 16, 20], [17, 9, 18, 8]]",5,,,False,,not_applicable,,passed,True,4,1,5,,True,11.744709670554817,1.1511222608457055,0.0003743951902919207,0.13649469451252474,False,True,,passed,,0.008892100013326854,75,0.5189068466925207,-0.8357320663941133,-0.1796875,-1.0151500636947048,-0.18066877153760597,False,7
4_1_figure_eight,deterministic_angular_sweep,32,96,,fibonacci_076,generic_tilt,"[0.18135160380123694, 0.9638281087115427, -0.1953125]",4,5,42.87834917224521,14.029836183611144,1.1457457513207543,13,1,False,1:+1:+1|2:+1:+1|3:+1:-1|4:+1:+1|2:-1:+1|5:-1:+1|6:+1:+1|7:-1:-1|8:+1:-1|9:+1:-1|10:+1:+1|6:-1:+1|11:-1:-1|12:+1:-1|9:-1:-1|10:-1:+1|13:+1:+1|1:-1:+1|5:+1:+1|3:-1:-1|4:-1:+1|13:-1:+1|12:-1:-1|8:-1:-1|7:+1:-1|11:+1:-1,"[[4, 13, 5, 14], [6, 20, 7, 19], [7, 11, 8, 10], [14, 3, 15, 4], [15, 24, 16, 25], [16, 22, 17, 21], [17, 9, 18, 8], [18, 9, 19, 10], [20, 12, 21, 11], [22, 2, 23, 1], [23, 2, 24, 3], [25, 12, 26, 13], [26, 6, 1, 5]]",5,,,False,,not_applicable,,passed,True,4,1,5,,True,32.839285262046985,1.2529357094178888,0.014218336726244729,0.14631989987193048,False,True,,passed,,0.01388030000089202,76,0.18135160380123694,0.9638281087115427,-0.1953125,1.3848131660339504,-0.19657607666314347,False,9
4_1_figure_eight,deterministic_angular_sweep,32,96,,fibonacci_077,generic_tilt,"[-0.7821857363972451, -0.5862515201434019, -0.2109375]",4,5,42.87834917224521,14.029836183611144,1.1457457513207543,15,1,False,1:+1:+1|2:+1:+1|3:+1:-1|4:-1:-1|5:+1:-1|6:-1:+1|7:+1:+1|8:+1:+1|2:-1:+1|3:-1:-1|9:+1:-1|10:+1:+1|4:+1:-1|11:+1:-1|11:-1:-1|5:-1:-1|12:-1:+1|13:-1:-1|8:-1:+1|1:-1:+1|14:-1:-1|15:+1:-1|6:+1:+1|12:+1:+1|10:-1:+1|9:-1:-1|13:+1:-1|7:-1:+1|15:-1:-1|14:+1:-1,"[[1, 20, 2, 21], [2, 10, 3, 9], [3, 12, 4, 13], [4, 24, 5, 23], [5, 17, 6, 16], [6, 15, 7, 16], [10, 28, 11, 27], [11, 26, 12, 27], [13, 23, 14, 22], [14, 7, 15, 8], [19, 28, 20, 29], [21, 9, 22, 8], [24, 18, 25, 17], [25, 18, 26, 19], [30, 29, 1, 30]]",5,,,False,,not_applicable,,passed,True,6,1,5,,False,1.4269766809819149,1.1778747007778314,0.008286771128528159,0.1396590951950865,False,True,,passed,,0.008255700013251044,77,-0.7821857363972451,-0.5862515201434019,-0.2109375,-2.498408911416981,-0.21253394040374687,False,11
4_1_figure_eight,deterministic_angular_sweep,32,96,,fibonacci_078,generic_tilt,"[0.969280670134353, -0.09573095684077039, -0.2265625]",4,5,42.87834917224521,14.029836183611144,1.1457457513207543,15,1,False,1:+1:+1|2:+1:+1|3:+1:-1|4:+1:-1|5:+1:+1|6:+1:-1|7:-1:-1|8:-1:+1|9:-1:-1|10:+1:-1|11:+1:+1|12:+1:+1|2:-1:+1|13:-1:+1|6:-1:-1|7:+1:-1|10:-1:-1|11:-1:+1|14:-1:-1|1:-1:+1|13:+1:+1|3:-1:-1|15:+1:-1|9:+1:-1|8:+1:+1|5:-1:+1|4:-1:-1|15:-1:-1|12:-1:+1|14:+1:-1,"[[2, 11, 3, 12], [3, 21, 4, 20], [4, 19, 5, 20], [8, 28, 9, 27], [9, 17, 10, 16], [10, 1, 11, 2], [12, 5, 13, 6], [13, 7, 14, 6], [14, 25, 15, 26], [15, 27, 16, 26], [17, 28, 18, 29], [21, 1, 22, 30], [22, 29, 23, 30], [23, 18, 24, 19], [24, 8, 25, 7]]",5,,,False,,not_applicable,,passed,True,6,1,5,,False,2.277672247451587,1.2052439048235981,0.017894702511959792,0.14600516897720847,False,True,,passed,,0.012435600001481362,78,0.969280670134353,-0.09573095684077039,-0.2265625,-0.09844568168832547,-0.2285469526620647,False,11
4_1_figure_eight,deterministic_angular_sweep,32,96,,fibonacci_079,generic_tilt,"[-0.6475378367687641, 0.722523331662431, -0.2421875]",4,5,42.87834917224521,14.029836183611144,1.1457457513207543,10,1,False,1:+1:+1|2:+1:+1|3:+1:-1|4:+1:-1|5:+1:-1|6:-1:-1|4:-1:-1|7:-1:-1|8:-1:+1|1:-1:+1|9:+1:+1|10:-1:+1|6:+1:-1|5:-1:-1|10:+1:+1|3:-1:-1|7:+1:-1|8:+1:+1|2:-1:+1|9:-1:+1,"[[2, 9, 3, 10], [5, 9, 6, 8], [6, 18, 7, 17], [12, 19, 13, 20], [13, 10, 14, 11], [14, 3, 15, 4], [15, 5, 16, 4], [16, 8, 17, 7], [18, 2, 19, 1], [20, 11, 1, 12]]",5,,,False,,not_applicable,,passed,True,4,1,5,,True,9.108385449507942,1.1506951205270513,0.011200236423015042,0.1362277247040041,False,True,,passed,,0.007110399994417094,79,-0.6475378367687641,0.722523331662431,-0.2421875,2.30151754804033,-0.24461984013947533,False,6
4_1_figure_eight,deterministic_angular_sweep,32,96,,fibonacci_080,generic_tilt,"[-0.010539241457962005, -0.9661374846434853, -0.2578125]",4,5,42.87834917224521,14.029836183611144,1.1457457513207543,13,1,False,1:+1:+1|2:+1:+1|3:+1:-1|4:+1:+1|5:-1:+1|1:-1:+1|6:+1:+1|7:-1:-1|8:+1:-1|9:+1:-1|10:+1:+1|6:-1:+1|11:-1:-1|8:-1:-1|12:+1:-1|10:-1:+1|13:+1:+1|5:+1:+1|2:-1:+1|3:-1:-1|4:-1:+1|13:-1:+1|9:-1:-1|12:-1:-1|7:+1:-1|11:+1:-1,"[[1, 10, 2, 11], [2, 15, 3, 16], [3, 9, 4, 8], [4, 22, 5, 21], [5, 22, 6, 23], [6, 24, 7, 23], [9, 15, 10, 14], [11, 16, 12, 17], [12, 25, 13, 26], [13, 19, 14, 18], [17, 26, 18, 1], [19, 25, 20, 24], [20, 8, 21, 7]]",5,,,False,,not_applicable,,passed,True,11,1,5,,False,31.44979058444817,1.361580479889389,0.033048662075827906,0.156190731236654,False,True,,passed,,0.00818509999953676,80,-0.010539241457962005,-0.9661374846434853,-0.2578125,-1.5817045294106014,-0.2607574808802837,False,9
4_1_figure_eight,deterministic_angular_sweep,32,96,,fibonacci_081,generic_tilt,"[0.6574452302736683, 0.7021379513914294, -0.2734375]",4,5,42.87834917224521,14.029836183611144,1.1457457513207543,10,1,False,1:+1:+1|2:+1:+1|3:+1:-1|4:+1:-1|5:+1:-1|5:-1:-1|6:-1:-1|7:-1:-1|8:-1:+1|1:-1:+1|9:+1:+1|8:+1:+1|2:-1:+1|3:-1:-1|7:+1:-1|10:-1:+1|4:-1:-1|6:+1:-1|10:+1:+1|9:-1:+1,"[[1, 8, 2, 9], [4, 16, 5, 15], [10, 9, 11, 10], [11, 2, 12, 3], [12, 19, 13, 20], [13, 17, 14, 16], [14, 6, 15, 5], [17, 7, 18, 6], [18, 7, 19, 8], [20, 4, 1, 3]]",5,,,False,,not_applicable,,passed,True,5,1,5,,False,3.5518820683154653,1.1462517566237218,0.04714628120692055,0.13570912937577168,False,True,,passed,,0.010806599995703436,81,0.6574452302736683,0.7021379513914294,-0.2734375,0.8182587003180538,-0.27696491994854544,False,6
4_1_figure_eight,deterministic_angular_sweep,32,96,,fibonacci_082,generic_tilt,"[-0.9545009174491055, -0.07328621754849943, -0.2890625]",4,5,42.87834917224521,14.029836183611144,1.1457457513207543,11,1,False,1:+1:+1|2:+1:+1|3:+1:-1|4:-1:-1|5:+1:-1|6:+1:+1|7:+1:-1|8:+1:+1|9:+1:-1|1:-1:+1|10:-1:-1|10:+1:-1|11:+1:+1|7:-1:-1|8:-1:+1|9:-1:-1|2:-1:+1|3:-1:-1|4:+1:-1|5:-1:-1|6:-1:+1|11:-1:+1,"[[1, 17, 2, 16], [2, 9, 3, 10], [3, 11, 4, 10], [4, 11, 5, 12], [7, 6, 8, 7], [8, 18, 9, 17], [14, 21, 15, 22], [18, 6, 19, 5], [19, 13, 20, 12], [20, 13, 21, 14], [22, 15, 1, 16]]",5,,,False,,not_applicable,,passed,True,4,1,5,,True,50.1012594778842,1.2191524564480045,0.011714036429694374,0.14759561860561193,False,True,,passed,,0.008708299996214919,82,-0.9545009174491055,-0.07328621754849943,-0.2890625,-3.0649633771328775,-0.2932473863906822,False,7
4_1_figure_eight,deterministic_angular_sweep,32,96,,fibonacci_083,generic_tilt,"[0.7495006745800074, -0.5877195471888476, -0.3046875]",4,5,42.87834917224521,14.029836183611144,1.1457457513207543,11,1,False,1:+1:+1|1:-1:+1|2:+1:+1|3:-1:+1|4:-1:-1|5:-1:+1|6:+1:+1|7:+1:-1|3:+1:+1|8:+1:-1|9:-1:-1|2:-1:+1|10:-1:-1|6:-1:+1|5:+1:+1|11:-1:+1|8:-1:-1|9:+1:-1|11:+1:+1|4:+1:-1|7:-1:-1|10:+1:-1,"[[1, 8, 2, 9], [2, 16, 3, 15], [3, 12, 4, 13], [4, 20, 5, 19], [6, 10, 7, 9], [7, 22, 8, 1], [11, 20, 12, 21], [14, 14, 15, 13], [16, 22, 17, 21], [17, 10, 18, 11], [18, 6, 19, 5]]",5,,,False,,not_applicable,,passed,True,5,1,5,,False,6.754305662622323,1.1572100162952816,0.02148578641651966,0.13741290164243192,False,True,,passed,,0.01080770000407938,83,0.7495006745800074,-0.5877195471888476,-0.3046875,-0.6650001474042505,-0.30961031165767294,False,7
4_1_figure_eight,deterministic_angular_sweep,32,96,,fibonacci_084,generic_tilt,"[-0.15481951772303917, 0.9345752079291187, -0.3203125]",4,5,42.87834917224521,14.029836183611144,1.1457457513207543,13,1,False,1:+1:+1|1:-1:+1|2:-1:+1|3:-1:-1|4:-1:-1|5:-1:-1|6:+1:-1|7:+1:-1|3:+1:-1|8:+1:+1|9:+1:+1|10:-1:+1|8:-1:+1|2:+1:+1|11:+1:+1|12:+1:-1|7:-1:-1|4:+1:-1|13:+1:+1|11:-1:+1|12:-1:-1|6:-1:-1|5:+1:-1|13:-1:+1|10:+1:+1|9:-1:+1,"[[3, 12, 4, 13], [7, 11, 8, 10], [8, 22, 9, 21], [14, 23, 15, 24], [15, 2, 16, 3], [16, 11, 17, 12], [17, 7, 18, 6], [18, 20, 19, 19], [20, 10, 21, 9], [22, 2, 23, 1], [24, 13, 25, 14], [25, 4, 26, 5], [26, 6, 1, 5]]",5,,,False,,not_applicable,,passed,True,10,1,5,,False,17.055099655138207,1.2584964625395887,0.013938356631193471,0.142902154013794,False,True,,passed,,0.014739400008693337,84,-0.15481951772303917,0.9345752079291187,-0.3203125,1.7349630823244049,-0.32605934968485534,False,9
4_1_figure_eight,deterministic_angular_sweep,32,96,,fibonacci_085,generic_tilt,"[-0.514174432110886, -0.7891581903884657, -0.3359375]",4,5,42.87834917224521,14.029836183611144,1.1457457513207543,9,1,False,1:+1:+1|2:+1:+1|3:+1:-1|4:+1:-1|5:-1:-1|6:-1:-1|7:-1:+1|1:-1:+1|8:+1:+1|7:+1:+1|2:-1:+1|3:-1:-1|6:+1:-1|9:-1:+1|4:-1:-1|5:+1:-1|9:+1:+1|8:-1:+1,"[[1, 12, 2, 13], [2, 9, 3, 10], [3, 7, 4, 6], [4, 16, 5, 15], [7, 17, 8, 16], [8, 17, 9, 18], [10, 14, 11, 13], [11, 18, 12, 1], [14, 6, 15, 5]]",5,,,False,,not_applicable,,passed,True,5,1,5,,False,55.67679013737392,1.1416188798618572,0.051840741325065665,0.1359190088950907,False,True,,passed,,0.007681999995838851,85,-0.514174432110886,-0.7891581903884657,-0.3359375,-2.1482589951265263,-0.3426003988559651,False,5
4_1_figure_eight,deterministic_angular_sweep,32,96,,fibonacci_086,generic_tilt,"[0.9066652925800283, 0.2331562905531862, -0.3515625]",4,5,42.87834917224521,14.029836183611144,1.1457457513207543,11,1,False,1:+1:+1|2:+1:+1|3:+1:-1|4:-1:-1|5:+1:-1|6:+1:+1|7:+1:-1|8:+1:+1|2:-1:+1|9:+1:-1|10:-1:-1|10:+1:-1|11:+1:+1|7:-1:-1|8:-1:+1|1:-1:+1|9:-1:-1|3:-1:-1|4:+1:-1|5:-1:-1|6:-1:+1|11:-1:+1,"[[2, 9, 3, 10], [6, 16, 7, 15], [7, 1, 8, 22], [8, 1, 9, 2], [10, 3, 11, 4], [11, 18, 12, 19], [12, 6, 13, 5], [13, 21, 14, 20], [14, 21, 15, 22], [17, 16, 18, 17], [19, 5, 20, 4]]",5,,,False,,not_applicable,,passed,True,6,1,5,,False,42.878065116644244,1.1622607769444808,0.03488660141519517,0.13931829977852497,False,True,,passed,,0.008055600002990104,86,0.9066652925800283,0.2331562905531862,-0.3515625,0.2517042346021289,-0.35923962611183097,False,7
4_1_figure_eight,deterministic_angular_sweep,32,96,,fibonacci_087,generic_tilt,"[-0.8207319593680626, 0.4376898339185076, -0.3671875]",4,5,42.87834917224521,14.029836183611144,1.1457457513207543,14,1,False,1:+1:+1|2:+1:+1|3:+1:-1|4:+1:+1|5:+1:-1|6:-1:-1|7:-1:+1|8:-1:-1|9:+1:-1|10:+1:+1|2:-1:+1|11:+1:+1|12:-1:+1|5:-1:-1|6:+1:-1|9:-1:-1|10:-1:+1|1:-1:+1|13:-1:-1|12:+1:+1|14:+1:-1|3:-1:-1|8:+1:-1|7:+1:+1|4:-1:+1|14:-1:-1|11:-1:+1|13:+1:-1,"[[1, 13, 2, 12], [2, 11, 3, 12], [5, 14, 6, 15], [8, 16, 9, 15], [9, 4, 10, 5], [10, 24, 11, 23], [17, 26, 18, 27], [18, 8, 19, 7], [19, 6, 20, 7], [22, 14, 23, 13], [24, 4, 25, 3], [25, 16, 26, 17], [27, 20, 28, 21], [28, 22, 1, 21]]",5,,,False,,not_applicable,,passed,True,5,1,5,,False,9.967064355480595,1.1349662094879929,0.002028081277622107,0.13497656893176285,False,True,,passed,,0.010273200008668937,87,-0.8207319593680626,0.4376898339185076,-0.3671875,2.6516674643307843,-0.3759834935041962,False,10
4_1_figure_eight,deterministic_angular_sweep,32,96,,fibonacci_088,generic_tilt,"[0.3074235551110725, -0.8711746940807104, -0.3828125]",4,5,42.87834917224521,14.029836183611144,1.1457457513207543,10,1,False,1:+1:+1|1:-1:+1|2:-1:+1|3:-1:-1|4:-1:-1|5:+1:-1|6:+1:-1|7:+1:+1|8:+1:+1|9:-1:+1|7:-1:+1|2:+1:+1|3:+1:-1|6:-1:-1|10:+1:+1|4:+1:-1|5:-1:-1|10:-1:+1|9:+1:+1|8:-1:+1,"[[1, 10, 2, 11], [2, 13, 3, 14], [3, 15, 4, 14], [4, 6, 5, 5], [6, 18, 7, 17], [8, 12, 9, 11], [9, 20, 10, 1], [12, 19, 13, 20], [15, 19, 16, 18], [16, 8, 17, 7]]",5,,,False,,not_applicable,,passed,True,5,1,5,,False,6.568417090322494,1.0532479133883346,0.019139796363969452,0.12249062939278882,False,True,,passed,,0.006363199994666502,88,0.3074235551110725,-0.8711746940807104,-0.3828125,-1.231554613120147,-0.3928387875427684,False,6
4_1_figure_eight,deterministic_angular_sweep,32,96,,fibonacci_089,generic_tilt,"[0.35918884628183667, 0.8439377532143428, -0.3984375]",4,5,42.87834917224521,14.029836183611144,1.1457457513207543,9,1,False,1:+1:+1|2:+1:+1|3:+1:-1|4:+1:-1|5:-1:-1|6:-1:-1|7:-1:+1|1:-1:+1|8:+1:+1|7:+1:+1|2:-1:+1|3:-1:-1|6:+1:-1|9:-1:+1|4:-1:-1|5:+1:-1|9:+1:+1|8:-1:+1,"[[1, 8, 2, 9], [4, 14, 5, 13], [9, 2, 10, 3], [10, 17, 11, 18], [11, 15, 12, 14], [12, 6, 13, 5], [15, 7, 16, 6], [16, 7, 17, 8], [18, 4, 1, 3]]",5,,,False,,not_applicable,,passed,True,5,1,5,,False,44.10607031404517,1.1726198166083808,0.024362960997756034,0.13669712576248733,False,True,,passed,,0.007761200002278201,89,0.35918884628183667,0.8439377532143428,-0.3984375,1.1684086166085081,-0.4098126517404412,False,5
4_1_figure_eight,deterministic_angular_sweep,32,96,,fibonacci_090,generic_tilt,"[-0.8286025284826893, -0.3767891928994833, -0.4140625]",4,5,42.87834917224521,14.029836183611144,1.1457457513207543,11,1,False,1:+1:+1|2:+1:+1|3:+1:-1|4:-1:-1|5:+1:-1|6:+1:+1|2:-1:+1|7:+1:-1|8:-1:-1|9:-1:-1|10:-1:+1|8:+1:-1|11:+1:+1|5:-1:-1|6:-1:+1|1:-1:+1|7:-1:-1|3:-1:-1|4:+1:-1|10:+1:+1|9:+1:-1|11:-1:+1,"[[1, 16, 2, 17], [2, 11, 3, 12], [3, 19, 4, 18], [4, 14, 5, 13], [5, 14, 6, 15], [8, 22, 9, 21], [9, 20, 10, 21], [10, 7, 11, 8], [12, 18, 13, 17], [15, 22, 16, 1], [19, 7, 20, 6]]",5,,,False,,not_applicable,,passed,True,6,1,5,,False,47.766137996996825,1.1488026296358154,0.0002777901329125143,0.13703421409763186,False,True,,passed,,0.006137900010799058,90,-0.8286025284826893,-0.3767891928994833,-0.4140625,-2.714813460842423,-0.4269126228297277,False,7
4_1_figure_eight,deterministic_angular_sweep,32,96,,fibonacci_091,generic_tilt,"[0.8585897775725349, -0.2796287649575688, -0.4296875]",4,5,42.87834917224521,14.029836183611144,1.1457457513207543,11,1,False,1:+1:+1|2:+1:+1|3:+1:-1|4:+1:-1|5:-1:-1|6:+1:-1|7:+1:+1|8:+1:+1|2:-1:+1|9:-1:+1|4:-1:-1|5:+1:-1|6:-1:-1|7:-1:+1|10:-1:-1|1:-1:+1|9:+1:+1|3:-1:-1|11:+1:-1|11:-1:-1|8:-1:+1|10:+1:-1,"[[1, 8, 2, 9], [5, 21, 6, 20], [6, 14, 7, 13], [7, 22, 8, 1], [9, 2, 10, 3], [10, 4, 11, 3], [11, 18, 12, 19], [12, 20, 13, 19], [14, 21, 15, 22], [16, 15, 17, 16], [17, 5, 18, 4]]",5,,,False,,not_applicable,,passed,True,6,1,5,,False,24.521332787511405,1.167676755884116,0.02217113888210065,0.13959717982181305,False,True,,passed,,0.00918380000803154,91,0.8585897775725349,-0.2796287649575688,-0.4296875,-0.31485023111376764,-0.4441466712053621,False,7
4_1_figure_eight,deterministic_angular_sweep,32,96,,fibonacci_092,generic_tilt,"[-0.4404709182519047, 0.7795397023359835, -0.4453125]",4,5,42.87834917224521,14.029836183611144,1.1457457513207543,9,1,False,1:+1:+1|2:+1:+1|3:+1:-1|4:+1:-1|5:-1:-1|6:-1:-1|7:-1:+1|1:-1:+1|8:+1:+1|9:-1:+1|4:-1:-1|5:+1:-1|9:+1:+1|3:-1:-1|6:+1:-1|7:+1:+1|2:-1:+1|8:-1:+1,"[[2, 9, 3, 10], [5, 9, 6, 8], [6, 16, 7, 15], [11, 18, 12, 1], [12, 3, 13, 4], [13, 5, 14, 4], [14, 8, 15, 7], [16, 2, 17, 1], [17, 10, 18, 11]]",5,,,False,,not_applicable,,passed,True,5,1,5,,False,29.17925451262321,1.1605630973185497,0.008785384202361968,0.13528770472821552,False,True,,passed,,0.007884800012107007,92,-0.4404709182519047,0.7795397023359835,-0.4453125,2.0851129986148877,-0.46152324624700164,False,5
4_1_figure_eight,deterministic_angular_sweep,32,96,,fibonacci_093,generic_tilt,"[-0.1999920066162086, -0.8646038505485459, -0.4609375]",4,5,42.87834917224521,14.029836183611144,1.1457457513207543,9,1,False,1:+1:+1|1:-1:+1|2:-1:+1|3:-1:-1|4:-1:-1|5:+1:-1|6:+1:-1|7:+1:+1|8:-1:+1|2:+1:+1|9:+1:+1|4:+1:-1|5:-1:-1|9:-1:+1|3:+1:-1|6:-1:-1|7:-1:+1|8:+1:+1,"[[1, 12, 2, 13], [2, 9, 3, 10], [3, 15, 4, 14], [4, 6, 5, 5], [7, 17, 8, 16], [8, 17, 9, 18], [10, 14, 11, 13], [11, 18, 12, 1], [15, 7, 16, 6]]",5,,,False,,not_applicable,,passed,True,6,1,5,,False,26.617439772637137,1.2506457403288174,0.014640641164746171,0.1400422204595558,False,True,,passed,,0.005539400008274242,93,-0.1999920066162086,-0.8646038505485459,-0.4609375,-1.7981090788360437,-0.47905132729611205,False,5
4_1_figure_eight,deterministic_angular_sweep,32,96,,fibonacci_094,generic_tilt,"[0.7246643951077351, 0.49774461127860575, -0.4765625]",4,5,42.87834917224521,14.029836183611144,1.1457457513207543,8,1,False,1:+1:+1|2:+1:+1|3:+1:-1|4:-1:-1|2:-1:+1|5:+1:-1|6:-1:-1|7:-1:+1|8:+1:+1|1:-1:+1|5:-1:-1|3:-1:-1|4:+1:-1|6:+1:-1|7:+1:+1|8:-1:+1,"[[1, 8, 2, 9], [5, 13, 6, 12], [9, 2, 10, 3], [10, 15, 11, 16], [11, 5, 12, 4], [13, 7, 14, 6], [14, 7, 15, 8], [16, 4, 1, 3]]",5,,,False,,not_applicable,,passed,True,6,1,5,,False,47.504744520830776,1.1467735056968178,0.02705577529962966,0.1364999817368728,False,True,,passed,,0.006321200009551831,94,0.7246643951077351,0.49774461127860575,-0.4765625,0.6018541508926117,-0.4967404812077047,False,4
4_1_figure_eight,deterministic_angular_sweep,32,96,,fibonacci_095,generic_tilt,"[-0.8619996163400566, 0.12127706408610528, -0.4921875]",4,5,42.87834917224521,14.029836183611144,1.1457457513207543,11,1,False,1:+1:+1|2:+1:+1|3:+1:-1|4:-1:-1|5:+1:-1|6:+1:+1|7:+1:-1|8:+1:+1|9:+1:-1|1:-1:+1|10:-1:-1|10:+1:-1|11:+1:+1|7:-1:-1|8:-1:+1|9:-1:-1|2:-1:+1|3:-1:-1|4:+1:-1|5:-1:-1|6:-1:+1|11:-1:+1,"[[1, 17, 2, 16], [2, 9, 3, 10], [3, 11, 4, 10], [4, 11, 5, 12], [7, 6, 8, 7], [8, 18, 9, 17], [14, 21, 15, 22], [18, 6, 19, 5], [19, 13, 20, 12], [20, 13, 21, 14], [22, 15, 1, 16]]",5,,,False,,not_applicable,,passed,True,4,1,5,,True,22.1875886998342,1.2422975074432214,0.07163407826547008,0.14991476899278,False,True,,passed,,0.006462999997893348,95,-0.8619996163400566,0.12127706408610528,-0.4921875,3.001817380621267,-0.5146009275773826,False,7
4_1_figure_eight,deterministic_angular_sweep,32,96,,fibonacci_096,generic_tilt,"[0.5479518684708107, -0.664736951495174, -0.5078125]",4,5,42.87834917224521,14.029836183611144,1.1457457513207543,8,1,False,1:+1:+1|2:+1:-1|3:+1:-1|4:-1:-1|5:-1:-1|6:-1:+1|7:+1:+1|1:-1:+1|8:-1:+1|3:-1:-1|4:+1:-1|8:+1:+1|2:-1:-1|5:+1:-1|6:+1:+1|7:-1:+1,"[[1, 8, 2, 9], [2, 11, 3, 12], [3, 13, 4, 12], [5, 15, 6, 14], [6, 10, 7, 9], [7, 16, 8, 1], [10, 15, 11, 16], [13, 5, 14, 4]]",5,,,False,,not_applicable,,passed,True,6,1,5,,False,46.809576746836875,1.145948149229068,0.11585968288659476,0.1343254613446165,False,True,,passed,,0.006143900012830272,96,0.5479518684708107,-0.664736951495174,-0.5078125,-0.8814046968296927,-0.5326436129659039,False,4
4_1_figure_eight,deterministic_angular_sweep,32,96,,fibonacci_097,generic_tilt,"[0.04448970713710642, 0.8509017860791012, -0.5234375]",4,5,42.87834917224521,14.029836183611144,1.1457457513207543,11,1,False,1:+1:+1|1:-1:+1|2:-1:+1|3:-1:-1|4:-1:-1|5:+1:-1|6:+1:-1|7:+1:+1|8:-1:+1|2:+1:+1|9:+1:+1|4:+1:-1|5:-1:-1|10:+1:-1|11:+1:+1|9:-1:+1|3:+1:-1|6:-1:-1|10:-1:-1|11:-1:+1|7:-1:+1|8:+1:+1,"[[3, 10, 4, 11], [7, 17, 8, 16], [11, 4, 12, 5], [12, 21, 13, 22], [13, 7, 14, 6], [14, 16, 15, 15], [17, 9, 18, 8], [18, 2, 19, 1], [19, 2, 20, 3], [20, 9, 21, 10], [22, 6, 1, 5]]",5,,,False,,not_applicable,,passed,True,6,1,5,,False,3.012498252917842,1.1860995386860715,0.04024221546150386,0.12975127525905314,False,True,,passed,,0.00947720000112895,97,0.04448970713710642,0.8509017860791012,-0.5234375,1.5185585328989626,-0.5508802957186253,False,7
4_1_figure_eight,deterministic_angular_sweep,32,96,,fibonacci_098,generic_tilt,"[-0.6005943463346524, -0.5905066064360343, -0.5390625]",4,5,42.87834917224521,14.029836183611144,1.1457457513207543,8,1,False,1:+1:+1|2:+1:+1|3:+1:-1|4:-1:-1|2:-1:+1|5:+1:-1|6:-1:-1|7:-1:+1|8:+1:+1|1:-1:+1|5:-1:-1|3:-1:-1|4:+1:-1|6:+1:-1|7:+1:+1|8:-1:+1,"[[1, 10, 2, 11], [2, 7, 3, 8], [3, 13, 4, 12], [5, 15, 6, 14], [6, 15, 7, 16], [8, 12, 9, 11], [9, 16, 10, 1], [13, 5, 14, 4]]",5,,,False,,not_applicable,,passed,True,6,1,5,,False,45.07120025640881,1.1528380880133744,0.00647337818027971,0.13601614276196433,False,True,,passed,,0.008432399990851991,98,-0.6005943463346524,-0.5905066064360343,-0.5390625,-2.3646635445519686,-0.5693236433207793,False,4
4_1_figure_eight,deterministic_angular_sweep,32,96,,fibonacci_099,generic_tilt,"[0.8315404113738077, 0.029365312803180485, -0.5546875]",4,5,42.87834917224521,14.029836183611144,1.1457457513207543,11,1,False,1:+1:+1|2:+1:+1|3:+1:-1|4:-1:-1|5:+1:-1|6:+1:+1|7:+1:-1|8:+1:+1|9:+1:-1|1:-1:+1|10:-1:-1|10:+1:-1|11:+1:+1|7:-1:-1|8:-1:+1|9:-1:-1|2:-1:+1|3:-1:-1|4:+1:-1|5:-1:-1|6:-1:+1|11:-1:+1,"[[1, 8, 2, 9], [5, 15, 6, 14], [6, 22, 7, 21], [7, 22, 8, 1], [9, 2, 10, 3], [10, 4, 11, 3], [11, 18, 12, 19], [12, 20, 13, 19], [13, 20, 14, 21], [16, 15, 17, 16], [17, 5, 18, 4]]",5,,,False,,not_applicable,,passed,True,4,1,5,,True,6.4615159952816965,1.354039121821568,0.022970595929155735,0.1639686227384149,False,True,,passed,,0.008415799995418638,99,0.8315404113738077,0.029365312803180485,-0.5546875,0.035299685176686704,-0.5879873446614887,False,7
4_1_figure_eight,deterministic_angular_sweep,32,96,,fibonacci_100,generic_tilt,"[-0.6249005213954005, 0.5331444369994932, -0.5703125]",4,5,42.87834917224521,14.029836183611144,1.1457457513207543,6,1,False,1:+1:+1|2:+1:-1|3:+1:-1|4:-1:-1|5:+1:+1|1:-1:+1|6:-1:+1|3:-1:-1|4:+1:-1|6:+1:+1|2:-1:-1|5:-1:+1,"[[2, 5, 3, 6], [3, 9, 4, 8], [7, 12, 8, 1], [9, 5, 10, 4], [10, 2, 11, 1], [11, 6, 12, 7]]",5,,,False,,not_applicable,,passed,False,6,1,5,,False,41.83683750464264,1.1615108437773567,0.018202359299863247,0.1368703087928321,False,True,,passed,,0.006298000007518567,100,-0.6249005213954005,0.5331444369994932,-0.5703125,2.435262914905342,-0.6068862401263823,False,2
4_1_figure_eight,deterministic_angular_sweep,32,96,,fibonacci_101,generic_tilt,"[0.09929172145394806, -0.8042502099126003, -0.5859375]",4,5,42.87834917224521,14.029836183611144,1.1457457513207543,8,1,False,1:+1:+1|2:+1:-1|3:+1:-1|4:-1:-1|5:-1:-1|6:-1:+1|7:+1:+1|1:-1:+1|8:-1:+1|3:-1:-1|4:+1:-1|8:+1:+1|2:-1:-1|5:+1:-1|6:+1:+1|7:-1:+1,"[[1, 8, 2, 9], [2, 11, 3, 12], [3, 13, 4, 12], [5, 15, 6, 14], [6, 10, 7, 9], [7, 16, 8, 1], [10, 15, 11, 16], [13, 5, 14, 4]]",5,,,False,,not_applicable,,passed,True,6,1,5,,False,39.73761803398222,1.350333861631451,0.016579938103792102,0.14706863501010575,False,True,,passed,,0.008367800008272752,101,0.09929172145394806,-0.8042502099126003,-0.5859375,-1.4479591625455892,-0.6260364731366106,False,4
4_1_figure_eight,deterministic_angular_sweep,32,96,,fibonacci_102,generic_tilt,"[0.4633602933413715, 0.6507071516038133, -0.6015625]",4,5,42.87834917224521,14.029836183611144,1.1457457513207543,8,1,False,1:+1:+1|2:+1:+1|3:+1:-1|4:-1:-1|2:-1:+1|5:+1:-1|6:-1:-1|7:-1:+1|8:+1:+1|1:-1:+1|5:-1:-1|3:-1:-1|4:+1:-1|6:+1:-1|7:+1:+1|8:-1:+1,"[[1, 8, 2, 9], [5, 13, 6, 12], [9, 2, 10, 3], [10, 15, 11, 16], [11, 5, 12, 4], [13, 7, 14, 6], [14, 7, 15, 8], [16, 4, 1, 3]]",5,,,False,,not_applicable,,passed,True,6,1,5,,False,40.61434441370864,1.1755334404036573,0.03731164502036677,0.13426830659297728,False,True,,passed,,0.008383799999137409,102,0.4633602933413715,0.6507071516038133,-0.6015625,0.9520040671830661,-0.6454556676499499,False,4
4_1_figure_eight,deterministic_angular_sweep,32,96,,fibonacci_103,generic_tilt,"[-0.7694689762381604, -0.16430789527818648, -0.6171875]",4,5,42.87834917224521,14.029836183611144,1.1457457513207543,9,1,False,1:+1:+1|2:+1:+1|3:+1:-1|4:-1:-1|5:+1:-1|6:+1:+1|7:+1:-1|1:-1:+1|8:-1:-1|8:+1:-1|9:+1:+1|5:-1:-1|6:-1:+1|7:-1:-1|2:-1:+1|3:-1:-1|4:+1:-1|9:-1:+1,"[[1, 14, 2, 15], [2, 16, 3, 15], [3, 10, 4, 11], [4, 12, 5, 11], [5, 12, 6, 13], [8, 7, 9, 8], [9, 17, 10, 16], [13, 18, 14, 1], [17, 7, 18, 6]]",5,,,False,,not_applicable,,passed,True,4,1,5,,True,11.630752696759227,1.2846710644584676,0.026922147885073855,0.153938046135945,False,True,,passed,,0.007559299992863089,103,-0.7694689762381604,-0.16430789527818648,-0.6171875,-2.931218010267865,-0.6651631373050455,False,5
4_1_figure_eight,deterministic_angular_sweep,32,96,,fibonacci_104,generic_tilt,"[0.6675841948779062, -0.39227500888148314, -0.6328125]",4,5,42.87834917224521,14.029836183611144,1.1457457513207543,6,1,False,1:+1:+1|2:+1:-1|3:-1:+1|4:+1:+1|2:-1:-1|5:+1:-1|6:-1:-1|1:-1:+1|4:-1:+1|3:+1:+1|5:-1:-1|6:+1:-1,"[[1, 6, 2, 7], [3, 9, 4, 8], [4, 12, 5, 11], [5, 12, 6, 1], [7, 10, 8, 11], [9, 3, 10, 2]]",5,,,False,,not_applicable,,passed,True,4,1,5,,True,26.83610732799703,1.1875578138784504,0.058351377421479,0.1402019800210199,False,True,,passed,,0.007250399998156354,104,0.6675841948779062,-0.39227500888148314,-0.6328125,-0.5312547805392098,-0.6851801334166482,False,2
4_1_figure_eight,deterministic_angular_sweep,32,96,,fibonacci_105,generic_tilt,"[-0.2234511120541313, 0.7277351229090995, -0.6484375]",4,5,42.87834917224521,14.029836183611144,1.1457457513207543,8,1,False,1:+1:+1|2:+1:-1|3:+1:-1|4:-1:-1|5:-1:-1|6:-1:+1|7:+1:+1|1:-1:+1|8:-1:+1|3:-1:-1|4:+1:-1|8:+1:+1|2:-1:-1|5:+1:-1|6:+1:+1|7:-1:+1,"[[2, 7, 3, 8], [5, 13, 6, 12], [9, 16, 10, 1], [10, 3, 11, 4], [11, 5, 12, 4], [13, 7, 14, 6], [14, 2, 15, 1], [15, 8, 16, 9]]",5,,,False,,not_applicable,,passed,True,6,1,5,,False,37.364461697095436,1.2729786408763701,0.022051330451787976,0.1396519405194842,False,True,,passed,,0.006631500000366941,105,-0.2234511120541313,0.7277351229090995,-0.6484375,1.8687084491894455,-0.7055301410504765,False,4
4_1_figure_eight,deterministic_angular_sweep,32,96,,fibonacci_106,generic_tilt,"[-0.3209775771657898, -0.6752735675639387, -0.6640625]",4,5,42.87834917224521,14.029836183611144,1.1457457513207543,8,1,False,1:+1:+1|2:+1:+1|3:+1:-1|4:-1:-1|2:-1:+1|5:+1:-1|6:-1:-1|7:-1:+1|8:+1:+1|1:-1:+1|5:-1:-1|3:-1:-1|4:+1:-1|6:+1:-1|7:+1:+1|8:-1:+1,"[[1, 10, 2, 11], [2, 7, 3, 8], [3, 13, 4, 12], [5, 15, 6, 14], [6, 15, 7, 16], [8, 12, 9, 11], [9, 16, 10, 1], [13, 5, 14, 4]]",5,,,False,,not_applicable,,passed,True,6,1,5,,False,19.360879805662528,1.2377327063548307,0.008578152761216984,0.13723196054004175,False,True,,passed,,0.008506800004397519,106,-0.3209775771657898,-0.6752735675639387,-0.6640625,-2.014513628261486,-0.726239235110326,False,4
4_1_figure_eight,deterministic_angular_sweep,32,96,,fibonacci_107,generic_tilt,"[0.6796844041131607, 0.2757789207845438, -0.6796875]",4,5,42.87834917224521,14.029836183611144,1.1457457513207543,4,1,True,1:+1:+1|2:-1:+1|3:+1:-1|4:-1:-1|2:+1:+1|1:-1:+1|4:+1:-1|3:-1:-1,"[[1, 4, 2, 5], [3, 7, 4, 6], [5, 8, 6, 1], [7, 3, 8, 2]]",5,5,5,True,True,passed,,passed,False,4,1,5,,True,45.129239448256776,1.2528221677852893,0.14017406174938074,0.14846189174493224,True,True,,passed,,0.006904000008944422,107,0.6796844041131607,0.2757789207845438,-0.6796875,0.3854496014671695,-0.7473365120313951,True,0
4_1_figure_eight,deterministic_angular_sweep,32,96,,fibonacci_108,generic_tilt,"[-0.6735983936570963, 0.2506107168624866, -0.6953125]",4,5,42.87834917224521,14.029836183611144,1.1457457513207543,4,1,True,1:+1:+1|2:-1:+1|3:+1:-1|4:-1:-1|2:+1:+1|1:-1:+1|4:+1:-1|3:-1:-1,"[[1, 4, 2, 5], [3, 7, 4, 6], [5, 8, 6, 1], [7, 3, 8, 2]]",5,5,5,True,True,passed,,passed,False,4,1,5,,True,44.84474242559504,1.275360927561389,0.18821503762426062,0.15143173545079802,True,True,,passed,,0.00446630000078585,108,-0.6735983936570963,0.2506107168624866,-0.6953125,2.7854128311958246,-0.7688546176956561,True,0
4_1_figure_eight,deterministic_angular_sweep,32,96,,fibonacci_109,generic_tilt,"[0.3203661094167648, -0.6260458665552513, -0.7109375]",4,5,42.87834917224521,14.029836183611144,1.1457457513207543,6,1,False,1:+1:+1|2:+1:-1|3:+1:-1|4:-1:-1|5:+1:+1|1:-1:+1|6:-1:+1|3:-1:-1|4:+1:-1|6:+1:+1|2:-1:-1|5:-1:+1,"[[1, 6, 2, 7], [3, 11, 4, 10], [4, 8, 5, 7], [5, 12, 6, 1], [8, 11, 9, 12], [9, 3, 10, 2]]",5,,,False,,not_applicable,,passed,False,6,1,5,,False,19.768727539468124,1.2399619723973583,0.0816731585856445,0.13732675748207362,False,True,,passed,,0.008128400004352443,109,0.3203661094167648,-0.6260458665552513,-0.7109375,-1.0978092462551063,-0.790830399170303,False,2
4_1_figure_eight,deterministic_angular_sweep,32,96,,fibonacci_110,generic_tilt,"[0.18237205291710581, 0.6624555591951437, -0.7265625]",4,5,42.87834917224521,14.029836183611144,1.1457457513207543,6,1,False,1:+1:+1|2:+1:+1|3:+1:-1|4:-1:-1|2:-1:+1|5:+1:-1|6:+1:+1|1:-1:+1|5:-1:-1|3:-1:-1|4:+1:-1|6:-1:+1,"[[1, 6, 2, 7], [5, 11, 6, 10], [7, 2, 8, 3], [8, 11, 9, 12], [9, 5, 10, 4], [12, 4, 1, 3]]",5,,,False,,not_applicable,,passed,False,6,1,5,,False,20.876643246224514,1.2907049999925322,0.026312939662147983,0.14078787688320463,False,True,,passed,,0.0050257000111741945,110,0.18237205291710581,0.6624555591951437,-0.7265625,1.302153983473549,-0.8133057177367133,False,2
4_1_figure_eight,deterministic_angular_sweep,32,96,,fibonacci_111,generic_tilt,"[-0.5676370292144644, -0.35629470653986345, -0.7421875]",4,5,42.87834917224521,14.029836183611144,1.1457457513207543,4,1,True,1:+1:+1|2:-1:+1|3:+1:-1|4:-1:-1|2:+1:+1|1:-1:+1|4:+1:-1|3:-1:-1,"[[1, 4, 2, 5], [3, 7, 4, 6], [5, 8, 6, 1], [7, 3, 8, 2]]",5,5,5,True,True,passed,,passed,False,4,1,5,,True,41.722406030452106,1.2539245399871342,0.07274133205577238,0.14779690800842687,True,True,,passed,,0.006542999995872378,111,-0.5676370292144644,-0.35629470653986345,-0.7421875,-2.5810680939773825,-0.8363284748503788,True,0
4_1_figure_eight,deterministic_angular_sweep,32,96,,fibonacci_112,generic_tilt,"[0.6418013889249015, -0.11752102798145236, -0.7578125]",4,5,42.87834917224521,14.029836183611144,1.1457457513207543,5,1,False,1:+1:+1|2:+1:-1|2:-1:-1|3:-1:+1|4:+1:-1|5:-1:-1|3:+1:+1|1:-1:+1|5:+1:-1|4:-1:-1,"[[1, 4, 2, 5], [3, 7, 4, 6], [5, 10, 6, 1], [8, 7, 9, 8], [9, 3, 10, 2]]",5,,,False,,not_applicable,,passed,True,4,1,5,,True,5.8570557709540125,0.5891928851713742,0.01413534459784671,0.0707268932452737,False,True,,passed,,0.006405600011930801,112,0.6418013889249015,-0.11752102798145236,-0.7578125,-0.18110486424872707,-0.8599539234144497,False,1
4_1_figure_eight,deterministic_angular_sweep,32,96,,fibonacci_113,generic_tilt,"[-0.3826324162403929, 0.5053581577809827, -0.7734375]",4,5,42.87834917224521,14.029836183611144,1.1457457513207543,4,1,True,1:+1:+1|2:-1:+1|3:+1:-1|4:-1:-1|2:+1:+1|1:-1:+1|4:+1:-1|3:-1:-1,"[[1, 4, 2, 5], [3, 7, 4, 6], [5, 8, 6, 1], [7, 3, 8, 2]]",5,5,5,True,True,passed,,passed,False,4,1,5,,True,45.1270409293925,1.260387370070216,0.00975916480763317,0.1418087945354924,True,True,,passed,,0.005878399999346584,113,-0.3826324162403929,0.5053581577809827,-0.7734375,2.218858365479928,-0.884246367739939,True,0
4_1_figure_eight,deterministic_angular_sweep,32,96,,fibonacci_114,generic_tilt,"[-0.05739581986352919, -0.6116257768897116, -0.7890625]",4,5,42.87834917224521,14.029836183611144,1.1457457513207543,4,1,True,1:+1:+1|2:-1:+1|3:+1:-1|4:-1:-1|2:+1:+1|1:-1:+1|4:+1:-1|3:-1:-1,"[[1, 4, 2, 5], [3, 7, 4, 6], [5, 8, 6, 1], [7, 3, 8, 2]]",5,5,5,True,True,passed,,passed,False,4,1,5,,True,19.70845490121572,1.3548569970867925,0.03976672551110383,0.1469567785145746,True,True,,passed,,0.0062784999900031835,114,-0.05739581986352919,-0.6116257768897116,-0.7890625,-1.664363711971003,-0.9092814029496191,True,0
4_1_figure_eight,deterministic_angular_sweep,32,96,,fibonacci_115,generic_tilt,"[0.4401851164113537, 0.39839062568498396, -0.8046875]",4,5,42.87834917224521,14.029836183611144,1.1457457513207543,4,1,True,1:+1:+1|2:-1:+1|3:+1:-1|4:-1:-1|2:+1:+1|1:-1:+1|4:+1:-1|3:-1:-1,"[[1, 4, 2, 5], [3, 7, 4, 6], [5, 8, 6, 1], [7, 3, 8, 2]]",5,5,5,True,True,passed,,passed,False,4,1,5,,True,45.23520002284198,1.2885859755909042,0.2695877069387791,0.14829600488164973,True,True,,passed,,0.005130399993504398,115,0.4401851164113537,0.39839062568498396,-0.8046875,0.7355995177575955,-0.9351489189391351,True,0
4_1_figure_eight,deterministic_angular_sweep,32,96,,fibonacci_116,generic_tilt,"[-0.5719051579291357, 0.0034485761990220498, -0.8203125]",4,5,42.87834917224521,14.029836183611144,1.1457457513207543,6,1,False,1:+1:+1|2:+1:-1|3:-1:+1|4:+1:+1|5:-1:-1|1:-1:+1|2:-1:-1|6:+1:-1|4:-1:+1|3:+1:+1|6:-1:-1|5:+1:-1,"[[1, 6, 2, 7], [2, 8, 3, 7], [3, 8, 4, 9], [5, 11, 6, 10], [9, 12, 10, 1], [11, 5, 12, 4]]",5,,,False,,not_applicable,,passed,True,4,1,5,,True,15.883765445365379,1.4744064240426649,0.040025554374444994,0.17881314079831254,False,True,,passed,,0.0050635999941732734,116,-0.5719051579291357,0.0034485761990220498,-0.8203125,3.135562747486251,-0.9619572141787629,False,2
4_1_figure_eight,deterministic_angular_sweep,32,96,,fibonacci_117,generic_tilt,"[0.40244343130852844, -0.37315918947597654, -0.8359375]",4,5,42.87834917224521,14.029836183611144,1.1457457513207543,4,1,True,1:+1:+1|2:-1:+1|3:+1:-1|4:-1:-1|2:+1:+1|1:-1:+1|4:+1:-1|3:-1:-1,"[[1, 4, 2, 5], [3, 7, 4, 6], [5, 8, 6, 1], [7, 3, 8, 2]]",5,5,5,True,True,passed,,passed,False,4,1,5,,True,44.15746860130471,1.3214086363467272,0.1789912135255598,0.15195248848300572,True,True,,passed,,0.004206300000078045,117,0.40244343130852844,-0.37315918947597654,-0.8359375,-0.7476593299646804,-0.9898387655024116,True,0
4_1_figure_eight,deterministic_angular_sweep,32,96,,fibonacci_118,generic_tilt,"[-0.04268329984137269, 0.5225126261712739, -0.8515625]",4,5,42.87834917224521,14.029836183611144,1.1457457513207543,4,1,True,1:+1:+1|2:-1:+1|3:+1:-1|4:-1:-1|2:+1:+1|1:-1:+1|4:+1:-1|3:-1:-1,"[[1, 4, 2, 5], [3, 7, 4, 6], [5, 8, 6, 1], [7, 3, 8, 2]]",5,5,5,True,True,passed,,passed,False,4,1,5,,True,17.049715004098207,1.3856702656224664,0.06162844759755792,0.15155098275828763,True,True,,passed,,0.005634300003293902,118,-0.04268329984137269,0.5225126261712739,-0.8515625,1.6523038997639747,-1.01895854909946,True,0
4_1_figure_eight,deterministic_angular_sweep,32,96,,fibonacci_119,generic_tilt,"[-0.30536894714883794, -0.3933645204653824, -0.8671875]",4,5,42.87834917224521,14.029836183611144,1.1457457513207543,4,1,True,1:+1:+1|2:-1:+1|3:+1:-1|4:-1:-1|2:+1:+1|1:-1:+1|4:+1:-1|3:-1:-1,"[[1, 4, 2, 5], [3, 7, 4, 6], [5, 8, 6, 1], [7, 3, 8, 2]]",5,5,5,True,True,passed,,passed,False,4,1,5,,True,41.90784183793398,1.3692934256706626,0.049147224659520816,0.15509348640449752,True,True,,passed,,0.006011499994201586,119,-0.30536894714883794,-0.3933645204653824,-0.8671875,-2.230918177686956,-1.0495264428241564,True,0
4_1_figure_eight,deterministic_angular_sweep,32,96,,fibonacci_120,generic_tilt,"[0.463030022024531, 0.07902713804581546, -0.8828125]",4,5,42.87834917224521,14.029836183611144,1.1457457513207543,4,1,True,1:+1:+1|2:-1:+1|3:+1:-1|4:-1:-1|2:+1:+1|1:-1:+1|4:+1:-1|3:-1:-1,"[[1, 4, 2, 5], [3, 7, 4, 6], [5, 8, 6, 1], [7, 3, 8, 2]]",5,5,5,True,True,passed,,passed,False,4,1,5,,True,24.85755218883388,1.467235006732393,0.0907394068487477,0.17634052841941528,True,True,,passed,,0.005646500008879229,120,0.463030022024531,0.07902713804581546,-0.8828125,0.1690450520416989,-1.0818164589075494,True,0
4_1_figure_eight,deterministic_angular_sweep,32,96,,fibonacci_121,generic_tilt,"[-0.36906630614513736, 0.2379077978169983, -0.8984375]",4,5,42.87834917224521,14.029836183611144,1.1457457513207543,4,1,True,1:+1:+1|2:-1:+1|3:+1:-1|4:-1:-1|2:+1:+1|1:-1:+1|4:+1:-1|3:-1:-1,"[[1, 4, 2, 5], [3, 7, 4, 6], [5, 8, 6, 1], [7, 3, 8, 2]]",5,5,5,True,True,passed,,passed,False,4,1,5,,True,29.438263161182103,1.4177123682159782,0.008907724007585216,0.16621168752315896,True,True,,passed,,0.0067343999980948865,121,-0.36906630614513736,0.2379077978169983,-0.8984375,2.5690082817703543,-1.1161980547786983,True,0
4_1_figure_eight,deterministic_angular_sweep,32,96,,fibonacci_122,generic_tilt,"[0.10292496594567635, -0.39229605845436605, -0.9140625]",4,5,42.87834917224521,14.029836183611144,1.1457457513207543,4,1,True,1:+1:+1|2:-1:+1|3:+1:-1|4:-1:-1|2:+1:+1|1:-1:+1|4:+1:-1|3:-1:-1,"[[1, 4, 2, 5], [3, 7, 4, 6], [5, 8, 6, 1], [7, 3, 8, 2]]",5,5,5,True,True,passed,,passed,False,4,1,5,,True,19.233471990993483,1.4418789795960099,0.07261295053150718,0.16112802844358637,True,True,,passed,,0.0048565999895799905,122,0.10292496594567635,-0.39229605845436605,-0.9140625,-1.314213795680577,-1.1531903234869172,True,0
4_1_figure_eight,deterministic_angular_sweep,32,96,,fibonacci_123,generic_tilt,"[0.17174276910793232, 0.32586127969258555, -0.9296875]",4,5,42.87834917224521,14.029836183611144,1.1457457513207543,4,1,True,1:+1:+1|2:-1:+1|3:+1:-1|4:-1:-1|2:+1:+1|1:-1:+1|4:+1:-1|3:-1:-1,"[[1, 4, 2, 5], [3, 7, 4, 6], [5, 8, 6, 1], [7, 3, 8, 2]]",5,5,5,True,True,passed,,passed,False,4,1,5,,True,33.48378519646296,1.476443344727503,0.1506265768105557,0.16791425425037504,True,True,,passed,,0.004163199992035516,123,0.17174276910793232,0.32586127969258555,-0.9296875,1.0857494340480782,-1.1935635544440883,True,0
4_1_figure_eight,deterministic_angular_sweep,32,96,,fibonacci_124,generic_tilt,"[-0.30704379302740903, -0.11003811388374307, -0.9453125]",4,5,42.87834917224521,14.029836183611144,1.1457457513207543,4,1,True,1:+1:+1|2:-1:+1|3:+1:-1|4:-1:-1|2:+1:+1|1:-1:+1|4:+1:-1|3:-1:-1,"[[1, 4, 2, 5], [3, 7, 4, 6], [5, 8, 6, 1], [7, 3, 8, 2]]",5,5,5,True,True,passed,,passed,False,4,1,5,,True,21.024824303330966,1.5349897682986309,0.01577549586224336,0.18332565103893533,True,True,,passed,,0.0057096000091405585,124,-0.30704379302740903,-0.11003811388374307,-0.9453125,-2.797472643402853,-1.2385513773728343,True,0
4_1_figure_eight,deterministic_angular_sweep,32,96,,fibonacci_125,generic_tilt,"[0.2551855101430896, -0.10714231893496197, -0.9609375]",4,5,42.87834917224521,14.029836183611144,1.1457457513207543,4,1,True,1:+1:+1|2:-1:+1|3:+1:-1|4:-1:-1|2:+1:+1|1:-1:+1|4:+1:-1|3:-1:-1,"[[1, 4, 2, 5], [3, 7, 4, 6], [5, 8, 6, 1], [7, 3, 8, 2]]",5,5,5,True,True,passed,,passed,False,4,1,5,,True,31.606244543218768,1.5703128511463245,0.025924110530958444,0.1876707163958079,True,True,,passed,,0.004788699996424839,125,0.2551855101430896,-0.10714231893496197,-0.9609375,-0.3975094136741977,-1.2903698801933186,True,0
4_1_figure_eight,deterministic_angular_sweep,32,96,,fibonacci_126,generic_tilt,"[-0.0900489272346135, 0.1954913662995, -0.9765625]",4,5,42.87834917224521,14.029836183611144,1.1457457513207543,4,1,True,1:+1:+1|2:-1:+1|3:+1:-1|4:-1:-1|2:+1:+1|1:-1:+1|4:+1:-1|3:-1:-1,"[[1, 4, 2, 5], [3, 7, 4, 6], [5, 8, 6, 1], [7, 3, 8, 2]]",5,5,5,True,True,passed,,passed,False,4,1,5,,True,29.72599236832882,1.5905064038971952,0.06242782598173591,0.18547166348577585,True,True,,passed,,0.0037783000007038936,126,-0.0900489272346135,0.1954913662995,-0.9765625,2.0024538160544574,-1.3538648662553876,True,0
4_1_figure_eight,deterministic_angular_sweep,32,96,,fibonacci_127,generic_tilt,"[-0.03805444503928024, -0.1188100334841397, -0.9921875]",4,5,42.87834917224521,14.029836183611144,1.1457457513207543,4,1,True,1:+1:+1|2:-1:+1|3:+1:-1|4:-1:-1|2:+1:+1|1:-1:+1|4:+1:-1|3:-1:-1,"[[1, 4, 2, 5], [3, 7, 4, 6], [5, 8, 6, 1], [7, 3, 8, 2]]",5,5,5,True,True,passed,,passed,False,4,1,5,,True,26.219750164341935,1.6448603613044885,0.043778642370426724,0.1954889608768081,True,True,,passed,,0.004195699992123991,127,-0.03805444503928024,-0.1188100334841397,-0.9921875,-1.8807682613964736,-1.4457148032019138,True,0
