atlas_index,graph_fingerprint,vertex_count,edge_count,route,preblock_route,structural_chromatic_number,independent_chromatic_number,certificate_valid,exact_match,independent_assignments_tested,preblock_search_nodes,block_search_nodes,block_search_nodes_saved,dual_parity_agreement
1,f3c930da8b750575b149fc0b324db5912c370aae8331835bcb99cc4ce63e0e36,1,0,edgeless,edgeless,1,1,True,True,1,0,0,0,
2,0e0949a4d7142cba5d0b845d00e4b20ad3f2c31db03216b4ce48bc0052ca00d0,2,0,edgeless,edgeless,1,1,True,True,1,0,0,0,
3,8071fd47f23741712cb568e8fcae3f47a6040db29299c3a56614c7bb60cf3243,2,1,bipartite,bipartite,2,2,True,True,3,0,0,0,
4,626938c3fd46f4155cc77ec411626ef8188af25ad6829f2ad4c068ebc5d92fbf,3,0,edgeless,edgeless,1,1,True,True,1,0,0,0,
5,0486457249d250c39c449ae341c1c7d8fdbeb79fd0e970ffbe149311b5258981,3,1,bipartite,bipartite,2,2,True,True,3,0,0,0,
6,b8b5404824c4821ae473561cf87ee94eab596884b886ac89bc716568dc927bcc,3,2,bipartite,bipartite,2,2,True,True,5,0,0,0,
7,7183b7040886f88e7fa59e6ee923163565eeef2a49d5d9b5f549626de39408de,3,3,eulerian_sphere_triangulation,eulerian_sphere_triangulation,3,3,True,True,11,4,4,0,True
8,237e9412c42a2167bf591732aab90c03cad9867807dd6be7b898765db6692777,4,0,edgeless,edgeless,1,1,True,True,1,0,0,0,
9,9c1fa2c66030f16f64b2b69f9c79013549f0af84b470af728477961815cf7643,4,1,bipartite,bipartite,2,2,True,True,3,0,0,0,
10,209b84bf7f48b5a04be7adef6389809b6489338fbbbeeeb3bade2c837ccee8a8,4,2,bipartite,bipartite,2,2,True,True,3,0,0,0,
11,47b45e995875f6ec0a6e9089da039e093410dc79827660aed0ec384b87dd501f,4,2,bipartite,bipartite,2,2,True,True,7,0,0,0,
12,d8908725dbf725247a7970b875634ba3e3859dccb6f9c834b10ea242fa8491bb,4,3,block_decomposition,generic_planar_three_color_yes,3,3,True,True,15,5,4,1,
13,1aad8d9eb733699b97d3882e9d1edd8b25adca00e2377acc0aa499a429a5884b,4,3,bipartite,bipartite,2,2,True,True,3,0,0,0,
14,7c7cccd8f2100363122b32963f8824e9ba6a265d87d39750eda1f84ef1ac2e0c,4,3,bipartite,bipartite,2,2,True,True,7,0,0,0,
15,6f5dfe6d6ce1a45c18a2d63c424b0fd8d475d917f847dc124555d01964edda83,4,4,block_decomposition,generic_planar_three_color_yes,3,3,True,True,15,5,4,1,
16,a8441190184193489d0560b91498dd58b8e39ef9a23b6f0e0380f04714ae8481,4,4,bipartite,bipartite,2,2,True,True,7,0,0,0,
17,72202aef3e812b4940c17b7ed4a70efe5f5afa335caf158d5f340a93290c6d81,4,5,generic_planar_three_color_yes,generic_planar_three_color_yes,3,3,True,True,26,5,5,0,
18,3bb4f0302535f8c71b489b727b945d227cb7e8e03d6082a8fb2f36664bcf8212,4,6,non_eulerian_sphere_triangulation,non_eulerian_sphere_triangulation,4,4,True,True,64,5,5,0,True
19,8192439466fef48bff93090c08ec982deceb201a68277d98cc7ff7031e81b783,5,0,edgeless,edgeless,1,1,True,True,1,0,0,0,
20,d237b98bc36d6914d37df274868dee01931150a20e35c9f143b3696e951ca1a0,5,1,bipartite,bipartite,2,2,True,True,3,0,0,0,
21,720315f4a8eb8d241668bb8d64d546045a1a01ded4e278355aa65fb473526713,5,2,bipartite,bipartite,2,2,True,True,10,0,0,0,
22,22f3773ac5e22cefcafb05fb8c68013883da91e847bd9181128caeae100cbdd2,5,2,bipartite,bipartite,2,2,True,True,7,0,0,0,
23,c429a6b2a94e8a32d033fc8bf1e5d932d49fc3d9cff97b6cb9432828b9aabbe2,5,3,block_decomposition,generic_planar_three_color_yes,3,3,True,True,63,6,4,2,
24,268d08afb298aa7ef8513f30f2fa4c52670bf3c619e579307c59369abfd35087,5,3,bipartite,bipartite,2,2,True,True,4,0,0,0,
25,9a71ed8106a9a64568ead6429bffa5659492dafb734b8572e2ed2097de93068f,5,3,bipartite,bipartite,2,2,True,True,7,0,0,0,
26,ea0c8324bfb38961e6a969564d9bbd2b8826de79518f309b1bdcfd8760f6dbca,5,3,bipartite,bipartite,2,2,True,True,11,0,0,0,
27,d5b87240b60cff3a8068cffaad9ba891704704ec714c0efe1a04e1ae056a10a8,5,4,block_decomposition,generic_planar_three_color_yes,3,3,True,True,33,6,4,2,
28,30f9ad3806252ae5132e550705b28335e6bf89c0679975b671877dde0da0bcc4,5,4,bipartite,bipartite,2,2,True,True,12,0,0,0,
29,7d80a5e232c7bdb3e1ea030025d0993637b1d214ddddc0446d1fc1b39cf4fbd7,5,4,bipartite,bipartite,2,2,True,True,3,0,0,0,
30,71e77e9caa0a8e86fb149abb46c8505f00cf1927464e581f6f9e5d3f89ae5814,5,4,bipartite,bipartite,2,2,True,True,15,0,0,0,
31,26e132d3a2a96ac3785b25b3b61e16a0d9dfafb743cf46394300163b1c88ca8c,5,4,bipartite,bipartite,2,2,True,True,13,0,0,0,
32,e8583a5a351770f2d94e0603539ae5020c5f0762e36285438dcab705c346b3a9,5,4,block_decomposition,generic_planar_three_color_yes,3,3,True,True,64,6,4,2,
33,b7339272eade51133588c3a8274d00ab5790fe02ff9b369bb15f75813c05f1ba,5,5,block_decomposition,generic_planar_three_color_yes,3,3,True,True,66,6,5,1,
34,58e299c571f7f25d305e25802e0a27bca027a6b86ef2b2655885567f45e6abeb,5,5,block_decomposition,generic_planar_three_color_yes,3,3,True,True,23,6,4,2,
35,0be27e75ef5e3d18265ecc9ab584c31b38f21f0c0654c993f3aefb4492b33613,5,5,block_decomposition,generic_planar_three_color_yes,3,3,True,True,64,6,4,2,
36,6d10ff52c68858685f407404f5780e64a307de5406efe81ec1255bec3fa39e39,5,5,block_decomposition,generic_planar_three_color_yes,3,3,True,True,34,6,4,2,
37,30ee5e9cb1c083b4fa084618586282cad29f8b337f23c169a729defe5a00c80c,5,5,bipartite,bipartite,2,2,True,True,14,0,0,0,
38,260bbd690387771aa06cf664842c0e6a01ea43cd1ef92c607cd273ab81dff72e,5,5,triangle_free_non_bipartite,triangle_free_non_bipartite,3,3,True,True,50,6,6,0,
39,943646686e5bfefc0a5f285ffd1de3ec62a5f3415eb4e639ba680ddb66564f4a,5,6,block_decomposition,generic_planar_three_color_no,4,4,True,True,174,10,5,5,
40,468fa13d51fbbdd19c32a95c9a524bbb08a542fae8313b59743be6d2252bf87f,5,6,block_decomposition,generic_planar_three_color_yes,3,3,True,True,53,6,5,1,
41,b5d56b1104ab2e3740ddd195ebfaf8face36af37ec3a94f18055fd7af14b879e,5,6,block_decomposition,generic_planar_three_color_yes,3,3,True,True,56,6,5,1,
42,1257a2368b6b494642da132e233139f788231ccea6d6ce16e8dad1a8b18dc619,5,6,block_decomposition,generic_planar_three_color_yes,3,3,True,True,50,6,8,-2,
43,0a40728237d0e79a97ecc452077a9d3c81b79bba075f864dadacbcc58f90c2cc,5,6,generic_planar_three_color_yes,generic_planar_three_color_yes,3,3,True,True,50,6,6,0,
44,898e9cec5c912ae9c80567aa53cd3b52ce608dd015afdba9e908b82164be5582,5,6,bipartite,bipartite,2,2,True,True,9,0,0,0,
45,e7a3e649ea6eaf1bfdbff8c02425dae7a5f0a71b37366da5ecf8befc941577bd,5,7,block_decomposition,generic_planar_three_color_no,4,4,True,True,126,10,5,5,
46,6bd3651aaaec9fbc2cd0e479b24c6f867eb4af265db9e8082a0e0c75466b63da,5,7,generic_planar_three_color_yes,generic_planar_three_color_yes,3,3,True,True,23,6,6,0,
47,a0e3fed09f6759d25a9d738fa605a49da1753b5828251fe64b072b0465e1a393,5,7,generic_planar_three_color_yes,generic_planar_three_color_yes,3,3,True,True,65,6,6,0,
48,6297af465915a2b529fdec7d8e8695ca853db12ab3ecb6ce8b92b92d0128a13b,5,7,generic_planar_three_color_yes,generic_planar_three_color_yes,3,3,True,True,32,6,6,0,
49,a1f6a0ac7ddf1c979397fbcf29e59481f34ec7e97251bdeb7d0a0185459fe142,5,8,generic_planar_three_color_no,generic_planar_three_color_no,4,4,True,True,174,10,10,0,
50,cfa75634efb684818d84ca2fa6488efc77b47e96f3d67d156d2bc6ca6d0bd026,5,8,generic_planar_three_color_yes,generic_planar_three_color_yes,3,3,True,True,50,6,6,0,
51,c555b174ec241e2c471dd9a3ea7fd40d814a430816147159362ee8e239305b29,5,9,non_eulerian_sphere_triangulation,non_eulerian_sphere_triangulation,4,4,True,True,174,6,6,0,True
53,3575fdeb494598bae1f18d2506d28265f1b72ac87b07c532eeb955d268822d8d,6,0,edgeless,edgeless,1,1,True,True,1,0,0,0,
54,34cf2a9285a3570401da2b33054649de91cdd10b51a3a50329bbfd2aebcc4077,6,1,bipartite,bipartite,2,2,True,True,3,0,0,0,
55,f2aec1d948f4e7cb372fa5e0401d867595462eaed35a9b67dddeba0e71a68e43,6,2,bipartite,bipartite,2,2,True,True,7,0,0,0,
56,6d8fa8cba74872bafa9ce43f42c9aabcf33e50c37b3300f460a1c4a145ff0269,6,2,bipartite,bipartite,2,2,True,True,14,0,0,0,
57,41d068272dc700c6a412a5e67fa1f80a8d11a9682118c79b096969949f53e6fb,6,3,block_decomposition,generic_planar_three_color_yes,3,3,True,True,79,7,4,3,
58,5332f50ebf6bdf0cf632e280aabe6853668b5e9b8df2fa7e8dd01798a78255ca,6,3,bipartite,bipartite,2,2,True,True,9,0,0,0,
59,60c8801ecb1adc592c6b73809ce92bcd93f2b6552e6d429a55c50b4e011c8957,6,3,bipartite,bipartite,2,2,True,True,7,0,0,0,
60,44cee290f7e469bc3b7ac84c79a94a36f99c60f3918b34d1118e5f3e1e6e9e9b,6,3,bipartite,bipartite,2,2,True,True,5,0,0,0,
61,90d3dcaf68869aad91116f5b97d0218f1928efb1ea980a0d52357f5d0762b877,6,3,bipartite,bipartite,2,2,True,True,15,0,0,0,
62,5aac82c632e3d96f3aa9e39eb08338fdc00e9d3c7445a567d97801dd71ff26ed,6,4,block_decomposition,generic_planar_three_color_yes,3,3,True,True,48,7,4,3,
63,dd691b929908f298394d220070102fe77e2aa9daf8bf2b06520d5e70ad5b795a,6,4,bipartite,bipartite,2,2,True,True,8,0,0,0,
64,2379d3dcecd9624441d1a2e067989890ba14cda772bf3caff11d2708c4eded9e,6,4,bipartite,bipartite,2,2,True,True,3,0,0,0,
65,cf36113329927e70d25d372e0a9d56b2193d121b02668af991f609be203ca722,6,4,bipartite,bipartite,2,2,True,True,28,0,0,0,
66,19ec4864695331b0594ca105eb76241bb9fe791aeee514c6160bc53cefa32e6f,6,4,bipartite,bipartite,2,2,True,True,14,0,0,0,
67,362a8cc5a2125b955ffb49145eef411375feda1eb65eb68c63506c59543658be,6,4,block_decomposition,generic_planar_three_color_yes,3,3,True,True,80,7,4,3,
68,c1de921dd99c675767eb3debf0281b22d57f4b3f0981af8a31f7e804876cfeff,6,4,bipartite,bipartite,2,2,True,True,17,0,0,0,
69,9fd8372bc5633dfbe0e16acdb3b63ea4993f2e7f918fbe536eff26d9bcebc7c3,6,4,bipartite,bipartite,2,2,True,True,15,0,0,0,
70,a892fd3e9e32b33bf9539780b1e63f72c82462dfb801f2920bc0af3d17b2ebb1,6,4,bipartite,bipartite,2,2,True,True,16,0,0,0,
71,52053178b22058c451c3fcbde7d53209cf9c93005d6e897917fcb85533e04cf4,6,5,block_decomposition,generic_planar_three_color_yes,3,3,True,True,48,7,5,2,
72,f03412f4a2990eebf582b0a7c33ea58c2abbb03a9b635c1f79192e3ccb4f950e,6,5,block_decomposition,generic_planar_three_color_yes,3,3,True,True,45,7,4,3,
73,4fcedc0562ee6cf8929d0dffc588eafa96f57bada624adec9d7ba18c34fbf0b0,6,5,block_decomposition,generic_planar_three_color_yes,3,3,True,True,49,7,4,3,
74,43e2d200f6f2fcb13849c5b61f1f4a3440f9d9f49fb05ee04ac2149e3d80c68a,6,5,block_decomposition,generic_planar_three_color_yes,3,3,True,True,82,7,4,3,
75,0035a6b3c837ceba5ea15f3ba79f16b98ba4b01eb51e071f6b5c8a1c1df69d6b,6,5,bipartite,bipartite,2,2,True,True,12,0,0,0,
76,2c4c30a82b98691dab046473cce8024e8ee2d481d681477d3e34d9c87bd0a291,6,5,block_decomposition,triangle_free_non_bipartite,3,3,True,True,130,7,6,1,
77,5dffe44f3202b8f12a6bfe0f36dba0c7bd2cc1d7ae3050f7d3611d69279325e6,6,5,bipartite,bipartite,2,2,True,True,3,0,0,0,
78,fc32f61a2ae99554be7f8e81c74ef75ce543a7a4db601d66078252ac04ca181e,6,5,bipartite,bipartite,2,2,True,True,22,0,0,0,
79,41b27df71ff0ac6316cf090c93f8f1c91400377cbbf779e52167415ec2412e34,6,5,bipartite,bipartite,2,2,True,True,30,0,0,0,
80,53713db152e4cd67baa4a7a3a4804ba1522a33332ba57d7675445744222f3efb,6,5,bipartite,bipartite,2,2,True,True,21,0,0,0,
81,6fb2afde574e35b20aed87dac5bfcad2446f8b0523385d41d03a5fed5d4027b3,6,5,bipartite,bipartite,2,2,True,True,29,0,0,0,
82,fcceba248e547e855d9a81a0b8ff90e7f160a4cb41f5c8f85a15fa415b5a7649,6,5,block_decomposition,generic_planar_three_color_yes,3,3,True,True,134,7,4,3,
83,7eca948ae1eb9162596e53f5788967c681be147ed6f8e42860be8437d116a42a,6,5,bipartite,bipartite,2,2,True,True,23,0,0,0,
84,0ac8e010c94d8b1695773143dab9826abd22ed60c996d5a2d74b918eea306d38,6,5,block_decomposition,generic_planar_three_color_yes,3,3,True,True,50,7,4,3,
85,ffe326e453612f93d2db0a1a6f89fb1d88a48a62cae433f07126ff1d4430bd15,6,5,bipartite,bipartite,2,2,True,True,16,0,0,0,
86,ea38e38b5f8f70fcf4b2121e0badacc49f6c4a2d2e2dcccf774f5edefa85fc97,6,6,block_decomposition,generic_planar_three_color_no,4,4,True,True,304,11,5,6,
87,2ffe3f381ec9f302fa5117ac69edf98502c970d1619146df412f9303a1e9777c,6,6,block_decomposition,generic_planar_three_color_yes,3,3,True,True,49,7,5,2,
88,6b63d42dfebc9baa388700c6d91a2e748510b6f92277ad7f3d3d4ee7c89ba1df,6,6,block_decomposition,generic_planar_three_color_yes,3,3,True,True,85,7,5,2,
89,cea0f1c6c82a96101c0775f92727ddfd86e5a4905aa58531da0245ba1ad187c8,6,6,block_decomposition,generic_planar_three_color_yes,3,3,True,True,68,7,8,-1,
90,ac8098d1a37ab8ff2131e6813325e16fdf93e2c09b5bfa7f141001607dd81a42,6,6,block_decomposition,generic_planar_three_color_yes,3,3,True,True,130,7,6,1,
91,041c81d029b0decd549e7fc8662c6ac833e5c2b54f02a664c54ebf607e78a3d8,6,6,bipartite,bipartite,2,2,True,True,26,0,0,0,
92,751dfd679f33e6465813919c76a0cfe4071b81fd0cd17273ab755407c22b6ceb,6,6,block_decomposition,generic_planar_three_color_yes,3,3,True,True,39,7,4,3,
93,f9374891626e131d7afa027c8932113544029bfdbfa43bb3962589c5333de641,6,6,block_decomposition,generic_planar_three_color_yes,3,3,True,True,49,7,4,3,
94,de6ada36cc10cd3d0cfa8952b3d640e44bea04e90a1b76e1e2d87ff836b108d1,6,6,block_decomposition,generic_planar_three_color_yes,3,3,True,True,66,7,4,3,
95,8ef7efcce8bc0bb0da5aa6339ab7a5c03688852065367425d4c1d80186bd8436,6,6,block_decomposition,generic_planar_three_color_yes,3,3,True,True,68,7,4,3,
96,20d9b169f567a1bde0507cb601bb7ce1ba8272c890448d31865cd9a5b5261e89,6,6,bipartite,bipartite,2,2,True,True,17,0,0,0,
97,5c6e597ebcc7861b4753ccfe406ee2c382cba7fe1c6bc0a96cb9c85325a698d5,6,6,block_decomposition,generic_planar_three_color_yes,3,3,True,True,76,7,4,3,
98,0bfff968c42eeba36a1759377840cd903e66f23b2c28e1b2fb49401af7296280,6,6,bipartite,bipartite,2,2,True,True,16,0,0,0,
99,daa6450a174e39e9d4daf025117d93ac526bb7e8c8e941e5549e4180da727af8,6,6,bipartite,bipartite,2,2,True,True,14,0,0,0,
100,2e2d4e811fc3533441370cbb749b792a89f9d558ae174540aec58084bd27f330,6,6,block_decomposition,generic_planar_three_color_yes,3,3,True,True,153,7,4,3,
101,0e9c2a0ec3c69588104f6ea444fafe1865ca2501d8e33a72ba47fdecacbaddd0,6,6,block_decomposition,generic_planar_three_color_yes,3,3,True,True,75,7,5,2,
102,0b9af224c0517d2dc7620174558c7cd46afbf7c213e000a4857bb1f6b43336ee,6,6,block_decomposition,generic_planar_three_color_yes,3,3,True,True,83,7,4,3,
103,5c1bf11d7ec12c0c1cc9b34a3ce59d0afe5f2ebfe5c335537641cfb2c0c07428,6,6,bipartite,bipartite,2,2,True,True,9,0,0,0,
104,4aeeb0310479919c0123bae7892019f7d87212575ca619d07fa526979aead70e,6,6,block_decomposition,triangle_free_non_bipartite,3,3,True,True,130,7,6,1,
105,36e7ebd9b8a94f3ad499b9ffce54a91848c211c8a777a74b2dcd315290298ef6,6,6,bipartite,bipartite,2,2,True,True,23,0,0,0,
106,87f16158df7ed292d235e5ac873154d6bbe6e49618e9a92591f6229835e9a0f1,6,6,block_decomposition,generic_planar_three_color_yes,3,3,True,True,84,7,8,-1,
107,a2e7104530d8a6b92a3bd53a042f36c2d7ca095b753cf7f85725034e503c1eab,6,7,block_decomposition,generic_planar_three_color_no,4,4,True,True,710,11,5,6,
108,7945650dbfd3d3fde744e0524b9278e0d240860d9770a78db64d80b05adc88eb,6,7,block_decomposition,generic_planar_three_color_yes,3,3,True,True,169,7,6,1,
109,3f5b8be5eb0170e39afd99a772f98202377e91e67d246133e63735cebb4d3ac0,6,7,block_decomposition,generic_planar_three_color_yes,3,3,True,True,175,7,6,1,
110,2aeb9dfcce0d6bef203e3848e905f843ff248f5fce8a92c4670bdb4dcb0c1923,6,7,block_decomposition,generic_planar_three_color_yes,3,3,True,True,160,7,6,1,
111,76e7ad99b2126ed3eab567b9be7cb0dc1417c9b4634a58cf5384218fce6fba87,6,7,block_decomposition,generic_planar_three_color_yes,3,3,True,True,49,7,5,2,
112,ef94fdcaa7a31a2c1a8f5f1c48a3ab3fce62b3091f4d70a6f653b8e1b560e765,6,7,block_decomposition,generic_planar_three_color_yes,3,3,True,True,132,7,5,2,
113,dfa197fe30d217e0a50b0311f694e3f321383f7a45ebe66e4d3d18beae810111,6,7,block_decomposition,generic_planar_three_color_yes,3,3,True,True,82,7,5,2,
114,4106314e2d08ef7de7634015800f5033f060bef62fefccfd9c7b1ca6d7c948e2,6,7,block_decomposition,generic_planar_three_color_yes,3,3,True,True,85,7,5,2,
115,69926c2de56ab2832b3e01e4a69e3aaed041ea88067b5d1f803a61cebc5ffef1,6,7,block_decomposition,generic_planar_three_color_yes,3,3,True,True,144,7,5,2,
116,e2170aa795cc041bc1a2e404f386df319ae59cf7a48c73e3f2e36fa41e78e5ed,6,7,block_decomposition,generic_planar_three_color_no,4,4,True,True,710,11,5,6,
117,87df61b466af60d6da30bc69cf795b887acdc399fbec204f9af56b33b4c41d99,6,7,block_decomposition,generic_planar_three_color_yes,3,3,True,True,165,7,8,-1,
118,7271f59ace2479ee6120eb605eb542bcb34b7fafcc3ddf247d2fd63de4f01ee0,6,7,block_decomposition,generic_planar_three_color_yes,3,3,True,True,130,7,6,1,
119,d56f5d5003ab2f5decda56cbfc7568768c865286a40d395e03facc9129e0cb61,6,7,block_decomposition,generic_planar_three_color_yes,3,3,True,True,166,7,8,-1,
120,a25ddc09b69723726150864059927bf28c9043cf955196f728d892e4f6e83909,6,7,block_decomposition,generic_planar_three_color_yes,3,3,True,True,50,7,5,2,
121,58a9cd4a0e77653ffa3d1aaddc198625269e9b9d6df257c3f652fe749015a70c,6,7,bipartite,bipartite,2,2,True,True,12,0,0,0,
122,1d95eb3dafac22dc6418b9c7f025b7b430c57205c27e7ea18a37488a2e287431,6,7,block_decomposition,generic_planar_three_color_yes,3,3,True,True,130,7,6,1,
123,9654c107b90271e6316a910fb5167a0cd071def375c2e63238bd9928a449c262,6,7,block_decomposition,generic_planar_three_color_yes,3,3,True,True,86,7,5,2,
124,a205d79b813cd4ff6aa190012cbd84bb20ab67b0ef7cd7d4ad62104b955a0e4f,6,7,block_decomposition,generic_planar_three_color_yes,3,3,True,True,172,7,6,1,
125,0ceba22f0fc63b94429f97450bd9f073ddf5193b6ee65a2f27431274ac3d4ba7,6,7,bipartite,bipartite,2,2,True,True,16,0,0,0,
126,8fa2ad6a3c020c7114ef07def6b2d85674b50a22e0ac8565cd28b2db11bcd2b9,6,7,block_decomposition,generic_planar_three_color_yes,3,3,True,True,83,7,4,3,
127,9b796ea9aa6b150dc84db72705ff123dee5a4ae575832eed1395f102e5b89799,6,7,generic_planar_three_color_yes,generic_planar_three_color_yes,3,3,True,True,80,7,7,0,
128,bca953df169f5a80ef80fbac7621eb618e95ff055d29fa51202b23f8af6137fb,6,7,bipartite,bipartite,2,2,True,True,23,0,0,0,
129,b1fa01511cc3dfc460abcce017295f34fbe9bb869d2c0cb8cee2d95073dc4096,6,7,triangle_free_non_bipartite,triangle_free_non_bipartite,3,3,True,True,132,7,7,0,
130,897b7740bfa9480ee88a301078c526293ec1dbdd81c0242c60361c4c04e9a4b4,6,7,block_decomposition,generic_planar_three_color_yes,3,3,True,True,180,7,8,-1,
131,b595dc2f2a553feacdefb71964da93f6e46d4ec675f16b2617673ba97c95eb75,6,8,block_decomposition,generic_planar_three_color_no,4,4,True,True,709,11,10,1,
132,1a784964526ce5a04101d409a8d5aadad4d191a8367d93de08b86f60367116c2,6,8,block_decomposition,generic_planar_three_color_yes,3,3,True,True,130,7,6,1,
133,48ffa46197708bd6ccb3d787166926a7e21d1d359d406efdae5a06f516b36d74,6,8,block_decomposition,generic_planar_three_color_no,4,4,True,True,714,11,5,6,
134,d7480da6313d02a44ce79d26d8c7f560560a5764ed8655d42cff086b75637af7,6,8,block_decomposition,generic_planar_three_color_no,4,4,True,True,713,11,5,6,
135,7e330470fb1ba01e2af4f131a7c8c3b394158813473ffcbc51afe3baa336fbab,6,8,block_decomposition,generic_planar_three_color_yes,3,3,True,True,169,7,6,1,
136,9827d0669c98853820e1adfafa7d6e0db606209398ab6a6638d10f061bc85d50,6,8,block_decomposition,generic_planar_three_color_yes,3,3,True,True,175,7,6,1,
137,4321d943121d24111c2f012426a828af9655e37856c4bb2686b0dd58681303c8,6,8,block_decomposition,generic_planar_three_color_yes,3,3,True,True,175,7,6,1,
138,919c8ad9502aebb619b8195f13e6d229364a99a1dc680e5b755bef89597a70b7,6,8,block_decomposition,generic_planar_three_color_yes,3,3,True,True,172,7,6,1,
139,14bf8b548e327ad0d12f99b7df353fb5f029186d3b0e4eadfb6980cc4fcab3db,6,8,block_decomposition,generic_planar_three_color_yes,3,3,True,True,176,7,6,1,
140,c2c65b9f0fa60fdd5be8c36f1f6cce35647210a1d927717a603d0156bb9ac48a,6,8,block_decomposition,generic_planar_three_color_yes,3,3,True,True,163,7,6,1,
141,f02cd1d7ed037709437ac1902feb867355708c8b19034a85f732135dad8409af,6,8,block_decomposition,generic_planar_three_color_yes,3,3,True,True,66,7,6,1,
142,467ebabf10739a87fcba5066ac73581ea935626226291453ea00a4d818680001,6,8,block_decomposition,generic_planar_three_color_no,4,4,True,True,710,11,5,6,
143,ceb960f57d281756c2ae2a997f05fb9e447ad4179749167906fef4785e9af512,6,8,block_decomposition,generic_planar_three_color_yes,3,3,True,True,147,7,6,1,
144,00c36079e46fe5da7e22e260be286a3e0f225db2758ccc80d5d80d22430e0ae9,6,8,block_decomposition,generic_planar_three_color_yes,3,3,True,True,50,7,9,-2,
145,755a714f1e8131995f155c2260c3d94d976a7b71ed236c82e3430410ec7f6404,6,8,generic_planar_three_color_yes,generic_planar_three_color_yes,3,3,True,True,173,7,7,0,
146,57061ebfb4d18b423ba0e2a508dceff98275e2a2476eb46f5179d04b17ec2d32,6,8,bipartite,bipartite,2,2,True,True,5,0,0,0,
147,359e4c030c594ae7420e9ad68635acf02d8a2ab85ef065bef3a82f45e878da90,6,8,generic_planar_three_color_yes,generic_planar_three_color_yes,3,3,True,True,131,7,7,0,
148,824af5da5fd3782f3a370b1ba69449f767b5ee88382894e66946cbcda017754a,6,8,generic_planar_three_color_yes,generic_planar_three_color_yes,3,3,True,True,176,7,7,0,
149,90adb723da224bcf872bfc9a720556a4e61d303071b69b3582763be5cad73250,6,8,generic_planar_three_color_yes,generic_planar_three_color_yes,3,3,True,True,131,7,7,0,
150,ef2f15c863d6957bdb2c7e7f490edc38bbc28e5fca745e9a60157f43d22bf4db,6,8,block_decomposition,generic_planar_three_color_yes,3,3,True,True,86,7,9,-2,
151,5350ea813c32b343e52402e106f9e32de3d47894eb62a09301085d71ac523f21,6,8,generic_planar_three_color_yes,generic_planar_three_color_yes,3,3,True,True,130,7,7,0,
152,ba6726acd0422aadfc7f8b087f4537015c8ca2d8edb1ecf223d353d4f69fb417,6,8,generic_planar_three_color_yes,generic_planar_three_color_yes,3,3,True,True,138,7,7,0,
153,a1aecc6cecf8c5421953944bb8a424ea2ae802de08182aa0e7c511cb596762d2,6,8,generic_planar_three_color_yes,generic_planar_three_color_yes,3,3,True,True,132,7,7,0,
154,248316488d54727efc41e8659aa859268b4d96bfc5a698696ed83b906f8e43db,6,8,bipartite,bipartite,2,2,True,True,23,0,0,0,
155,3e1769a57fddd3ad42f66542a69f78dda12ec69e91c8c3fb31e3a195c2661977,6,9,block_decomposition,generic_planar_three_color_no,4,4,True,True,577,11,6,5,
156,7334d7275d27fbf9a5ab55b34fd4f7ff330c27647c8f8aa62558878fb533b0b4,6,9,block_decomposition,generic_planar_three_color_no,4,4,True,True,709,11,10,1,
157,a53b99afe6697da4a97d415062d52be1c862688b86fdefe1a420c6580f9ac1b7,6,9,block_decomposition,generic_planar_three_color_no,4,4,True,True,713,11,10,1,
158,614d53b3ee7cf29370dc1f8aa5abc149d46b734ac5a441d340150db44e96e404,6,9,block_decomposition,generic_planar_three_color_yes,3,3,True,True,130,7,6,1,
159,bc252d76bb38db2340e5634cb6b6bbdf91502697b7a8ac3217f4be57668ec2c4,6,9,block_decomposition,generic_planar_three_color_yes,3,3,True,True,82,7,6,1,
160,11efa54a2f0c3f9d5bba2513ad5646d7ea3fac069da51fbe5f64e9e3ceff2ef5,6,9,block_decomposition,generic_planar_three_color_no,4,4,True,True,712,11,10,1,
161,3262b3c6aa860a250fe3992c3a06815c66542384cb80940201e129b8429b47ed,6,9,generic_planar_three_color_yes,generic_planar_three_color_yes,3,3,True,True,39,7,7,0,
162,b47c8c0d99e5ad32989875d3f1d528bb043049cd0b9534b1515abf45836e9f36,6,9,generic_planar_three_color_yes,generic_planar_three_color_yes,3,3,True,True,185,7,7,0,
163,1954f9663906c772f9faec7018f9621e5f06b5a58e5150446f7d9e5d2aae4425,6,9,generic_planar_three_color_yes,generic_planar_three_color_yes,3,3,True,True,176,7,7,0,
164,a9ae40f2c8cfc746e011c2e82bb8971f875019c1919633a766cefb1254ad7390,6,9,generic_planar_three_color_yes,generic_planar_three_color_yes,3,3,True,True,189,7,7,0,
165,26a4712ba6b0c9b6d0cd867aad504707633031eb3660017c4f8d0a07043854c6,6,9,block_decomposition,generic_planar_three_color_no,4,4,True,True,715,11,9,2,
166,b12fc20350785273f6af7b29c978eba31d3194de22d35779b85a9570bf07c90c,6,9,generic_planar_three_color_yes,generic_planar_three_color_yes,3,3,True,True,132,7,7,0,
167,645fb7416a784d5c6c9c9ff9ff667a07cf314906acd7adb3e9748799829c23a2,6,9,generic_planar_three_color_yes,generic_planar_three_color_yes,3,3,True,True,84,7,7,0,
168,9113d56f46e8095b595bfb212c706a47d8b5897c8245d0134ada5e1e402cf4ba,6,9,generic_planar_three_color_yes,generic_planar_three_color_yes,3,3,True,True,80,7,7,0,
169,97e316957fc80cda9860070f55352f5376a1e1a972c899cbea7a592bc25a3fc4,6,9,generic_planar_three_color_no,generic_planar_three_color_no,4,4,True,True,668,11,11,0,
170,643d8339adad7d7ea6d8abdb6667aae3c33206f8544cb560a200008b64475546,6,9,generic_planar_three_color_yes,generic_planar_three_color_yes,3,3,True,True,69,7,7,0,
171,f66822007c041dfc96f8d74ffc22170ed87f224b5a400b17cb5fa31c8319bece,6,9,generic_planar_three_color_yes,generic_planar_three_color_yes,3,3,True,True,176,7,7,0,
172,e366f754ae7f7171ae180d612a6a0798dbc44fb63c5b9043e439be33110ef1f0,6,9,generic_planar_three_color_yes,generic_planar_three_color_yes,3,3,True,True,132,7,7,0,
173,defc6336eb2390b2fbfc8dcfa1571732a5bca2cc25e766829969a5c293dc44e1,6,9,generic_planar_three_color_yes,generic_planar_three_color_yes,3,3,True,True,131,7,7,0,
174,9fc9d8cf0fb08499bbacaac01eb279991c3c82bbad963fcb4ae2e9118a7ccf9c,6,9,generic_planar_three_color_yes,generic_planar_three_color_yes,3,3,True,True,162,7,7,0,
177,33419a67d1cc2c8369c1c393e98d666f89cdebf7ce7853ec4cec2484e50b7680,6,10,block_decomposition,generic_planar_three_color_no,4,4,True,True,577,11,6,5,
178,e3b81d0ff048681c9f3cf7d75cc9af82b9fdf38b7e28fe62e5cfcf06a5b7af51,6,10,block_decomposition,generic_planar_three_color_no,4,4,True,True,578,11,6,5,
179,a34277450c87de4403432e45fc937b9f7ee1072db72772e7c4066f6c55f78a4a,6,10,generic_planar_three_color_no,generic_planar_three_color_no,4,4,True,True,544,11,11,0,
180,a245f939b55da32ca4cdabe3b27747a4961f1b9e2d0ae247fde5d8ef5ee5aac7,6,10,generic_planar_three_color_no,generic_planar_three_color_no,4,4,True,True,577,11,11,0,
181,66555427a0f88dbecc1fd807e08f35e78846805712a36fb65e03bb6a29f38cd3,6,10,generic_planar_three_color_no,generic_planar_three_color_no,4,4,True,True,386,11,11,0,
182,b76dc2d234854db3989fb73388ff63459318904c0b52a588690ad68ebbdd7215,6,10,generic_planar_three_color_yes,generic_planar_three_color_yes,3,3,True,True,81,7,7,0,
183,07b56dd2f4e000dff1701bbcc6bce84b50082336b34501106176c315c836003a,6,10,generic_planar_three_color_no,generic_planar_three_color_no,4,4,True,True,579,11,11,0,
184,ad54bf9e82924c2f2f907d434967de0d2cd3387cc3b7fd730056fc03de5ee088,6,10,generic_planar_three_color_yes,generic_planar_three_color_yes,3,3,True,True,132,7,7,0,
185,687d67c7a6bf5a353e149ae303976cf9298d828781fad9a1ad00cd2aea1fb949,6,10,generic_planar_three_color_no,generic_planar_three_color_no,4,4,True,True,672,11,11,0,
186,4b088c2c2efd22cf4a884073a813d06979611a23a3ba753c8f8c9385578d6f94,6,10,generic_planar_three_color_yes,generic_planar_three_color_yes,3,3,True,True,144,7,7,0,
187,302ab9800b4dc2f240d922e301dee4f59818b87a2cc20ff0f1e0e1792051eb09,6,10,generic_planar_three_color_no,generic_planar_three_color_no,4,4,True,True,560,15,15,0,
188,97c240f314b928bb5ebe7f3d494cbbb08a110531745e60970417ea279ff14726,6,10,generic_planar_three_color_yes,generic_planar_three_color_yes,3,3,True,True,174,7,7,0,
190,dbd76e55d8d2840b40144b91792d39dc943d53f880eac47ae7ee031b9e674b7b,6,10,generic_planar_three_color_yes,generic_planar_three_color_yes,3,3,True,True,176,7,7,0,
192,b404f3ce480b52e3fef40876b7fd6195ba31a61011e3bc179980c9698326f5ee,6,11,generic_planar_three_color_no,generic_planar_three_color_no,4,4,True,True,709,11,11,0,
193,c037bbad5ea5c173b7f0da06f4269621d1680690db944e4c15af3accdc10012b,6,11,generic_planar_three_color_no,generic_planar_three_color_no,4,4,True,True,578,11,11,0,
195,ee59061764d76d992c4aa12b0d18a584da1e45cf9c59b1e643e2a2f42c652852,6,11,generic_planar_three_color_no,generic_planar_three_color_no,4,4,True,True,672,11,11,0,
196,ea532721b56b8894548d5c43b254b939480a2e7cc95e7d50a76809ab6ebbea71,6,11,generic_planar_three_color_no,generic_planar_three_color_no,4,4,True,True,387,11,11,0,
198,c6219222e866102ab1e76fe00999e61c4790a6ba75d1799c5d924be16c5940b1,6,11,generic_planar_three_color_yes,generic_planar_three_color_yes,3,3,True,True,150,7,7,0,
202,d11210edea953b730c9726dff2ca8c1ab994fbff8e5d188b4cf085e03fefae78,6,12,non_eulerian_sphere_triangulation,non_eulerian_sphere_triangulation,4,4,True,True,608,7,7,0,True
204,5893db8086a857f777d4d7584eb7517ffae3ddf48c36ab2ac330401796e5db6d,6,12,eulerian_sphere_triangulation,eulerian_sphere_triangulation,3,3,True,True,174,7,7,0,True
209,81954e298f1ec7961525f1b1f69e87cfdc5e2b6ab821d324cf9b9a9b267f314d,7,0,edgeless,edgeless,1,1,True,True,1,0,0,0,
210,3190bb7e4ca614afe5f1536e4c510cec430fdce1bf63270157099825cc43d910,7,1,bipartite,bipartite,2,2,True,True,3,0,0,0,
211,c3bea32288236c09a0b0801836119f90e1a8f467da38e2cfae24164b190fec5b,7,2,bipartite,bipartite,2,2,True,True,18,0,0,0,
212,d3dc168b0bb4349cb343fe9f0f06ce6e000e6198311bb8e0de12f80b38963dfe,7,2,bipartite,bipartite,2,2,True,True,5,0,0,0,
213,ebb1493bcd3ea27ebb82cba54a27411e257a757c3d171a53f23e7050d5dea99b,7,3,block_decomposition,generic_planar_three_color_yes,3,3,True,True,165,8,4,4,
214,571bccfe53d378c0ab5427d6705c9fbd58ec7422a2dc6cb197123145e3fe33d0,7,3,bipartite,bipartite,2,2,True,True,37,0,0,0,
215,7e579ce5fb169bc7464a858204e686934348135ccb0e2eefe4dfc228d7f96b7a,7,3,bipartite,bipartite,2,2,True,True,7,0,0,0,
216,7a93c1daf258d171e98553a6fe4ebcfe73f171abc682a44e4449511d4e4cd3aa,7,3,bipartite,bipartite,2,2,True,True,19,0,0,0,
217,0b49dbd269abee6319d2f6baca2473a8c7b7cc72f66d65757411b30cf569f03e,7,3,bipartite,bipartite,2,2,True,True,15,0,0,0,
218,ab9bc18ea2316479735bc05fec9ff3e38bad73ead49d8f94d2bb3a64330bba8d,7,4,block_decomposition,generic_planar_three_color_yes,3,3,True,True,149,8,4,4,
219,498e9a04444ac2eaeeab94ca7248fc7c3b5c5321d530967a3ea2412a18589518,7,4,bipartite,bipartite,2,2,True,True,22,0,0,0,
220,ec7db71f475840cccc5792e45bd758d27d20b1d5866a9b2c782631fc3c5449ba,7,4,bipartite,bipartite,2,2,True,True,34,0,0,0,
221,c4ae523fd601f7bd2c7e7084a59f370d2759bf31a55f57871681700a2e1d72c5,7,4,bipartite,bipartite,2,2,True,True,37,0,0,0,
222,3f994db55ed6d467a5a6abdd8772181023e58541e9d34f7eaa4eafee35dac8bc,7,4,bipartite,bipartite,2,2,True,True,42,0,0,0,
223,591d1de172cc6cc0afebfc1bb8a3e63ad9196a371fb5659009ec6a07345c8da5,7,4,block_decomposition,generic_planar_three_color_yes,3,3,True,True,166,8,4,4,
224,1ed2caba25982e4b8326f2e49f56f1825a80d31c031859f7b7c1521199b520fa,7,4,bipartite,bipartite,2,2,True,True,41,0,0,0,
225,3c1badd3d567f39395946230d0e1226cb1b6a5afa118824ecb12bede8c8ebc72,7,4,bipartite,bipartite,2,2,True,True,15,0,0,0,
226,cd9afd3eaad4cff86e00ffe8b1e3c3578486324e1d116ca27ac3d552b2fc440b,7,4,bipartite,bipartite,2,2,True,True,17,0,0,0,
227,53cf8be980a9cdc19a65924f72731bde28f4d4c8d7acc1e410ec6af68f2fb307,7,4,bipartite,bipartite,2,2,True,True,21,0,0,0,
228,725f3954c18b0757993375e4a16375580969b1b462858f621092f0208f95f3f6,7,5,block_decomposition,generic_planar_three_color_yes,3,3,True,True,381,8,5,3,
229,2206d2bb2d70eedff0d9c9a165caf2d236c56fdaf1b4d96e83405df2a3ce5baf,7,5,block_decomposition,generic_planar_three_color_yes,3,3,True,True,107,8,4,4,
230,9c69eedc4ec4cd63d202d3dbef023d047bff18ac28376cd7d308e2d3ac59b6ee,7,5,block_decomposition,generic_planar_three_color_yes,3,3,True,True,166,8,4,4,
231,be5b1319581e403f78d4fd792916771f3b2edf730c4ceee3d0f0dd1c4f4a2b5a,7,5,block_decomposition,generic_planar_three_color_yes,3,3,True,True,314,8,4,4,
232,168803af826eea9df690ce5f4aa90913f80275c6f50103b0de4fef2d74f4680c,7,5,bipartite,bipartite,2,2,True,True,30,0,0,0,
233,c771caf19b7a1b054b1a721e34685d1956e2ef934f877d0900c3c79c4c4b0545,7,5,block_decomposition,triangle_free_non_bipartite,3,3,True,True,354,8,6,2,
234,b2120b9e45f6040ea84f27b4dd5b343164550328694ed56ab0a2cc0256925c65,7,5,bipartite,bipartite,2,2,True,True,4,0,0,0,
235,e4090b198239e3053cb29e903d50dc27b2f8eeb2b0269587dce8b7a2536dbab8,7,5,bipartite,bipartite,2,2,True,True,42,0,0,0,
236,3ca6eafa86a8deac9059152e57a9b0f13c3e20567aa725426485f4668acd02d3,7,5,bipartite,bipartite,2,2,True,True,24,0,0,0,
237,d1ad58d2d7005fd4764b3bf3200b5e757fce9b7da0e2fb48ad31271a629c8a2d,7,5,bipartite,bipartite,2,2,True,True,25,0,0,0,
238,c1b56ea709d6841079a7eea32ff5ebf321045367a5ca27e3dece859e62d41447,7,5,bipartite,bipartite,2,2,True,True,23,0,0,0,
239,71dccceeddac5e33f2f6ad2f371ef9d0c628642a09a1d4d71709e3f7e7a63eab,7,5,block_decomposition,generic_planar_three_color_yes,3,3,True,True,158,8,4,4,
240,f039aa3a93e3717a20d28ecf73f1ec2e035e32e94f667e79ad182e37703d2217,7,5,bipartite,bipartite,2,2,True,True,39,0,0,0,
241,dbb71e3aad9993adc3f5ddc05352cc120e1dab3c4c9dae4833a2ee0001ceb2d7,7,5,block_decomposition,generic_planar_three_color_yes,3,3,True,True,107,8,4,4,
242,9d0d23c789c5a99da306b0f23973537ccf00787b2e8a7212a1da535fffe70275,7,5,bipartite,bipartite,2,2,True,True,16,0,0,0,
243,076004b99702988a296bedcdf729ca99cff69a9935d0ae783b4738d3cdda4b9a,7,5,bipartite,bipartite,2,2,True,True,35,0,0,0,
244,e61fa331a09a60d4441e4420ff6dd2ce4e5f7d9ee156ddfb560c53ff47bf1b82,7,5,bipartite,bipartite,2,2,True,True,47,0,0,0,
245,85fe68e0574ccf183e073f21fece50c86bc03c3c6660cde8aa89202024ce0f8e,7,5,bipartite,bipartite,2,2,True,True,30,0,0,0,
246,24bb51a98e99c99c120e73bfb283263ea98b8810ac2e50505408a4fe0263d290,7,5,bipartite,bipartite,2,2,True,True,43,0,0,0,
247,79617cad7d4a779a61cd3dc6f1940f84afdb864422b88df31230a5954160bbad,7,5,bipartite,bipartite,2,2,True,True,23,0,0,0,
248,d8e1ef883bc9918272aaffee49cc9fbb4ad05eab0dcdb1b9d0bdd50fdc29511e,7,5,block_decomposition,generic_planar_three_color_yes,3,3,True,True,341,8,4,4,
249,923265bb50ea5ef97768963f0fc25c43f4d78e19200a45f1e763de57dd6d7a98,7,6,block_decomposition,generic_planar_three_color_no,4,4,True,True,1062,12,5,7,
250,b11eaed9e2c2f1f4d149891b5f4cf6f2a68d54e5575a184bc216580eac0c54db,7,6,block_decomposition,generic_planar_three_color_yes,3,3,True,True,381,8,5,3,
251,4d13d9df4913ad7d9505d06d76645e6b0b46dee9e928a7518dc76566924a4563,7,6,block_decomposition,generic_planar_three_color_yes,3,3,True,True,192,8,5,3,
252,ae4c6b36d2e9a9b96ca351be91fb23163ed4eec003e81cc8d6350a1a2912b1c5,7,6,block_decomposition,generic_planar_three_color_yes,3,3,True,True,110,8,8,0,
253,e1c14d3d56cea39126e446b704031dca9c36874c76c5b02fc5e1c21fb2365b23,7,6,block_decomposition,generic_planar_three_color_yes,3,3,True,True,330,8,6,2,
254,dc3d5bf1a5e70098e541e631ba88e013cda0da4964b3b14b6b2593b954baf0d8,7,6,bipartite,bipartite,2,2,True,True,20,0,0,0,
255,8b6aa81481cd2797afbe4d31f6fb90d5e034d101d33330de807f2bf90d6e26ac,7,6,block_decomposition,generic_planar_three_color_yes,3,3,True,True,149,8,4,4,
256,37da12ba7b259a06a1fcd67a2d44f9b1310e39332b130054fd926c9b1ece01a3,7,6,block_decomposition,generic_planar_three_color_yes,3,3,True,True,210,8,4,4,
257,d370d6d59a1241e2f1727d2c964f207f69ce13c57aff4fa1bfe955823112bf40,7,6,block_decomposition,generic_planar_three_color_yes,3,3,True,True,320,8,4,4,
258,0b774a0a0ae1cf9ab5e28aa0934d618ae3a264d4f1a84f0915bad2a5803c5ffb,7,6,block_decomposition,generic_planar_three_color_yes,3,3,True,True,107,8,4,4,
259,9fa6d5a71e99d1c628077d82ec18b832af71b0ea0d921f3a6bae6cb82d304e91,7,6,bipartite,bipartite,2,2,True,True,17,0,0,0,
260,03c56c26e8e0e5f8d5561ac30821d53026daa0c52a240bc9addc9ae82ac79302,7,6,block_decomposition,generic_planar_three_color_yes,3,3,True,True,211,8,4,4,
261,7660951bf89bf66688afe106f2fb86ca637e3bef192d6d4878029b16d1866f12,7,6,bipartite,bipartite,2,2,True,True,23,0,0,0,
262,2356b4129efbdeb1e869f1c11726a4edb2d56efd7b055993e76a7f22ad06d2cd,7,6,block_decomposition,generic_planar_three_color_yes,3,3,True,True,185,8,4,4,
263,5fc6681ff8d00e6bff18ef1358d03606ab5ce5bc5ef6790fbfe0138ce4433fac,7,6,bipartite,bipartite,2,2,True,True,14,0,0,0,
264,18b754e1220592393aeec543e49f5b811754aa3fffae40c03b90a51fb920db68,7,6,block_decomposition,generic_planar_three_color_yes,3,3,True,True,382,8,5,3,
265,3898f73ed6ac11e496a2eca25d1b5c65e33e7a20620f0375cc3cac89d039d108,7,6,block_decomposition,generic_planar_three_color_yes,3,3,True,True,107,8,4,4,
266,29ccca3776199b2926f073979f4c97a47970ea178bfad395593b6240e27ae545,7,6,bipartite,bipartite,2,2,True,True,23,0,0,0,
267,fbf704751b0083e0e4a548dfafa866f5f0cd35f7cc864337deee4ddc0df81b67,7,6,block_decomposition,triangle_free_non_bipartite,3,3,True,True,314,8,6,2,
268,633a513e6ea0e6b207b45bb530ffc279f8f93f4884acc4d9b4f46690f47b48af,7,6,bipartite,bipartite,2,2,True,True,44,0,0,0,
269,48acf3f913c68875a56183dbcd2e6c86a8145b9f94567eb8ad04f1ba6139d497,7,6,block_decomposition,generic_planar_three_color_yes,3,3,True,True,116,8,8,0,
270,edbd7f0196512416f03c06370ae38d7d5a32026ded1e226b46e64134790caa41,7,6,bipartite,bipartite,2,2,True,True,3,0,0,0,
271,1e9c58717d33428d6e1b8aebf675a687d49508529d23bfd8fc5524cdbc522ec1,7,6,bipartite,bipartite,2,2,True,True,49,0,0,0,
272,1f7eb01d3a9c7578af82c3a8ac5685bd1f53a4fdc949e64b624acb19425d9139,7,6,bipartite,bipartite,2,2,True,True,37,0,0,0,
273,97b13029a5cd454038e06f78c8867bd282dcca59da2ec0dda33b478e27758d3b,7,6,bipartite,bipartite,2,2,True,True,37,0,0,0,
274,52cb04936fb35c68a77bc6d5a61b081d1693c36d8ce6a72b1f997547f27ae2d1,7,6,bipartite,bipartite,2,2,True,True,36,0,0,0,
275,b2007414800aa958ea3eefbaaaadf4543067cae7c981855f118f708731462fd0,7,6,block_decomposition,generic_planar_three_color_yes,3,3,True,True,350,8,4,4,
276,f6ebb40b40d9e34b850bd1f2d39495f3b83a7771b8a9e3920a767eedd1d5a139,7,6,bipartite,bipartite,2,2,True,True,30,0,0,0,
277,a5ec251f8077663dfd2a664c804da3e0547540f02e6c91732fcae330a4b5288b,7,6,block_decomposition,generic_planar_three_color_yes,3,3,True,True,481,8,4,4,
278,2e5a90c0a117bba1069e99c559afb4e462021585ce062e032855e629ad62314d,7,6,bipartite,bipartite,2,2,True,True,49,0,0,0,
279,2e6d1da99e6e0d63d46a98b64a41f93537269077eee78219c52a877f3a90fe18,7,6,bipartite,bipartite,2,2,True,True,37,0,0,0,
280,1028e77ea951ad92f2802767f463efbeb8adbf9321c7662c58ae2aed6484e20d,7,6,bipartite,bipartite,2,2,True,True,17,0,0,0,
281,39fe0b856d948cf38a54be7a5496a044d9c0b02716f97b3fcd8cdbb6d0b5c3c6,7,6,bipartite,bipartite,2,2,True,True,47,0,0,0,
282,ba874701c0eb57a77521ce2339ed5e3c9675602f3357d2d0deef68f41cb50305,7,6,block_decomposition,generic_planar_three_color_yes,3,3,True,True,185,8,4,4,
283,258e2aa39edfcd76857bdbc8c487c4276eca4614da40bc176d125123c9eb58ee,7,6,block_decomposition,generic_planar_three_color_yes,3,3,True,True,323,8,4,4,
284,09eca8a644b6a0bd99f2c069e435c4cbe6e4c5c82a3b93b0ded97e9aa0988422,7,6,bipartite,bipartite,2,2,True,True,46,0,0,0,
285,e467877fc44e318fd400b2cdc2e46ead089998aec39d6c5653872842c9f3b9b1,7,6,block_decomposition,generic_planar_three_color_yes,3,3,True,True,314,8,4,4,
286,cfc374e1136cf8f718e8ac543b29c1030e80fc658c2ff3ba35ad39edf3d867c3,7,6,bipartite,bipartite,2,2,True,True,45,0,0,0,
287,409edf8f2e23b12e7233bb92c246ba7d85961d733d74108e6fa508c2c47ea14d,7,6,block_decomposition,generic_planar_three_color_yes,3,3,True,True,341,8,4,4,
288,2c58cd49b107cac3898627cdc9bd2bcbd9be498e7a2676e0c56c2e0433bcf296,7,6,bipartite,bipartite,2,2,True,True,48,0,0,0,
289,d00d63d7ac7b4d0440f9f4b8f0e6473b3abf10360d640ecca66737bbe40254bd,7,6,block_decomposition,triangle_free_non_bipartite,3,3,True,True,355,8,6,2,
290,5be6e22ed76ddc6c52961603cb7074c49a257f39617cb4c84bf35db667df947a,7,7,block_decomposition,generic_planar_three_color_no,4,4,True,True,1995,12,5,7,
291,71c0b280dcb4de03d440c35656b4525d5f8d04423f1ff564445b82ee20d401c2,7,7,block_decomposition,generic_planar_three_color_yes,3,3,True,True,153,8,6,2,
292,cf17cea1b6bf4a38b6d34e5207a221fbd849fa69be734f76deb96bffd8c182e7,7,7,block_decomposition,generic_planar_three_color_yes,3,3,True,True,489,8,6,2,
293,49cf498ad684b65ac0a6252293d8692149106b57a501211ce03645d957bbeb95,7,7,block_decomposition,generic_planar_three_color_yes,3,3,True,True,477,8,6,2,
294,c1f2d8b0719444abb8e57389a1b0d9a91bf0c9a36980fc9c427b28651385cf92,7,7,block_decomposition,generic_planar_three_color_yes,3,3,True,True,219,8,5,3,
295,61616f142f163cd63f701c12aa49becfc09324935ba026f15245c4e29c5ac4ff,7,7,block_decomposition,generic_planar_three_color_yes,3,3,True,True,382,8,5,3,
296,aac1fd4437b88982d84112b3065d99225a12e70a96a63fdc20589284d5623a54,7,7,block_decomposition,generic_planar_three_color_yes,3,3,True,True,409,8,5,3,
297,c372693759762458058219b4d6fdc91331f3e4733d8b6628f83a24dcc7f7dea9,7,7,block_decomposition,generic_planar_three_color_yes,3,3,True,True,115,8,5,3,
298,3a5db71ec2c6b8af8cbaa907efab93814547cebc9ce8e68d9241812cfdc0bf41,7,7,block_decomposition,generic_planar_three_color_yes,3,3,True,True,381,8,5,3,
299,723e2e9907cf32fd6b31819b33d0b91c75180b5d5147ae793ae138a4952676ae,7,7,block_decomposition,generic_planar_three_color_no,4,4,True,True,1996,12,5,7,
300,67d31cf4b5c69e58b5931fc36c8470497f4bd930a187315fb92bfacdbfadaf67,7,7,block_decomposition,generic_planar_three_color_yes,3,3,True,True,155,8,8,0,
301,cdf75cb1a8f5aa61dfe9023a444c923df2ed203bbd60265303d35f82a7fbe4bd,7,7,block_decomposition,generic_planar_three_color_yes,3,3,True,True,480,8,6,2,
302,fc5741308aa98efd19715812ccc29d397442228aad2a934c59f18b802fd876ab,7,7,block_decomposition,generic_planar_three_color_yes,3,3,True,True,110,8,8,0,
303,30b1c9c382da195d9cdbab8eb9e68c66941ccf254ef634261642643d3c10d415,7,7,block_decomposition,generic_planar_three_color_yes,3,3,True,True,220,8,5,3,
304,ce5b061e8c09321c76ba0bb2b66c1448df073f1179b07cbbb4e1d7a65965f67f,7,7,bipartite,bipartite,2,2,True,True,20,0,0,0,
305,c35fde013a646fdc8acaf206c86923f3bd694123aa34ba47fd560b8819734cf6,7,7,block_decomposition,generic_planar_three_color_yes,3,3,True,True,483,8,6,2,
306,c64e293078f5570399796eab5335bf540cdc14efe00a23b6ff0ed6250d015948,7,7,block_decomposition,generic_planar_three_color_yes,3,3,True,True,480,8,6,2,
307,c8c73aff240817b431907aa8e525f7fa29b7606406911a9d8bf988f0463a6216,7,7,block_decomposition,generic_planar_three_color_yes,3,3,True,True,118,8,5,3,
308,f23db804c6d32ea75b98110cb50535aad13004728bc2fc8735644e29cab51fb5,7,7,bipartite,bipartite,2,2,True,True,28,0,0,0,
309,f1cfa398cdf6cde80ab18ccd7f98b923ee86fb38072ba8ab41575d0e2630581d,7,7,block_decomposition,generic_planar_three_color_yes,3,3,True,True,195,8,4,4,
310,4f0acb342e7a21550d596bf7527f124b92724bf28597ac230be6edbb318c6549,7,7,block_decomposition,generic_planar_three_color_yes,3,3,True,True,354,8,7,1,
311,c1442b5384d4cec0fea993417d326b99ded3537abccf932745f82d1ebdf7357f,7,7,block_decomposition,triangle_free_non_bipartite,3,3,True,True,152,8,7,1,
312,6ab355ad4cfe5a21455beb6f260c3831091c3de909d34be275571d3c7bea84e4,7,7,bipartite,bipartite,2,2,True,True,23,0,0,0,
313,8a9731cbac7e5b53d93ca871be261d48466315b0ec3d376aa04d594e4d02e304,7,7,block_decomposition,generic_planar_three_color_yes,3,3,True,True,194,8,8,0,
314,9691b67f8f995b6e83d22ce809d35167c5f78e81615aeb6edabcf3ef03e61b06,7,7,block_decomposition,generic_planar_three_color_yes,3,3,True,True,431,8,4,4,
315,c69b4306d945986bd0e7b35f9a22d3d25ce502fdf3c8efb3107c1981ec544024,7,7,block_decomposition,generic_planar_three_color_yes,3,3,True,True,196,8,4,4,
316,479e0ecbfa784bb0e21e982649e3aaa4dc9f270be9d26859c81dd72d32e42080,7,7,block_decomposition,generic_planar_three_color_yes,3,3,True,True,71,8,4,4,
317,5059f425d186da15617b5d3e72a31d30f8cd1dbdc2e4bd96e667b6884298fceb,7,7,block_decomposition,generic_planar_three_color_yes,3,3,True,True,355,8,4,4,
318,48d478b9bffbf0290493357bf9b68401812eaa172f7d8d15067fd2dfe88a3266,7,7,block_decomposition,generic_planar_three_color_yes,3,3,True,True,350,8,4,4,
319,b732c940f21d4f9a18ffb70c1d36badd14ab27594592b857c78b8c40d7014665,7,7,bipartite,bipartite,2,2,True,True,33,0,0,0,
320,4f185cbbb4698bcae856989d2826635d2adc9755cc8767d680bb71755598366e,7,7,block_decomposition,generic_planar_three_color_yes,3,3,True,True,354,8,4,4,
321,6de5e38af64a84bcc32f110767bb266669336aa0569da7dcfb48b90605a1fdab,7,7,block_decomposition,generic_planar_three_color_yes,3,3,True,True,354,8,4,4,
322,5ac25c441a9fa376c029b9dc7b7b15599c52701d82ae4f539fc0357e777a7c39,7,7,bipartite,bipartite,2,2,True,True,44,0,0,0,
323,cf691b3f4430710475eb2d8dfc9bc068f967d7738fe39ebdb24e02f497c703ca,7,7,block_decomposition,generic_planar_three_color_yes,3,3,True,True,382,8,5,3,
324,74749fcc2e9e56d3c7c36e1da632c546881e27ec965ca1cbb007f994004e340e,7,7,block_decomposition,generic_planar_three_color_yes,3,3,True,True,323,8,4,4,
325,0474fce61849ed4f7a3fe66a823daec72ceaddaa1438fe28c629d7505f98860f,7,7,bipartite,bipartite,2,2,True,True,50,0,0,0,
326,027068d56d845a4a4733a20cc086778e843e52d515f0c1c5155914e8cec9ae8f,7,7,block_decomposition,generic_planar_three_color_yes,3,3,True,True,314,8,4,4,
327,cd1f7714651fc4cb4879de8e6ffc48d739ef434d881c38c9a52640e3c8eef955,7,7,bipartite,bipartite,2,2,True,True,30,0,0,0,
328,74a5bf666a9a3f4bcea58aebdf184aa54ecf3a2d785011b3ba8dbe22a9aa2e78,7,7,block_decomposition,generic_planar_three_color_yes,3,3,True,True,314,8,4,4,
329,3a72b33c6ae9207ada50769ea88304a8405c8770dfae8d7195e620578f366cf2,7,7,block_decomposition,generic_planar_three_color_yes,3,3,True,True,358,8,4,4,
330,c427045290f7996e4682d836adc7b78eee36dfcc3a89bac4ecb3cded2adde52a,7,7,block_decomposition,generic_planar_three_color_yes,3,3,True,True,193,8,5,3,
331,30c7e76bec660caab739dada31a1864d0e04183c115c405fc0fb2bd93c983225,7,7,block_decomposition,generic_planar_three_color_yes,3,3,True,True,412,8,4,4,
332,178b160dee8d73df889512cca495aeee6aae1bbe3fd26c0d672f01f0e6ee3267,7,7,bipartite,bipartite,2,2,True,True,31,0,0,0,
333,e62cefafa046442814d67930682cc9ef3df9add4192d581e14b851d36a6f72d4,7,7,block_decomposition,generic_planar_three_color_yes,3,3,True,True,411,8,4,4,
334,26dca75644ffe48cf4865dc9c3b9ca3ea66ea7655237c2a3b65b099d5e23c298,7,7,block_decomposition,triangle_free_non_bipartite,3,3,True,True,404,8,6,2,
335,08472dd764b9866229440d7c5415f2df9ba28edecb6614b8f94d85b019e1a886,7,7,block_decomposition,generic_planar_three_color_yes,3,3,True,True,355,8,8,0,
336,5c5b79530a164fe1e7ca78b9f75f27f86a26aa0f3a356cae96010984c15f5599,7,7,block_decomposition,generic_planar_three_color_yes,3,3,True,True,354,8,4,4,
337,365030ac632ce91ff89de78fe5317e0476fd0abdf7f43f99fe78ec3d93f753d6,7,7,bipartite,bipartite,2,2,True,True,43,0,0,0,
338,80faa735f09e8c021134d31e3a0c04a08798b636cc259881ecef49ebb41e2bc8,7,7,block_decomposition,generic_planar_three_color_yes,3,3,True,True,355,8,4,4,
339,d64a6d2bf6b3186619bc74541369e81fb7c46cf82dc8691e300fea977d14ad78,7,7,block_decomposition,generic_planar_three_color_yes,3,3,True,True,185,8,4,4,
340,12205e909b716185b99707d293a3a78af2ae6973b843f177b9d01399f8742024,7,7,block_decomposition,triangle_free_non_bipartite,3,3,True,True,351,8,6,2,
341,79e3e388cff197f542654f84f58dff9f348d5b2b6a30ded2b89e29b9a31a5b0d,7,7,bipartite,bipartite,2,2,True,True,53,0,0,0,
342,e66d3ea5bf97967fe9efd2533ef5c6c7687440c098b148129fc42de26657d9ce,7,7,block_decomposition,triangle_free_non_bipartite,3,3,True,True,152,8,6,2,
343,52edc4801d556eb5d90490845929aa75e0d85f5c853c8c9049b59bfe083e2273,7,7,block_decomposition,generic_planar_three_color_yes,3,3,True,True,350,8,4,4,
344,0d9df6b4190e0f4beb86ef6bd24a05c4c06d64c4a7e8c2b9a0550b5beca54474,7,7,bipartite,bipartite,2,2,True,True,30,0,0,0,
345,6bda8d4a247cce16e57b21ce369582697720e937fa62f044f39c5619fd6d2b53,7,7,block_decomposition,generic_planar_three_color_yes,3,3,True,True,331,8,6,2,
346,b92b74b69d90b0af8de938f4cbbffcbd3d992e9908caed3299216e006cd36401,7,7,block_decomposition,generic_planar_three_color_yes,3,3,True,True,385,8,5,3,
347,dc81a8e258482014e68b249655c2c76c9c8d8b83a45f80b730f00b976fe149f4,7,7,bipartite,bipartite,2,2,True,True,15,0,0,0,
348,55d8ae98b44694f2e904188987df8bba21375c2d7024203ccf6bc7897946d3f7,7,7,bipartite,bipartite,2,2,True,True,30,0,0,0,
349,346110bdac502c298b63ef87fd268cd83d742f9777f1ab6346cc06515be3b3b8,7,7,block_decomposition,generic_planar_three_color_yes,3,3,True,True,194,8,4,4,
350,8ac1c3fb8f10adf467bd39315e6c0b5dd3ad2b50f3b2232896828ef3a8bc38c7,7,7,bipartite,bipartite,2,2,True,True,32,0,0,0,
351,ca5437f0eacbf9b278ca85a6566533ad77c25cb6b600abb6ef27c99077b38d16,7,7,block_decomposition,triangle_free_non_bipartite,3,3,True,True,161,8,6,2,
352,a17d41e84e4368f2076cd2931ea83007bca91edd77aa6038fac5021995035abd,7,7,block_decomposition,generic_planar_three_color_yes,3,3,True,True,194,8,8,0,
353,1d519c459a18d8918c74342c2d3a404a16593f9a7ab7cb9299752db8261a9a5b,7,7,triangle_free_non_bipartite,triangle_free_non_bipartite,3,3,True,True,341,8,8,0,
354,47c9f12170a1cf703f599fe7d0446416594ea181b72a12c24e7d4463d9152b1e,7,7,block_decomposition,generic_planar_three_color_yes,3,3,True,True,357,8,4,4,
355,b59e366b0302561c73e79554bdf3cd22c8c614ce67efe409e6c9e5e68d256eb2,7,8,block_decomposition,generic_planar_three_color_no,4,4,True,True,1863,12,10,2,
356,1d2d7408434b1a0a5513c03c2d221ddba7b01b454245427d4360e62fe9fcc6a8,7,8,block_decomposition,generic_planar_three_color_yes,3,3,True,True,492,8,6,2,
357,41e61fe0d24fd2bb51b5c307fdfc48e65db061744cc07f170d13e22ff0eceeaf,7,8,block_decomposition,generic_planar_three_color_no,4,4,True,True,1995,12,5,7,
358,40a676053460fd084d1201dcec79e70d00bb399c0a1718929764785fda1ef489,7,8,block_decomposition,generic_planar_three_color_no,4,4,True,True,1095,12,5,7,
359,ba4e748087a78aa9f13c208b1675456dc67c42f66073e3ffb17d63fa9f5fdfc0,7,8,block_decomposition,generic_planar_three_color_yes,3,3,True,True,327,8,6,2,
360,c247f5d5b9b6de8d1b73326bdf92d1b944b5528ad467cbda5805139743e3d799,7,8,block_decomposition,generic_planar_three_color_yes,3,3,True,True,217,8,6,2,
361,d0180d2cbbc577ae8ed5cc4ded9ffc79a3579de100a789be8212194c56ecc05b,7,8,block_decomposition,generic_planar_three_color_yes,3,3,True,True,492,8,6,2,
362,ab49723a2304ea95e212ac8673ed3651e30012029b571c204dd8cfaaf4e369e8,7,8,block_decomposition,generic_planar_three_color_yes,3,3,True,True,375,8,6,2,
363,7b439db4ad73025744ff473388318ef928c71625e44fc5965f8e536ca5d480b2,7,8,block_decomposition,generic_planar_three_color_yes,3,3,True,True,208,8,6,2,
364,b222261ce9ba5e29b2cf62e95700f02a61686d3624eb0896ff0353483c328ff9,7,8,block_decomposition,generic_planar_three_color_yes,3,3,True,True,333,8,6,2,
365,178f229c80e7e10c74afa051379b5b4197491b6e79fff9952de9a3cda2498671,7,8,block_decomposition,generic_planar_three_color_yes,3,3,True,True,171,8,6,2,
366,4790ad756b30907fa2a61a9f8ddaaf7ad309d8dce6bc5797d52fa93460663481,7,8,block_decomposition,generic_planar_three_color_no,4,4,True,True,1999,12,5,7,
367,8eeb2c06975cf62efad67f44243a9600f1969ef4deb8b4e658afb2d20fcc3575,7,8,block_decomposition,generic_planar_three_color_yes,3,3,True,True,198,8,6,2,
368,befd19712267f53a44dcfcab76a13cf93d2288299d81ebf849c2253eee60de9b,7,8,block_decomposition,generic_planar_three_color_yes,3,3,True,True,221,8,9,-1,
369,20c84025c0364f12b7a795e2b4349df82b7a4057ec453f93e293cb8b411200a7,7,8,block_decomposition,generic_planar_three_color_yes,3,3,True,True,154,8,7,1,
370,cf44017d9622b56943db7450eaec9a7be8a1f5130294c0fe7816b32a811db822,7,8,bipartite,bipartite,2,2,True,True,8,0,0,0,
371,1d3018d8843bab2923e61947252c9eb69346e320c5f23dac6a2ec6d6a43cb486,7,8,block_decomposition,generic_planar_three_color_yes,3,3,True,True,163,8,7,1,
372,c9d070803dd4124cac9cba98b4121449c5d9f85c81a2061dda8d9a052da620c4,7,8,block_decomposition,generic_planar_three_color_yes,3,3,True,True,110,8,7,1,
373,9e28c61037b77d2f6f6019ce4f870d1cf36d5a79c00e897a63b79353638a0794,7,8,block_decomposition,generic_planar_three_color_yes,3,3,True,True,108,8,7,1,
374,e6d59d8e6aa2eaa0f406dbedc4b9bd5d54f767a3d7158d7a98d2818a6cff0a33,7,8,block_decomposition,generic_planar_three_color_yes,3,3,True,True,116,8,9,-1,
375,0f706658ecaf2201be18dd54aaccca2e4bf3416ef2afd4c64a22c1bca06fedb2,7,8,block_decomposition,generic_planar_three_color_yes,3,3,True,True,368,8,7,1,
376,8b0dfc575a6377cf5d645ab2432327e32cb0de77341ccfc9d45b91e7eb930ec6,7,8,block_decomposition,generic_planar_three_color_yes,3,3,True,True,220,8,7,1,
377,b6fe5be4eff0ddf6b15b43f8f5e8151f5fd61627da2166b63ce0e9c0883718cc,7,8,block_decomposition,generic_planar_three_color_yes,3,3,True,True,378,8,7,1,
378,8bdfea50774255acd5f6a125771d643be508500ef0adb9fd9f9382f8d7e05f80,7,8,bipartite,bipartite,2,2,True,True,37,0,0,0,
379,e98919a098dcccc19e0bb5212b73003c07d62ce2caf73774af152a9d0a315242,7,8,block_decomposition,generic_planar_three_color_yes,3,3,True,True,381,8,5,3,
380,a5ceb04e87adae628f6a72b3cabe104a59d76924eda99bd6b2f61b76516d5a9b,7,8,block_decomposition,generic_planar_three_color_yes,3,3,True,True,462,8,5,3,
381,c4863bd072963e520dc3eed0024a9a87388f38c02bffbb17c58f971aae952ef3,7,8,block_decomposition,generic_planar_three_color_yes,3,3,True,True,381,8,5,3,
382,db12d4e496ed80cc3be9f5544fa8b8916a942e0edc6bc6c0835e568258ae7e4d,7,8,block_decomposition,generic_planar_three_color_yes,3,3,True,True,196,8,5,3,
383,46c3c3b36a9113fd7c09c7f9cad50356760167e906d3d134ee16ca31e9053651,7,8,block_decomposition,generic_planar_three_color_yes,3,3,True,True,202,8,5,3,
384,8f6f719d0c4ac9e9bfb808d5de33584a7a702d353d20a5d7feefb83cfebde79f,7,8,block_decomposition,generic_planar_three_color_yes,3,3,True,True,115,8,5,3,
385,bae240f65e2725559e7913e58b56ec435f350bc334bacc5f5c81ea3c7293e89f,7,8,block_decomposition,generic_planar_three_color_yes,3,3,True,True,180,8,5,3,
386,f55c5598caf64056273ae5adfdc7c92f4cbe65dbb5c6e3d5f99aea49d0eca036,7,8,block_decomposition,generic_planar_three_color_yes,3,3,True,True,372,8,5,3,
387,0d1b6f2e9420f1dca34d382313e88e1377dbfd4765f2302bd0050164af325578,7,8,block_decomposition,generic_planar_three_color_no,4,4,True,True,1996,12,5,7,
388,1235237a6345ad470e7bacd74300d23f9ae7621c15c49e5d3b7f8fb4908e3570,7,8,block_decomposition,generic_planar_three_color_yes,3,3,True,True,338,8,8,0,
389,61c0e010878d7edce9b467f371ca1ca7e8cc413e6b1b42eb31901fb6112d7601,7,8,block_decomposition,generic_planar_three_color_yes,3,3,True,True,152,8,8,0,
390,4f2d78344d73e44196042b76eee73d9031e75e00fa61163825d69d5fb14d47eb,7,8,block_decomposition,generic_planar_three_color_yes,3,3,True,True,338,8,6,2,
391,3d6df65c93264f8e7df2bec4efdc00037efb7efdb1a9d35d983d153eb12f7163,7,8,block_decomposition,generic_planar_three_color_yes,3,3,True,True,387,8,5,3,
392,ddc27f5bf8de60b3a10beeb760aee3a478b2615ce3303faeecc9936d1ce3554d,7,8,bipartite,bipartite,2,2,True,True,49,0,0,0,
393,41ee570a5699e00ba6ffc8380c3c87a0bd29bb4bfd71d8e6ca0b3c300e927f71,7,8,block_decomposition,generic_planar_three_color_yes,3,3,True,True,154,8,6,2,
394,a241fca6e7121da0046b5560b6189389623ca504de9ff150cc9579ed10016109,7,8,block_decomposition,generic_planar_three_color_yes,3,3,True,True,344,8,5,3,
395,4e5653580c90f9e61ffec93728e9c42bc2128e156a6100142758ec7224401afd,7,8,block_decomposition,generic_planar_three_color_yes,3,3,True,True,385,8,8,0,
396,b78a23b3a87554344c77e6e59ba517b05cc2feb08d44452c9a704808676c609a,7,8,bipartite,bipartite,2,2,True,True,14,0,0,0,
397,0cad4a3a0a63eb807fd28b9945690b85c498b3b5129ffbe8a2917611fc119c6a,7,8,block_decomposition,generic_planar_three_color_yes,3,3,True,True,328,8,6,2,
398,6459d5b8f770663c738a73fea884b1a3cb094d7f6b44f1eb55578c5be8da1334,7,8,block_decomposition,generic_planar_three_color_yes,3,3,True,True,492,8,6,2,
399,2a0c5bf656cc8cda0ec4acf60329282ff6c6e591781633c19affa58f34936c04,7,8,block_decomposition,generic_planar_three_color_yes,3,3,True,True,383,8,5,3,
400,272966c790a35e2d208ddac0c68563dcd512701c12c65995ede58661c4e8b667,7,8,block_decomposition,generic_planar_three_color_yes,3,3,True,True,384,8,5,3,
401,9193a65d1785889161dbba4f792b50c7a8e6f0e63a4c698213d70d015c4a3c93,7,8,block_decomposition,generic_planar_three_color_yes,3,3,True,True,489,8,6,2,
402,8a0c3fff47cc062bbf3769e52cd657e66c667409929410b1ba115dca1801fa06,7,8,block_decomposition,generic_planar_three_color_yes,3,3,True,True,492,8,6,2,
403,6435e17c63f99b23e6d3932ff23c81471160514e0d2b03293c63acbd390832ed,7,8,block_decomposition,generic_planar_three_color_yes,3,3,True,True,115,8,5,3,
404,b4f8b0e39b0be547aaea4be313f149c52eb5360c98a937984be9c58a64177f0a,7,8,block_decomposition,generic_planar_three_color_yes,3,3,True,True,486,8,8,0,
405,b1ee08e6d97226b7357876d91ed47a2e83172162dad7fe5aceb516dd95f3722d,7,8,bipartite,bipartite,2,2,True,True,15,0,0,0,
406,f12882e85b76a5760c627027b5a159b1cbc72d34ee65a266cc7eac67f9aa495e,7,8,block_decomposition,generic_planar_three_color_yes,3,3,True,True,358,8,6,2,
407,91c424f505d5e2af8003a0fe0e3951297dc4e3e2cdaa3dff2ef9a6f82e97a4c8,7,8,block_decomposition,generic_planar_three_color_yes,3,3,True,True,341,8,6,2,
408,3274d81916d5290201e8c3de63f3f6c7a096df8590c102fc09c68704a8a8809c,7,8,block_decomposition,generic_planar_three_color_yes,3,3,True,True,385,8,5,3,
409,ac3f3166172f81f343a407211884ad95fa8141f7a55199bf04761652f68520ed,7,8,block_decomposition,generic_planar_three_color_yes,3,3,True,True,341,8,8,0,
410,85f24e8d0ee8c04c563e237c63f90a8971cca6de9d3f3bff9ecb9c8ffee021b1,7,8,block_decomposition,generic_planar_three_color_yes,3,3,True,True,406,8,6,2,
411,f1cbf291898a4ea3c3aebcdb6ea7d45020e64848822081c859ba755ef5c80d62,7,8,bipartite,bipartite,2,2,True,True,17,0,0,0,
412,48b83b7ccf8056e5fc2a05cd4b17d12562442f3ccf72fb007eedc18ae8a48789,7,8,block_decomposition,generic_planar_three_color_yes,3,3,True,True,367,8,6,2,
413,4a4cf7d0f9defb23312822b2fa4d4a77e7944327d5177e50fdf1e8a83d83ee02,7,8,block_decomposition,generic_planar_three_color_yes,3,3,True,True,401,8,5,3,
414,ad23ba6c0d7ab65399f27aa5d3309c0a706f788bf211ca56425efb712e5962cf,7,8,block_decomposition,generic_planar_three_color_yes,3,3,True,True,357,8,6,2,
415,c28c543b7a4ca66042a287b96e55b41466a3068b4f3b74fd5913c8e660970515,7,8,block_decomposition,generic_planar_three_color_yes,3,3,True,True,192,8,5,3,
416,a76c04c845f81cd39510e7abd1d42c28846d4f310aafe6e990e239f58d09181a,7,8,bipartite,bipartite,2,2,True,True,17,0,0,0,
417,a5ce8049c8b1d0a8da764ac4ce6f973222b48f55d09952cfdd7b80b3016cc475,7,8,block_decomposition,generic_planar_three_color_yes,3,3,True,True,382,8,6,2,
418,4fdd3cd5ffe029ec49e1bc3caa5372f4a1f3bfb5bf75317fd5e407dc24208f0d,7,8,block_decomposition,generic_planar_three_color_no,4,4,True,True,1910,12,5,7,
419,7a7c4a698f4d64082b58d2190f77da63ef1822ea04ade005c667cdfa0e5124db,7,8,block_decomposition,generic_planar_three_color_yes,3,3,True,True,221,8,4,4,
420,667eccb403892a420f34f971343fbb69b7b2304737f7972db8e4ed9939a5f9d9,7,8,block_decomposition,generic_planar_three_color_yes,3,3,True,True,487,8,8,0,
421,e72334d34c540baf8ded8686573b9f8da3c3612d4de257e8487aee1403c91742,7,8,block_decomposition,generic_planar_three_color_yes,3,3,True,True,474,8,7,1,
422,e91fc1564db5d5f51dbb1e91fbca3f1b5eb641b26b81a65953332bdc88d65efe,7,8,block_decomposition,generic_planar_three_color_yes,3,3,True,True,491,8,6,2,
423,10ee7882a4612d436d246a327710b8d5363438bd303cd349c1953ec95b8ca3d2,7,8,block_decomposition,generic_planar_three_color_yes,3,3,True,True,344,8,5,3,
424,af3c51c33a33729bdb0552fce2081804605ca46ac6c27ad8bc77dbb33c86ed20,7,8,block_decomposition,generic_planar_three_color_yes,3,3,True,True,194,8,8,0,
425,ebb01121bfa158c2b712f8bdc79608d83706809190208e7f097a83bba1bc04e1,7,8,block_decomposition,generic_planar_three_color_yes,3,3,True,True,423,8,4,4,
426,a789936713aab8b1a98322b405c904de3f1c390e4c71c46edb3270dc7f0ebb52,7,8,block_decomposition,generic_planar_three_color_yes,3,3,True,True,331,8,4,4,
427,231910cd67aefeba012c3ce9554501b711875a81a3dd56cf0ce8aa2794ed4fc4,7,8,bipartite,bipartite,2,2,True,True,43,0,0,0,
428,7c48538b7b32d1ea7e1b72fb079406138cb8a601297dee139bf0360020419847,7,8,block_decomposition,triangle_free_non_bipartite,3,3,True,True,344,8,7,1,
429,717e8d3ea716291f891f41afc41e0716139d0f7c4c55694c4080ca8ffe6686e0,7,8,block_decomposition,generic_planar_three_color_yes,3,3,True,True,332,8,8,0,
430,1ee791f2a521adbf6204fc976b689ca4af5cdb1cafde518a1dd7ec03694cee12,7,8,block_decomposition,generic_planar_three_color_yes,3,3,True,True,197,8,4,4,
431,8c1d341ef168b99334936f47fcfdf1cbb31fe6a3c307758bc32f511f859176f6,7,8,bipartite,bipartite,2,2,True,True,15,0,0,0,
432,1be2b7ff02e64ee851bf09ebb17875d7c2b4fb2e059d6ed879df1154671a3aa2,7,8,block_decomposition,generic_planar_three_color_yes,3,3,True,True,332,8,6,2,
433,efd16db474ebf6b48c25c2bb7f5593faa246b8b8ac044fe20e02dbf63f703d23,7,8,block_decomposition,generic_planar_three_color_yes,3,3,True,True,475,8,7,1,
434,cf79235951a278ec4cb1a77be8df8ee7064b4e3e56014347686380ef63bac18e,7,8,bipartite,bipartite,2,2,True,True,24,0,0,0,
435,8c2f051ce85daa14a5021e76466629c1772089362db74ce25fb5385469188cf2,7,8,block_decomposition,generic_planar_three_color_yes,3,3,True,True,161,8,5,3,
436,4e34e62e18d4a6f63a420d3536730c62fb1f602dc1df4468820e39d2505a0d69,7,8,block_decomposition,generic_planar_three_color_yes,3,3,True,True,332,8,8,0,
437,d026bf7069d811689c1375e9de348f3a8f1698b28897c0528a874e74090168ba,7,8,block_decomposition,generic_planar_three_color_yes,3,3,True,True,343,8,7,1,
438,2931460c2de07e789f5aa4a1b0a3e6598529ebc19d42f90d4c3ccf7d4672cb6b,7,8,block_decomposition,generic_planar_three_color_yes,3,3,True,True,358,8,7,1,
439,4eb224ea76db0250bf4abfc6c0298e425419ef8bdcd10923ac420e95e06289b3,7,8,block_decomposition,generic_planar_three_color_yes,3,3,True,True,492,8,6,2,
440,8e427ead2e5263cc49344d56cd3b096aef3ccff16a0708b538b5bbdfb296d54c,7,8,block_decomposition,triangle_free_non_bipartite,3,3,True,True,170,8,7,1,
441,fa3731c80d2c9999d4e02351b55934b42c06c88c14d33e0128cc37e460a7ed38,7,8,block_decomposition,triangle_free_non_bipartite,3,3,True,True,205,8,7,1,
442,7cac67d9d6494bf5310b9f9a82bda8a18c160e752fe9b36cad4b65a0648ac904,7,8,bipartite,bipartite,2,2,True,True,16,0,0,0,
443,6cb136bbc000a1df13864e2b6885bca58c1db49c1dc532c6767f7a756058eacd,7,8,block_decomposition,generic_planar_three_color_yes,3,3,True,True,332,8,10,-2,
444,35867e7b438817ab4c27a0d8b939f06963e104ed51f3ab35c19afb3744d3a51c,7,8,bipartite,bipartite,2,2,True,True,56,0,0,0,
445,54302504febebd93bfafc777e3b1a354f9590ddd57fc4acf26964f8124a9b993,7,8,triangle_free_non_bipartite,triangle_free_non_bipartite,3,3,True,True,351,8,8,0,
446,a4284d6d5a3dacf02b79c39be81b0f8b30aa1aa0f49924507d78907f0929e032,7,8,generic_planar_three_color_yes,generic_planar_three_color_yes,3,3,True,True,341,8,8,0,
447,665222968f815c17dc274aa7fb7771cb037a4cd07c8a0bce3f2ed595db4290cd,7,8,block_decomposition,generic_planar_three_color_yes,3,3,True,True,185,8,4,4,
448,9726a2d010ca9da9e2e01403271eef798fca5d14ca6905baa87406d8871e46b7,7,8,bipartite,bipartite,2,2,True,True,44,0,0,0,
449,d72b4c3f48af647def4f87187d9403d6fdc6b400fa5b14038030cfbb2c48cfb5,7,8,triangle_free_non_bipartite,triangle_free_non_bipartite,3,3,True,True,341,8,8,0,
450,a647135e729302124329c7f45abd266dd7dbac4e14afc2bcd324a35b68be76d0,7,8,block_decomposition,generic_planar_three_color_yes,3,3,True,True,360,8,8,0,
451,6e0c62ed7f6c4b48076c2788f51d3a1d9d9acdc4063faad728e0a771c32773d0,7,8,block_decomposition,generic_planar_three_color_yes,3,3,True,True,386,8,9,-1,
452,261d105acd2846081b711d303133024e738325bf3ab4e1d3abee07b12f3af0a5,7,9,block_decomposition,generic_planar_three_color_no,4,4,True,True,1995,12,6,6,
453,08c3592952a1f00a6748777d7e241462c1e630dc9552d8556945f69a06d44314,7,9,block_decomposition,generic_planar_three_color_no,4,4,True,True,2523,12,10,2,
454,d3e0a43c4ddf5a148c05b1ab8aa8ee80c9177b0208a7833c7ce919f68e832940,7,9,block_decomposition,generic_planar_three_color_no,4,4,True,True,2539,12,10,2,
455,b49bb854c6f46b3c3e20d423cc0d567646347f0c795c22955a732de0511d3184,7,9,block_decomposition,generic_planar_three_color_yes,3,3,True,True,354,8,6,2,
456,a11cf58b01aefcde28d8940c6cf6a78847159735c0c6ac75d31a5672f28580e3,7,9,block_decomposition,generic_planar_three_color_yes,3,3,True,True,210,8,6,2,
457,49e925094de855ea4fe6704d4ddad6f421d9934ce4cbc0c01c443c48bb678975,7,9,block_decomposition,generic_planar_three_color_no,4,4,True,True,2535,12,10,2,
458,84249192688041a4ec45cbd6b3a1302e24ff55def8ea55771ddbea12f7357679,7,9,block_decomposition,generic_planar_three_color_yes,3,3,True,True,81,8,7,1,
459,1fde9ae2b19dff42170d4949848427c5b441b09c5716af1c09779e735536205d,7,9,block_decomposition,generic_planar_three_color_yes,3,3,True,True,519,8,7,1,
460,cb1d5be03e499460f4deac3e856bcbe6c34d7907e2410fbe2f11dd7c7b33ab6e,7,9,block_decomposition,generic_planar_three_color_yes,3,3,True,True,492,8,7,1,
461,a22d9cfbe15b8d25d1575f3a430d916d9b17742b60cf4df9b5ef6beff9ef534c,7,9,block_decomposition,generic_planar_three_color_yes,3,3,True,True,531,8,7,1,
462,5a45ac6189e74b0579722ef754df5029976df4eb9ea948742d08f6bb17e71dce,7,9,block_decomposition,generic_planar_three_color_no,4,4,True,True,2547,12,9,3,
463,7bfa5e463d5a370f547970cac3eb7a99d594fc2d8b3f6f10ef56787e90777176,7,9,block_decomposition,generic_planar_three_color_yes,3,3,True,True,360,8,7,1,
464,1eb5d5aa3a19f92d342307ea7e102d78d53b48bf61400d3f254f709444230320,7,9,block_decomposition,generic_planar_three_color_yes,3,3,True,True,216,8,7,1,
465,3583dbcb77e5a7b3404de98dba11d0ee358777ca334a2cbb0c1290eea139be40,7,9,block_decomposition,generic_planar_three_color_yes,3,3,True,True,204,8,7,1,
466,9b4f5053169d425aef9e0ffd3acefc6a1f93df70968c198a7f70f8af4e2b63dd,7,9,block_decomposition,generic_planar_three_color_no,4,4,True,True,2359,12,11,1,
467,425d3a33de28a67c75a17877e1d7e533edbd20554e96fef96dfc16641a3220c5,7,9,block_decomposition,generic_planar_three_color_yes,3,3,True,True,171,8,7,1,
468,5d1e1b15dedb890db38ddb887df4aa08f5d8da41195f5c84126fe9d798d3bac5,7,9,block_decomposition,generic_planar_three_color_yes,3,3,True,True,492,8,7,1,
469,4c2b1d637231a803c2a89399f654414e2d58fada6a8f102e1c56385fba23d447,7,9,block_decomposition,generic_planar_three_color_yes,3,3,True,True,360,8,7,1,
470,9f2f10ffd9c050d0e63f45b8c7605903aa2eacfd06954dc92efbb125dabf1060,7,9,block_decomposition,generic_planar_three_color_yes,3,3,True,True,357,8,7,1,
471,597f842e93945f006314fe6e54987c20eadb9ddb566025c8c37c51371461fb7c,7,9,block_decomposition,generic_planar_three_color_yes,3,3,True,True,450,8,7,1,
473,8b9db1139df5c82007d85161f8ef54cf5927e96b9a010f5fe8c86e3128396309,7,9,block_decomposition,generic_planar_three_color_no,4,4,True,True,2544,12,5,7,
474,8d8ff33cbe824807aad2fa0810bd5b493b980086b66a56daef0bb69357954960,7,9,block_decomposition,generic_planar_three_color_no,4,4,True,True,2543,12,5,7,
475,89a50cad70c8fcd1ea50456a7bf3b092a0f4c729fe17856382a20116b92eb490,7,9,block_decomposition,generic_planar_three_color_no,4,4,True,True,2539,12,5,7,
476,737f2cd9802c131030f967b4ce8474d4b6542861b6c23e4cc76f89c8f7a50436,7,9,block_decomposition,generic_planar_three_color_yes,3,3,True,True,471,8,6,2,
477,45266de645bbb117e01759bc72b84fee9d51c1b58a9c3be4ab3039eb7ad9add5,7,9,block_decomposition,generic_planar_three_color_yes,3,3,True,True,471,8,6,2,
478,84d47410b745ca5698b14533c166afe07a283b5304dc9adacea97912fcc8b281,7,9,block_decomposition,generic_planar_three_color_yes,3,3,True,True,489,8,6,2,
479,347c32acedd58ef464b0e1d3de45365637636c801899ac6243993975fc2da56d,7,9,block_decomposition,generic_planar_three_color_yes,3,3,True,True,489,8,6,2,
480,007136fb83ec5044efe28dc4b15d43d5d77f4317b60f0e41c6190f9c8ad93d26,7,9,block_decomposition,generic_planar_three_color_yes,3,3,True,True,480,8,6,2,
481,c34f12c64cc24ee1b30158bb8e442b97b24ce1bfcd53fb698b34aa3f1f75353e,7,9,block_decomposition,generic_planar_three_color_yes,3,3,True,True,489,8,6,2,
482,717d33bd3b5e9577f7bf54bbc2ae9ef4a6db43038a62b923561d93ea3ec6890e,7,9,block_decomposition,generic_planar_three_color_yes,3,3,True,True,490,8,6,2,
483,0d55e4682cd475fbb2d5179dce845536c5b1b556fce67dd323ca6ae0446b567a,7,9,block_decomposition,generic_planar_three_color_yes,3,3,True,True,481,8,6,2,
484,486bb21b9e062ef3656813bc29894e217f1f557be359ad7073b951d76737f724,7,9,block_decomposition,generic_planar_three_color_yes,3,3,True,True,492,8,6,2,
485,6814100412068c1adf81c3abf3755ee26cdb83ea3e300a401d15fd05de72e212,7,9,block_decomposition,generic_planar_three_color_yes,3,3,True,True,162,8,6,2,
486,4cd8e4406d1bf1619e2180e974d39caead1ed771a07fc4b0df8c87fda6cef22a,7,9,block_decomposition,generic_planar_three_color_yes,3,3,True,True,454,8,6,2,
487,ba2fbac73779584ccbdf61ddad1ba22732ed433bfc25007f663284dffd0126ad,7,9,block_decomposition,generic_planar_three_color_no,4,4,True,True,2543,12,5,7,
488,bb290d83d9a8172d68db027aa35fe70addcdc76cdf29691d922e5023cfce6093,7,9,block_decomposition,generic_planar_three_color_yes,3,3,True,True,492,8,6,2,
489,051f8ebee50662dc1e195435dbca6c228bb7371ab47ff4c1cd15db5ec1ebcf03,7,9,block_decomposition,generic_planar_three_color_yes,3,3,True,True,489,8,6,2,
490,d260aab33fb0ccba9ff317920a1bf0e9ef0031c00d4b7c7215e5d585925ad1bc,7,9,block_decomposition,generic_planar_three_color_yes,3,3,True,True,162,8,6,2,
491,f8907f479ec0e03a1aef0eb94f8902565a1d4f6e899fdf206f8740479ab503c2,7,9,block_decomposition,generic_planar_three_color_no,4,4,True,True,2540,12,5,7,
492,61da980586395e13344d0fbcc18c2d6dec1e3ee20c0f976544fa7a86f30721e2,7,9,block_decomposition,generic_planar_three_color_yes,3,3,True,True,493,8,6,2,
493,8b29576a53cfc1229cbb594281e6934e682a254607b8065555395a8e581ef7f3,7,9,block_decomposition,generic_planar_three_color_yes,3,3,True,True,354,8,6,2,
494,11f86d012ac5e9d48b3e850ad0258fc6dcba6f3047abd0a95759e837d3194242,7,9,block_decomposition,generic_planar_three_color_yes,3,3,True,True,481,8,6,2,
495,b147d177373ffeff8a09a0c72a55a4bc9f1cb2aaf5ce08a8bb90072f307e1967,7,9,block_decomposition,generic_planar_three_color_yes,3,3,True,True,162,8,6,2,
496,08337c44d8bc70a9a3057fdea2faf6b2b14a184b56bf5ec46832d76fb4650133,7,9,block_decomposition,generic_planar_three_color_no,4,4,True,True,2524,12,10,2,
497,95a32cdfd1b637caaea6f25f2b6f167bec83aff1bdfd9277a93974f616663999,7,9,block_decomposition,generic_planar_three_color_yes,3,3,True,True,492,8,6,2,
498,09f96cf705f66c3946e06150aa1b78ae56c227ed1f2654fb9fd083344cf96729,7,9,block_decomposition,generic_planar_three_color_yes,3,3,True,True,454,8,6,2,
499,b8622742a27dc000773d98dfb31f0f027cff195a16831227a002bed6ca8a1890,7,9,block_decomposition,generic_planar_three_color_yes,3,3,True,True,450,8,6,2,
500,b801980b4ee1e2227c6d5657d6d45726342eb209c2c97c99535149d5d9f2a2ba,7,9,block_decomposition,generic_planar_three_color_yes,3,3,True,True,406,8,6,2,
501,7dd260eefdce7a297e640f5ad615cb0c77a35df688c44bee21e2d2345b8d0c15,7,9,block_decomposition,generic_planar_three_color_no,4,4,True,True,2527,12,5,7,
502,39b34b75ff4ce879ad41ff204cd5e5eeedd2d19937736eef0a015aac27ed00da,7,9,block_decomposition,generic_planar_three_color_yes,3,3,True,True,355,8,6,2,
503,a9aca6897bdf4d54c444e94a8731613a94c6711dd5505b18ceed53c490dbfa04,7,9,block_decomposition,generic_planar_three_color_yes,3,3,True,True,114,8,9,-1,
504,28922e166d6070e79183d5808d51797ed2ef23a89e12b0f43d125b9e9cc6fa97,7,9,block_decomposition,generic_planar_three_color_yes,3,3,True,True,484,8,7,1,
505,957740cbe754356f5fd2a18a49d3cbefe82a16f13e7dcaa0b3bd91efd988c9fd,7,9,block_decomposition,generic_planar_three_color_yes,3,3,True,True,114,8,9,-1,
506,06f28435ca589a5c0d8b9f0db9937bd7f66e738c7f42f5a7409e8c6b4f647a5d,7,9,block_decomposition,generic_planar_three_color_yes,3,3,True,True,472,8,6,2,
507,8ffaa9fdca572d62258d9ec5c356acba9e2c49ad679b65c1e20de90c9f1da253,7,9,bipartite,bipartite,2,2,True,True,8,0,0,0,
508,d1268a62e8fbb97fbe3ef203538ec1d3248e0927288250819b467b3a11127fe2,7,9,block_decomposition,generic_planar_three_color_yes,3,3,True,True,358,8,7,1,
509,bf40f50c22a38c54911fa699caa59415f7961def8b80d8396c2e85b35a79daaa,7,9,block_decomposition,generic_planar_three_color_yes,3,3,True,True,491,8,6,2,
510,e6f056d13e4318d716673acd8e5cd5965fb31913a42e14fbe6dcb286bc4a4067,7,9,block_decomposition,generic_planar_three_color_yes,3,3,True,True,115,8,9,-1,
511,c00dc550b53da61d2a2d916957c1206cd9649d8929730eb9cb32b2c06903a8b5,7,9,block_decomposition,generic_planar_three_color_yes,3,3,True,True,115,8,9,-1,
512,275b5aabafd59b04abee862c35d2ae8912982943d4ce2d7ebcfd293b0ae10453,7,9,block_decomposition,generic_planar_three_color_yes,3,3,True,True,476,8,7,1,
513,c14f4d1947a2e0fc8961e69a99d8d8402af58b2198c8d2c2eb3969b97115d4ad,7,9,block_decomposition,generic_planar_three_color_yes,3,3,True,True,358,8,7,1,
514,316fe22903d0f44b735f116c8c46bcd0e2f2524fb011c7b54883c90f660967ce,7,9,block_decomposition,generic_planar_three_color_yes,3,3,True,True,222,8,9,-1,
515,4995b180f658ba5243838fdd3dd605005c09ccd38da500130303c648e5975a53,7,9,block_decomposition,generic_planar_three_color_yes,3,3,True,True,490,8,6,2,
516,12261ce53bb2ae35ba0d949ac2ef228a607c195c016c84d9212b53d7e47b2dc1,7,9,block_decomposition,generic_planar_three_color_yes,3,3,True,True,357,8,7,1,
517,1bab47111a59f1f6d39d54b743effe5ce7dec06ebacba591a949dd01aab85f76,7,9,block_decomposition,generic_planar_three_color_yes,3,3,True,True,357,8,7,1,
518,bdfbabc66dad1d0ff4ee8d273a32cf34df5e717cfa0d3753b6a820ac9b94c091,7,9,block_decomposition,generic_planar_three_color_yes,3,3,True,True,485,8,7,1,
519,c5a6a1ccc65dfd61ad235d6ca9897d0f798714899b51c0ad09d30973dc49eb69,7,9,block_decomposition,generic_planar_three_color_yes,3,3,True,True,483,8,7,1,
520,2697ba72e31e2248319cd6b9161a5c9ca4039d67aab0494022bc167941fe124d,7,9,block_decomposition,generic_planar_three_color_yes,3,3,True,True,483,8,7,1,
521,283c84f59c2979a9162538dcf8a7f8d500c913bd140be842f7eac769b8ce0349,7,9,block_decomposition,generic_planar_three_color_yes,3,3,True,True,222,8,9,-1,
522,37c93ef771d42d4fedca97d317a24c586de7b66a79caf3f139d1782b7a6054d6,7,9,block_decomposition,generic_planar_three_color_yes,3,3,True,True,357,8,7,1,
523,efadf5fa4f39d060f9b68dd6b9a199a0f8e2e611c0638f8ab59b610842ed9e8f,7,9,block_decomposition,generic_planar_three_color_yes,3,3,True,True,358,8,7,1,
524,2c0f40ab7ed9fbeaf1ab029ca022a19b313e2253daf7370e3e1f597310a3c817,7,9,block_decomposition,generic_planar_three_color_yes,3,3,True,True,472,8,6,2,
525,0c2ec7aa6a3f5b1d612ca5db79b9e8969423d6ff2c3303a4cd74903f231eaaef,7,9,bipartite,bipartite,2,2,True,True,9,0,0,0,
526,7dd48ed116d1a56928f90b7d64144248cfd37e965b7d435ec2e3ead9de2139bf,7,9,block_decomposition,generic_planar_three_color_yes,3,3,True,True,492,8,6,2,
527,23bb21a89ec8bbe1456d932bb5d24429c223d4b1c93684ce1e1d94d41af8391d,7,9,block_decomposition,generic_planar_three_color_yes,3,3,True,True,357,8,7,1,
528,9a792e5732fc575c21caa42d926e83d5a00cd6ca580ecb46c9970032195ffa73,7,9,block_decomposition,generic_planar_three_color_yes,3,3,True,True,358,8,7,1,
529,d5a1d61c8643bf0833396e228b2759154509bd0d96d6c732803ae73d62727185,7,9,block_decomposition,generic_planar_three_color_yes,3,3,True,True,357,8,7,1,
530,9e32e90dbf90c1c30d106964988a40f68d19032527096086c864566bb6ca0dee,7,9,block_decomposition,generic_planar_three_color_yes,3,3,True,True,476,8,7,1,
531,63722981d3ce384da9bd3aeb4db7e9b5a7928165fea57d5e8f6027a44a41b9e3,7,9,block_decomposition,generic_planar_three_color_yes,3,3,True,True,354,8,7,1,
532,432916ae9917e0bc21801b2079b26fbae5afc2cae487827aaa39bb68cf78ac6d,7,9,block_decomposition,generic_planar_three_color_yes,3,3,True,True,357,8,7,1,
533,79852e8ff8f16251b177def262470cef64361df1a7db2be39a0974029ce5c4a4,7,9,block_decomposition,generic_planar_three_color_yes,3,3,True,True,378,8,7,1,
534,8aa897d8b6966b7279ee685225eece753386ce11a1ab1e0fd65ff598089eddd4,7,9,block_decomposition,generic_planar_three_color_yes,3,3,True,True,445,8,6,2,
535,a005e50d62a917ce124c58f274902724ef8ba4e5e63c1e1602213f7742445b9b,7,9,block_decomposition,generic_planar_three_color_yes,3,3,True,True,360,8,7,1,
536,603a9b9eab22dd3c134924554d6f3155ffde489aa72321a92505ef425506d39f,7,9,block_decomposition,generic_planar_three_color_yes,3,3,True,True,223,8,9,-1,
537,bdc30e026d9624ebaf9332432ce73ac3e866a6d48e54085ffcafc279f35707a6,7,9,block_decomposition,generic_planar_three_color_yes,3,3,True,True,164,8,6,2,
538,72fc950001b6556412c87abd26968af3e203aed18ea69a6ae7dc9f501eb92002,7,9,block_decomposition,generic_planar_three_color_yes,3,3,True,True,361,8,7,1,
539,88563edf84834f3164d3eafa5ce3a9af7017c0763dff7050ee230ddd42f2ce70,7,9,block_decomposition,generic_planar_three_color_yes,3,3,True,True,355,8,7,1,
540,4733ab4ac3b755c7789363f64fd5dcb43b3e17298c28cc3278ac7bfae93863e6,7,9,block_decomposition,generic_planar_three_color_yes,3,3,True,True,357,8,7,1,
541,9f8008a8bec2651739e2d47dc7cf6a927f126caac5e36a75fe82f208e8170408,7,9,block_decomposition,generic_planar_three_color_yes,3,3,True,True,476,8,7,1,
542,d54f2e76f72af6a491a90a6fd3cd303f51e965a281a583c6fc2b5adeadfd970e,7,9,bipartite,bipartite,2,2,True,True,44,0,0,0,
543,9f3b28bcd4273ae5d722758adf59eb4ab106b43074d3dff127ad9dd519f2a917,7,9,block_decomposition,generic_planar_three_color_yes,3,3,True,True,354,8,7,1,
544,83990b231ac3a8be2aa09b77b10335da435e44db4b2a5425e474ecc504a56c9e,7,9,block_decomposition,generic_planar_three_color_yes,3,3,True,True,222,8,9,-1,
545,5a16057765e59273b98c42d3056d0ceb89db78e1db1c52b5bf69b3d205207c65,7,9,block_decomposition,generic_planar_three_color_no,4,4,True,True,2528,12,5,7,
546,a5bd953745db3b268da59325719978a1a3b9ea9700c8aaefab30334112471c8d,7,9,block_decomposition,generic_planar_three_color_yes,3,3,True,True,355,8,7,1,
547,615d10ed721ea2588a86b56dffb4fb08d909d43772128c56b58acb4565adc293,7,9,block_decomposition,generic_planar_three_color_yes,3,3,True,True,360,8,7,1,
548,3574886a580734e01a607f3b32fb6f65108a610093aabff1a74d563f58f3d3e1,7,9,block_decomposition,generic_planar_three_color_yes,3,3,True,True,379,8,7,1,
549,d5389a821a566789c66edf768765137078848862c6cc1cc3fd45673b315686d4,7,9,block_decomposition,generic_planar_three_color_yes,3,3,True,True,397,8,6,2,
550,39f0b056785839e00f7720635a12b72eab4153c09954265c563f9bdd80abae0b,7,9,bipartite,bipartite,2,2,True,True,45,0,0,0,
551,b46cba61ffbc3602d82c3b0239dd9d83e448a0a92fa93c5335eecdce0acb1d33,7,9,block_decomposition,generic_planar_three_color_yes,3,3,True,True,161,8,12,-4,
552,162cd7e6d070300f20b791a3a1c1c8ef75a2d31931123c54aed489a1e97b2680,7,9,block_decomposition,generic_planar_three_color_yes,3,3,True,True,490,8,10,-2,
553,614440500c653c93249135c9e35ffd1b3bf4e14502acfe1818317d08ed7e1c72,7,9,block_decomposition,generic_planar_three_color_yes,3,3,True,True,112,8,5,3,
554,b83a5f96fbafeb5da0442977dbb5ba1acaceae091168204e9dad7831f06b4c93,7,9,block_decomposition,generic_planar_three_color_yes,3,3,True,True,108,8,4,4,
555,1e1fa7adc56873e2a43f2f3e63d1fdbb07a5efa5038f454214da4370a2293959,7,9,generic_planar_three_color_yes,generic_planar_three_color_yes,3,3,True,True,163,8,8,0,
556,daa5649e0d110cabdef7a0edbe8889294d210c81953b72e150e6da4a594599ab,7,9,generic_planar_three_color_yes,generic_planar_three_color_yes,3,3,True,True,108,8,8,0,
557,90023e801ba54bd310ba37ad84e89643d56ebc416bd49784a69a07517bc494b6,7,9,block_decomposition,generic_planar_three_color_yes,3,3,True,True,487,8,12,-4,
558,2a3c10199313404215fa8b5f68126903942103a1c8bf16105d83ecb55ef7799a,7,9,triangle_free_non_bipartite,triangle_free_non_bipartite,3,3,True,True,152,8,8,0,
559,51ca3cfecdb2a34ad4f24cd18273e122585346febefec4e9660403e6dbb105ab,7,9,generic_planar_three_color_yes,generic_planar_three_color_yes,3,3,True,True,368,8,8,0,
560,911d618b5a7b94b32fd0cef70db3563e08e3ef9045b7e0c1f8ea98c7854488b7,7,9,generic_planar_three_color_yes,generic_planar_three_color_yes,3,3,True,True,356,8,8,0,
561,53cbb7b8e9ba8380a4befb7f9cf2c87f9f0e42d65656e905cc4c5b633b2ac634,7,9,generic_planar_three_color_yes,generic_planar_three_color_yes,3,3,True,True,355,8,8,0,
562,5907db84f83b4f409a9d3a86733f8d0831e54a8eca626e10cce34bc28fed78a1,7,9,block_decomposition,generic_planar_three_color_yes,3,3,True,True,494,8,10,-2,
563,a5fc08e095d7d6b627ec5d1eb2cc550ecae0677e068b42ffe54a81672a57da95,7,9,generic_planar_three_color_yes,generic_planar_three_color_yes,3,3,True,True,487,8,8,0,
564,68390c3061a19c1d6b3ef6b4c9d31385081a308906eb81694d1cc68cb5fefa71,7,9,generic_planar_three_color_yes,generic_planar_three_color_yes,3,3,True,True,356,8,8,0,
565,201bfcf47702ec5f67dc77d5218f6b90242853d7eb6c7a0e3aeaf779cd4e434d,7,9,bipartite,bipartite,2,2,True,True,55,0,0,0,
566,5c69f8ad10d4cda2cf77e75aaf1df85930ef409a4b9b3a834d73e1b97f8c2de4,7,9,generic_planar_three_color_yes,generic_planar_three_color_yes,3,3,True,True,357,8,8,0,
567,dacbeefc148db3885eab36eca1fdabb4847554c87f9fe0436c8c0194fbddf776,7,9,block_decomposition,generic_planar_three_color_yes,3,3,True,True,386,8,9,-1,
568,472f278c3cb9f8067879c2d3aa085f4b370c1711b0eed24e574441941223e5c5,7,9,block_decomposition,generic_planar_three_color_yes,3,3,True,True,107,8,5,3,
569,3db0a2e90f6ff13f9a6e2939b510ea1ca14466849eaf0d592603338ddbb72bf7,7,9,block_decomposition,generic_planar_three_color_yes,3,3,True,True,415,8,10,-2,
570,6ff5c4868f12881ee1e86f573eb87481b031ffaacff2f748276c28120042fffd,7,9,block_decomposition,generic_planar_three_color_yes,3,3,True,True,107,8,4,4,
571,cf9e8d73b556720c879cb7795cf9e8c976cff6279e53d6224a0207fc17aed0bd,7,9,triangle_free_non_bipartite,triangle_free_non_bipartite,3,3,True,True,412,8,8,0,
572,71b534912b47dc5bfe559ff5c7295046b1043e09e69c9410a0c49d94f5a90cf0,7,9,generic_planar_three_color_yes,generic_planar_three_color_yes,3,3,True,True,341,8,8,0,
573,69e056f824d7e2d7bb8a3a336895e276dbcb0fd665b15b99cadf5f49b1b41777,7,9,triangle_free_non_bipartite,triangle_free_non_bipartite,3,3,True,True,343,8,8,0,
574,b807e8c9f0de9ec6d2d11ed27bd063a5d9307f1ce9241f059888dc12d6e10018,7,9,generic_planar_three_color_yes,generic_planar_three_color_yes,3,3,True,True,357,8,8,0,
575,5766d0c0c4622c785aec074841f2f2d8d933e6f20feeed6a659abef281727005,7,9,generic_planar_three_color_yes,generic_planar_three_color_yes,3,3,True,True,332,8,8,0,
576,b32ab4c475f16ba6b2a42ce1a9ad07dc1644be9aa1261df5208a47ea8ac5d33f,7,9,block_decomposition,generic_planar_three_color_yes,3,3,True,True,194,8,9,-1,
577,379fc7cbb7e3ad538e9a33ecd5c0e072acb471c5274c9ae67769af5b0fb1833f,7,9,generic_planar_three_color_yes,generic_planar_three_color_yes,3,3,True,True,341,8,8,0,
578,085e541f3c43b0b11d51db59a23b876a0e0849e9c553c55b4586e6b82b644fb2,7,9,triangle_free_non_bipartite,triangle_free_non_bipartite,3,3,True,True,347,8,8,0,
579,c0d974ea52b5008d275ffa82655bafbaf27811df9d2e8d4e259ca4f26aed208d,7,9,generic_planar_three_color_yes,generic_planar_three_color_yes,3,3,True,True,357,8,8,0,
580,2bee181228e39e2b96e9715bbb0b747c38aabf6c62aebefb9fe221df767fe069,7,9,generic_planar_three_color_yes,generic_planar_three_color_yes,3,3,True,True,356,8,8,0,
581,767dbb1b08b2499318622ffa5037618f14512a232a18c9874d394588ddfdb0d0,7,9,bipartite,bipartite,2,2,True,True,45,0,0,0,
582,c386c87c49ee85efd4fa035c1f235eeadc4e8e65190e53c38b4d070250c4633a,7,9,block_decomposition,generic_planar_three_color_no,4,4,True,True,1158,12,9,3,
584,a72edb491c67424574f8bfe5c330059a9950f088afe4b5393a3087e6f5a4d56e,7,10,block_decomposition,generic_planar_three_color_no,4,4,True,True,1995,12,6,6,
585,5641553f890b6c72e91cf6e3037ad56d1bd1e6d969fc54cda8837d4259f8b814,7,10,block_decomposition,generic_planar_three_color_no,4,4,True,True,1999,12,6,6,
586,6ac0716e4ffe7c894f8178b65239ff1513ffc7e9c208fedf369bf225db94d027,7,10,block_decomposition,generic_planar_three_color_no,4,4,True,True,1863,12,11,1,
587,a9a7e64fd9b90fd21f8f75f33d098831596a16baecd4261e6d5e90514a61bee9,7,10,block_decomposition,generic_planar_three_color_no,4,4,True,True,1995,12,11,1,
588,e797ff222a47cae60fc194b6bdbd27a24cc582af9b9e7758e46ea0585445949b,7,10,block_decomposition,generic_planar_three_color_no,4,4,True,True,1231,12,11,1,
589,8e4900aa08fbf1c78f6a5891e906f54638242329243a3f1aac4a00cbdd300c6d,7,10,block_decomposition,generic_planar_three_color_no,4,4,True,True,2003,12,11,1,
590,5f7a2236a757107822c8bf7c93af2545e22c89f9893f7e1325cec7c90e92897a,7,10,block_decomposition,generic_planar_three_color_yes,3,3,True,True,207,8,7,1,
591,92924292526a48bf0cfce5ad12b1471c4370b99797dd4ac1fef2879cc0d5e8db,7,10,block_decomposition,generic_planar_three_color_no,4,4,True,True,2375,12,11,1,
592,815776ee27c24da3a8be6896ddf02b28d102db12660bd2b55e900e60df3ecda9,7,10,block_decomposition,generic_planar_three_color_yes,3,3,True,True,360,8,7,1,
593,a9e85561f46b1a56976ab368bb2a220b5b025d6f7678982ce920641305c969c3,7,10,block_decomposition,generic_planar_three_color_yes,3,3,True,True,396,8,7,1,
594,bc4ec27e781b664cc70ef8282015d52ad40a40f2a27b1bd70e8e10de152196b7,7,10,block_decomposition,generic_planar_three_color_no,4,4,True,True,1927,16,15,1,
595,82bdcd91b14eff791630554223812ba556b750e7196846053c08b44c6b721251,7,10,block_decomposition,generic_planar_three_color_yes,3,3,True,True,486,8,7,1,
597,3cab89e1e2bff5a8bfe83b87c0e5ab4910185cf2ce1f35cb3c5ad1af9f17cc2b,7,10,block_decomposition,generic_planar_three_color_yes,3,3,True,True,492,8,7,1,
598,7e5ad471819fc9125c20be0df46c79ef8964794635e5fcfb373613b6f0aee735,7,10,block_decomposition,generic_planar_three_color_no,4,4,True,True,2523,12,10,2,
599,5b3f52a1ac331a0c4c33a255c817bbe7109fcf94b927fa0139f8b651fd5dd7c3,7,10,block_decomposition,generic_planar_three_color_no,4,4,True,True,2523,12,10,2,
600,87b021d03555829615b2bcd376b01a9c4168231a2b8f0a428f433246e2c50da7,7,10,block_decomposition,generic_planar_three_color_no,4,4,True,True,2539,12,10,2,
601,5d83dc9f26cf3aee5bc410207f8835ce98f0b3a932d8d4b7640236ec6ad38648,7,10,block_decomposition,generic_planar_three_color_no,4,4,True,True,2540,12,10,2,
602,5372a15387b8f38d9cbb0b180e530cada723338afa9e642bc074fac7270e88c1,7,10,block_decomposition,generic_planar_three_color_no,4,4,True,True,2539,12,10,2,
603,ef4e7b1560a5b6cd92d86931a9dec00836867e7bc54aa6f299f63c508811f719,7,10,block_decomposition,generic_planar_three_color_yes,3,3,True,True,354,8,6,2,
604,4af33bc816eca1bb4d7ac0d10c5db743a68fcb30c05ec66a1cbe9851b9b8873c,7,10,block_decomposition,generic_planar_three_color_yes,3,3,True,True,210,8,6,2,
605,43277a32b984f0aa177be2c614f9e97792f41ecc7d7260084f70074c4fb3532d,7,10,block_decomposition,generic_planar_three_color_no,4,4,True,True,2535,12,10,2,
606,7e4ec30696f9aa81f010f10ca9f32a72e8417fd3014fb5dc1786c55cf459aa61,7,10,block_decomposition,generic_planar_three_color_yes,3,3,True,True,210,8,6,2,
607,352bbd702497943f46e873c4429406707ed7184e70b2a23b85044a4aeed49751,7,10,block_decomposition,generic_planar_three_color_yes,3,3,True,True,492,8,6,2,
608,d66b5f36f264abd920b74ba2424b76a3b44f576252264f7beba590e0e35171d2,7,10,block_decomposition,generic_planar_three_color_no,4,4,True,True,2540,12,10,2,
609,367a56807577f8b4ac9f960a541ed1b37a93f5bc651f1012a551ccd120f22110,7,10,block_decomposition,generic_planar_three_color_yes,3,3,True,True,210,8,6,2,
610,59477be8669995058893dad950f0a2876f723fde7dc06d7857eff125bfb3f1bc,7,10,block_decomposition,generic_planar_three_color_no,4,4,True,True,2535,14,10,4,
611,3a6ffaa9b9ccf15ba8704d3ec32bc0f24c289393aa85d11358617f98bdf2dacb,7,10,block_decomposition,generic_planar_three_color_no,4,4,True,True,1996,12,6,6,
612,bfb613bb379ee4f8d2cd22b672c220da29415f67831d0275ebabe98281a1d5cd,7,10,block_decomposition,generic_planar_three_color_yes,3,3,True,True,81,8,7,1,
613,a7f80545d8b69ba22f940f686a818a17d9ef17ca3da60315ad5cf3796693592f,7,10,block_decomposition,generic_planar_three_color_yes,3,3,True,True,520,8,7,1,
614,1d9e8b17e4fa7fb0c652b6ca6ff1a0e22c6b2baba993c7ce9c6fd5fd66c1eb5d,7,10,block_decomposition,generic_planar_three_color_yes,3,3,True,True,519,8,7,1,
615,b3b66d644dc8312b0b72ff8d60a4524b02e49a3128f4e56750e046122710e8c9,7,10,block_decomposition,generic_planar_three_color_yes,3,3,True,True,82,8,7,1,
616,e41462553d24bab19634a7f6995c9e4a32c49556dd8a59ab0f7c5a790ae58016,7,10,block_decomposition,generic_planar_three_color_yes,3,3,True,True,519,8,7,1,
617,cf8be90b94627f9bccf991d764e85a5e17b58e3886c52aed28c1bb9c38ef0d7d,7,10,block_decomposition,generic_planar_three_color_yes,3,3,True,True,493,8,7,1,
618,39ff430f1ee890f1b50713621f2be5c6cdb74298659ba7f795ea3de8bd7c555b,7,10,block_decomposition,generic_planar_three_color_yes,3,3,True,True,531,8,7,1,
619,c88d56ab395e811d985dc57317467f61f141f523f49a822b75f5bf25b86eddc3,7,10,block_decomposition,generic_planar_three_color_no,4,4,True,True,2548,12,9,3,
620,45167d1b637ace350abfa6610636889deac9687400c11d7f51ee4e29c2ab948c,7,10,block_decomposition,generic_planar_three_color_yes,3,3,True,True,360,8,7,1,
621,65cd64814641523b0799e1097c5632c12b816c256706301ef22160152dc34ab7,7,10,block_decomposition,generic_planar_three_color_yes,3,3,True,True,519,8,7,1,
622,b8f211c4d987313f3138a608d42562f60d7baa1c144fec0d531affa318f684a5,7,10,block_decomposition,generic_planar_three_color_yes,3,3,True,True,216,8,7,1,
623,bcbc12e86b84a1fe460634e180ac38e465429ec16252a983c274dfcc0d5d82e5,7,10,block_decomposition,generic_planar_three_color_yes,3,3,True,True,532,8,7,1,
624,af6fb2811ddcd4b60df10f7a938db783cd7437db6f9e043e199abf9e702a4fcd,7,10,block_decomposition,generic_planar_three_color_yes,3,3,True,True,171,8,7,1,
625,b23d9c66d274086d1c522458df172dbf26c605ef868fb3b243b32d8ee64495b8,7,10,block_decomposition,generic_planar_three_color_no,4,4,True,True,2524,12,10,2,
626,498a840f255dee4c52269d3684d86ef6a8ceeaf5480be3e8040e141b33c3d0f5,7,10,block_decomposition,generic_planar_three_color_no,4,4,True,True,2359,12,11,1,
627,695f30c3583da4ed0aee6ee85bae7976468d2d72029c8ceb4f518f0f67cf1193,7,10,block_decomposition,generic_planar_three_color_yes,3,3,True,True,531,8,7,1,
628,cfa8636ee27d647631ecf7075a02b9e61d2aa368eab5bcfad3118bd83968da8f,7,10,block_decomposition,generic_planar_three_color_yes,3,3,True,True,519,8,7,1,
629,32af1dc04aefecfdcd4bf8f03d668dcb170168b095d2985ec415a693cb424617,7,10,block_decomposition,generic_planar_three_color_yes,3,3,True,True,204,8,7,1,
630,3835d272b2947da61b2d284ec9d150e432495c218cfbf0507edcce48a6434561,7,10,block_decomposition,generic_planar_three_color_no,4,4,True,True,2547,12,9,3,
631,a110c4db0720a1d85c25ba9cfc86417da395dd080d39c57342eb855577f8ee71,7,10,block_decomposition,generic_planar_three_color_yes,3,3,True,True,171,8,7,1,
632,649262056632546a264364d751ebe9c90cec79bb616f4b5b26b9710617265b61,7,10,block_decomposition,generic_planar_three_color_yes,3,3,True,True,216,8,7,1,
633,9d5d463bbb8a574f30c984ea0cfb11f12715b9c73bf07c796d23625c48172565,7,10,block_decomposition,generic_planar_three_color_yes,3,3,True,True,172,8,7,1,
634,0810c52af67616ee9fcedbba913c82d2e60979e2956eeb776f055bdf5f01c3fe,7,10,block_decomposition,generic_planar_three_color_yes,3,3,True,True,360,8,7,1,
635,952a192160bf7465a184557b6670d0c9c96087c490d3136ef3049a2abf013156,7,10,block_decomposition,generic_planar_three_color_yes,3,3,True,True,205,8,7,1,
636,713093dcfe1076facc4cad305ac87e8bb4139c60a1b7e303254ef2504571635b,7,10,block_decomposition,generic_planar_three_color_no,4,4,True,True,2524,12,10,2,
637,05e42f9a4c7767ef19564b74d39730e1d31fefd39cdacbcb615af7fbac425617,7,10,block_decomposition,generic_planar_three_color_no,4,4,True,True,2359,12,11,1,
638,5876cc27358a82fac964cee5dc00e3312ee652b7fd6cea6a7399db7477843d93,7,10,block_decomposition,generic_planar_three_color_yes,3,3,True,True,492,8,7,1,
639,0807edbb2c9ecae53bb909314b0278fd5e7e753593e5769ab4fdca38bfebd5df,7,10,block_decomposition,generic_planar_three_color_yes,3,3,True,True,172,8,7,1,
640,243c299c9ef0a6126f3cbb27cf3aa0885001fe2d4b77476e6baace4b48125e27,7,10,block_decomposition,generic_planar_three_color_yes,3,3,True,True,531,8,7,1,
641,bbf4465bff4e25efbf4268f78e484a389e22d9d0c105cb45bfeb532d995ca446,7,10,block_decomposition,generic_planar_three_color_yes,3,3,True,True,358,8,7,1,
642,039edbc7e91c2efa6c0dc67c91c3e4e098844a2d1349aebdd8615c409f125b92,7,10,block_decomposition,generic_planar_three_color_yes,3,3,True,True,492,8,7,1,
643,2fb240b5cc9151546df0f2f7f6b2f1cc2641ff6d099946ef0b028fe2f6a8be35,7,10,block_decomposition,generic_planar_three_color_yes,3,3,True,True,361,8,7,1,
644,15e058ecb094ed9acd8089c8428a4530b5c7165a08bcb01937681a1edda87b7e,7,10,block_decomposition,generic_planar_three_color_no,4,4,True,True,2547,12,9,3,
645,dc66c75abd01cb152e3003b16a72216982743880d38767cc9ef6220b4c57e2b9,7,10,block_decomposition,generic_planar_three_color_yes,3,3,True,True,355,8,6,2,
646,dcda33f4d22171c5e923d428a93ced608ce6387210c2278d39f06aaf2ad68ac8,7,10,block_decomposition,generic_planar_three_color_yes,3,3,True,True,217,8,7,1,
647,0f6dc60cce15fb49c366f150d186ffa01b88f6315ae93f41eb4252f12c92b3c0,7,10,block_decomposition,generic_planar_three_color_yes,3,3,True,True,360,8,7,1,
648,539ca1a9c501bbede9a23366b19c534521c485dbbe43e0cdd70715d110a02db3,7,10,block_decomposition,generic_planar_three_color_yes,3,3,True,True,492,8,7,1,
649,45bd35cd1e0887fcc42c6263ead883e0ebd5b7558e746c6c5ef7d9189691ecbd,7,10,block_decomposition,generic_planar_three_color_yes,3,3,True,True,361,8,7,1,
650,492f37fda34a0a2b1196f374763cf17dd808e286b86ca664f12c2147378966e5,7,10,block_decomposition,generic_planar_three_color_yes,3,3,True,True,493,8,7,1,
651,e50be587415a223a262ae00c623076cb8e2e3c62eb4a9128e2ba567431f3fc15,7,10,block_decomposition,generic_planar_three_color_yes,3,3,True,True,357,8,7,1,
652,ce17c4284178794e5b3a83f59d414f94173ff607693119ea0a41b41395af789f,7,10,block_decomposition,generic_planar_three_color_yes,3,3,True,True,360,8,7,1,
653,c31ad39f47b097cfa958aa6e7c689f2b3f26d8dcbb16fcfae4d165540b644759,7,10,block_decomposition,generic_planar_three_color_no,4,4,True,True,2360,12,11,1,
654,1cf9e28e0e79ab2ad4c534a2284de0a33714dcf06b5ac0aa2d9f1e7e91a19e29,7,10,block_decomposition,generic_planar_three_color_yes,3,3,True,True,212,8,6,2,
655,aa716b0014c308f93e4e54d40382c0b984bf2e30deafeedae73403d3f3a79462,7,10,block_decomposition,generic_planar_three_color_yes,3,3,True,True,344,8,7,1,
656,c5644a929a2ce53824b68acafadeccb2ac232a98095a9ee464cad41f700a01f1,7,10,block_decomposition,generic_planar_three_color_yes,3,3,True,True,358,8,7,1,
657,f413ddef77d68dd444566c2d4941e03b8ca9d25d4c9f3e9b78c21d38d5adf9fe,7,10,block_decomposition,generic_planar_three_color_yes,3,3,True,True,360,8,7,1,
658,396d677f6744bda9a0f89c6ffc7c8e6c34d70e4b180064716efa4322a5e15ad7,7,10,block_decomposition,generic_planar_three_color_yes,3,3,True,True,361,8,7,1,
659,746e0882acbaa0e63d847f8b9ac10ce8e8ed2aa5e361029acbeb95ac4bedba78,7,10,block_decomposition,generic_planar_three_color_no,4,4,True,True,2524,12,10,2,
660,8ddab51915dfb86c4b165125aeffd375f761ac4b451066bea888e7d8c6cf5e97,7,10,block_decomposition,generic_planar_three_color_yes,3,3,True,True,205,8,7,1,
661,7646f0dc9c38932e85508b59c9550023986802c180d9fdc8f9ae0108e060aa11,7,10,block_decomposition,generic_planar_three_color_yes,3,3,True,True,204,8,7,1,
662,d32a17575c7d168c116290c4404e4dcc620b2448156d2fce441beb32092f8b37,7,10,block_decomposition,generic_planar_three_color_yes,3,3,True,True,172,8,7,1,
663,30f11c5998eb2ff58d671c941b86aec4d7c933265b916292b91c1477bc11e054,7,10,block_decomposition,generic_planar_three_color_yes,3,3,True,True,492,8,7,1,
664,760bf7400b322b03fd899dd3d633f1c68670c95484cb2b5105e51db06d2db359,7,10,block_decomposition,generic_planar_three_color_yes,3,3,True,True,357,8,7,1,
665,e9f9bf00eca5c7b21fe00922514877dc459d4b9f275fda9667bcf7dcc700de36,7,10,block_decomposition,generic_planar_three_color_yes,3,3,True,True,360,8,7,1,
666,850d65060a71879d1c6bc8e0865c7b6b98c84394153b78f18d3844d1aad2cc36,7,10,block_decomposition,generic_planar_three_color_yes,3,3,True,True,451,8,7,1,
668,d7e82d69079f30c33c9ccbce1313a0d4030a1de76850a6d51c58a9ed58320b29,7,10,block_decomposition,generic_planar_three_color_yes,3,3,True,True,389,8,10,-2,
669,e711b273c49bb8e2a10cc1a0df69e16d05a8d8ca26fc18e573f1aa284cf46b93,7,10,generic_planar_three_color_yes,generic_planar_three_color_yes,3,3,True,True,154,8,8,0,
670,51a8b02b3ca9066f9359eb80a8b33c42114fae4ffcf4e1ddc220382ac0b36010,7,10,bipartite,bipartite,2,2,True,True,33,0,0,0,
671,171d1f48e02d726e0f48afa6da19cabd0f5933eb6f2f9221349003b680cf1101,7,10,block_decomposition,generic_planar_three_color_yes,3,3,True,True,179,8,10,-2,
672,222625914afc0a124132bf87a9b9b2794013d39e4d6da8dd3c10fb9247c9e079,7,10,block_decomposition,generic_planar_three_color_yes,3,3,True,True,341,8,10,-2,
673,3dfd6549e7ff529fad748394d24795019e86eb9caf6de46a13944b49bb6cf398,7,10,generic_planar_three_color_yes,generic_planar_three_color_yes,3,3,True,True,492,8,8,0,
674,898b727d081987c33c0c3bf748e007ae531f12b7626fb756b033e826f5fad84e,7,10,generic_planar_three_color_yes,generic_planar_three_color_yes,3,3,True,True,493,8,8,0,
675,7b6fb01c113723224586ffdfb670fdb6eed2621cfde21c189ba4d9570efc1081,7,10,block_decomposition,generic_planar_three_color_yes,3,3,True,True,519,8,10,-2,
676,ac4e1591a27e5152166646cb2f6b1979bf5de3b9d6a55cfb90d0d65bf046f6bb,7,10,generic_planar_three_color_yes,generic_planar_three_color_yes,3,3,True,True,480,8,8,0,
677,3de392f94ef604e1e532f4fb4eedc0ccb6ee32180cdc2040cee89a25763d5b66,7,10,generic_planar_three_color_yes,generic_planar_three_color_yes,3,3,True,True,385,8,8,0,
678,45df9997dd84a3ec30118bf8b83cf9372f83e4132bc4c3f087d9466ed5367422,7,10,generic_planar_three_color_yes,generic_planar_three_color_yes,3,3,True,True,152,8,8,0,
679,6de5a562414694558b1f1f7c12f2d3f6f54ce0b9afad2216072af5db418c750a,7,10,generic_planar_three_color_yes,generic_planar_three_color_yes,3,3,True,True,496,8,8,0,
680,adc1a281910b407e7f91fe91f6ab08a028e73687a9545e0e9c3cd6bab35f3608,7,10,generic_planar_three_color_yes,generic_planar_three_color_yes,3,3,True,True,486,8,8,0,
681,4bb30b0436deb3c4438214d3eeefe9ee70218416663716445fc8fe995d92450e,7,10,block_decomposition,generic_planar_three_color_yes,3,3,True,True,116,8,10,-2,
682,ffa9dadd845048ea7d1107c6c6a0ecbd67dd3ac7a1be3dbc39a0746960758ac1,7,10,generic_planar_three_color_yes,generic_planar_three_color_yes,3,3,True,True,491,8,8,0,
683,4acecf25ddfafcd427aa2e83e039e63ad565280e86f523d8d4324678d6276d51,7,10,generic_planar_three_color_yes,generic_planar_three_color_yes,3,3,True,True,206,8,8,0,
684,b06f8856dcc8b609657b0f6cfefeea442b3c54f59585bae61d91b7b80698081b,7,10,generic_planar_three_color_yes,generic_planar_three_color_yes,3,3,True,True,368,8,8,0,
685,bef8e02e8025cc484e6d7e96ae2d9e45acbfd07b4f1147e12a2bbbe6e411bbca,7,10,generic_planar_three_color_yes,generic_planar_three_color_yes,3,3,True,True,351,8,8,0,
686,0c43fe0d7b17b7ed0981c79dc1732417c3f547c30831653286cc4d699340188f,7,10,block_decomposition,generic_planar_three_color_yes,3,3,True,True,197,8,10,-2,
687,df7670444819b17022d066bab0add66147fbbf3b6c46f7d8596fd1ff69899969,7,10,block_decomposition,generic_planar_three_color_yes,3,3,True,True,197,8,10,-2,
688,db5807714c56688aa0574760df1ad9b57cdd394fc9c9b018a63403f42282e86e,7,10,block_decomposition,generic_planar_three_color_yes,3,3,True,True,377,8,10,-2,
689,ae23a283b59408cfb0d0ba18d66cf3ee91a80b06d0322ebab769a26b56585a27,7,10,block_decomposition,generic_planar_three_color_no,4,4,True,True,1142,12,5,7,
690,b432fda998dff3e26f70772f91ea1f8c3f300817228d7b078d95bb34dd7728a1,7,10,generic_planar_three_color_yes,generic_planar_three_color_yes,3,3,True,True,416,8,8,0,
691,260b7a942b0fe929ca4bbd632009c357d6dd6fd187686eb09296fff05eeb4f45,7,10,generic_planar_three_color_yes,generic_planar_three_color_yes,3,3,True,True,437,8,8,0,
692,58be0cd3f595b9642650ea3db9aee226771c0b0844976ada2da38d1f3e35f968,7,10,generic_planar_three_color_yes,generic_planar_three_color_yes,3,3,True,True,211,8,8,0,
693,de4e72ae94b307fd940fccd1e65781656ccb451e3ed117826f395d2939650673,7,10,generic_planar_three_color_yes,generic_planar_three_color_yes,3,3,True,True,325,8,8,0,
694,8f67da87ec3d32b7c5ebbbca40a6d53df72ae2e7fc19bc332abaabc51eca7748,7,10,generic_planar_three_color_yes,generic_planar_three_color_yes,3,3,True,True,492,8,8,0,
695,73c0309ddc2d821d21fce24fc679cb4955b21d93866ae3b66ddfe36b258e5355,7,10,generic_planar_three_color_yes,generic_planar_three_color_yes,3,3,True,True,342,8,8,0,
696,b81d536146433e2e445e64734ee155daa41e44c23b850cf6648249eaf2d0eaf9,7,10,block_decomposition,generic_planar_three_color_yes,3,3,True,True,468,8,10,-2,
697,d39e63b7de0724f838755ad1652ef5422b00f8eb30d7b567699060456b938fcd,7,10,generic_planar_three_color_yes,generic_planar_three_color_yes,3,3,True,True,356,8,8,0,
698,e7b924678ddd0c70a8facdd11df0a86b91ba244582d1ad720fb2f0c80ffe8754,7,10,generic_planar_three_color_yes,generic_planar_three_color_yes,3,3,True,True,357,8,8,0,
699,04c45080a37283754846aa167eb89cb4c30562377646e0a407ffddbb2ba55b60,7,10,generic_planar_three_color_yes,generic_planar_three_color_yes,3,3,True,True,492,8,8,0,
700,e25ba2d973ea94231a27b77c0ac0c6c77123c525ca504f079970470bb3549266,7,10,generic_planar_three_color_yes,generic_planar_three_color_yes,3,3,True,True,481,8,8,0,
701,d404d4df2d6b421ab8ccfbb7d28aeb986e94c84db39e9801d8c1488f60dd7b15,7,10,generic_planar_three_color_yes,generic_planar_three_color_yes,3,3,True,True,436,8,8,0,
702,98b44f4298269ed470fecf9c50e61182a7c0aef28d94c5406d8e19ee45f56ee8,7,10,generic_planar_three_color_yes,generic_planar_three_color_yes,3,3,True,True,379,8,8,0,
703,9110e84a477b00dbefb81a03615b68367ba1fd9a871d8f15db4f6ba64f22177d,7,10,generic_planar_three_color_yes,generic_planar_three_color_yes,3,3,True,True,116,8,8,0,
704,bd5e718997fb6879187e1c55359f2d5af6b705062d69a35e065af35d76e3a41e,7,10,generic_planar_three_color_no,generic_planar_three_color_no,4,4,True,True,1918,12,12,0,
705,f0d34ffac566ff9a22ff72f687e24b8fc2f638e019fdbce808f8a49159955aa9,7,10,generic_planar_three_color_yes,generic_planar_three_color_yes,3,3,True,True,164,8,8,0,
706,769551e280387877de5fc7a8713985348c0d70bea8846ec3d94928e942f1428a,7,10,generic_planar_three_color_yes,generic_planar_three_color_yes,3,3,True,True,380,8,8,0,
707,e50c9722c3521760a2ca83c5bc47d93395a56730bb4ab5dc64c242d057d607ed,7,10,generic_planar_three_color_yes,generic_planar_three_color_yes,3,3,True,True,451,8,8,0,
708,a37f9ec4c769e351bb3c89d0b5632ee22c1475e07645f3412b1aedfef237f8c3,7,10,bipartite,bipartite,2,2,True,True,30,0,0,0,
709,504d6627b87dc22fe8814ca2e6dae94d6663cd2dafd5b2e9b89345df4c6c5d69,7,10,generic_planar_three_color_yes,generic_planar_three_color_yes,3,3,True,True,360,8,8,0,
710,6cf5c3393a52e3e66e54cbe8f8aee7c911038d571d8b2bb0454650ffbff5ed13,7,10,generic_planar_three_color_yes,generic_planar_three_color_yes,3,3,True,True,384,8,8,0,
711,9e9c0cb8c0b3233923944d6661fc2cf707c29d77bb3c24ac93dcee12564317ea,7,10,generic_planar_three_color_yes,generic_planar_three_color_yes,3,3,True,True,359,8,8,0,
712,db925170169825c2ba33c1e86b7faed2c4b9074c0f5da0526ed1669049c81aeb,7,10,generic_planar_three_color_yes,generic_planar_three_color_yes,3,3,True,True,360,8,8,0,
713,4c641d9c2e37c38f5bf9f39103a1d327962a99c94d8458049a19a551024ce7e1,7,10,generic_planar_three_color_yes,generic_planar_three_color_yes,3,3,True,True,359,8,8,0,
714,015456ce873394522a735ce0e7d8dc59c9087afb2d444afccc4d6c7b65edc49b,7,10,generic_planar_three_color_yes,generic_planar_three_color_yes,3,3,True,True,341,8,8,0,
715,0db9822ea7aacd0866ed031de2759220aa09c2676bb98106e993a2001819984a,7,10,generic_planar_three_color_yes,generic_planar_three_color_yes,3,3,True,True,344,8,8,0,
716,deab2d5f9fec1e074ff63506b18bdda1167aaa219748d12dd4233d3bd1852ff0,7,10,generic_planar_three_color_yes,generic_planar_three_color_yes,3,3,True,True,503,8,8,0,
717,01992fb8e632da322feb93bfe1b4173b405c7da1ffe66a5528fe740714ae2c6c,7,10,generic_planar_three_color_yes,generic_planar_three_color_yes,3,3,True,True,341,8,8,0,
718,a74df5fe132b6cf217e6ccfc08e9535791b38f7b37e3703305c585dcef8dc840,7,10,generic_planar_three_color_yes,generic_planar_three_color_yes,3,3,True,True,161,8,8,0,
719,4acd3c7aca9d05f1a2312a5f5fab38b94e3a22180aa2de5d4e9da9227d42addf,7,10,generic_planar_three_color_yes,generic_planar_three_color_yes,3,3,True,True,360,8,8,0,
720,27dc9e0874584fbff61c4b8280489f7cd7d47bf5ef8cab4dc19bd4cdfb571f68,7,10,generic_planar_three_color_yes,generic_planar_three_color_yes,3,3,True,True,341,8,8,0,
721,fea26708db760b18d349d9c32b82364af58c66d9ecf10f6dc5369a196eaa7f09,7,10,generic_planar_three_color_yes,generic_planar_three_color_yes,3,3,True,True,380,8,8,0,
722,9a397f1c7ac7b441f0d5c1ce37f5442e2f25b2b16a58cc3d03e30f8b539a9ade,7,10,generic_planar_three_color_yes,generic_planar_three_color_yes,3,3,True,True,341,8,8,0,
723,6ba8c7ba6cf9c5a81a385ed3a335dd307fdfeeeb8983fa3b06cddc8a2eedb02e,7,10,bipartite,bipartite,2,2,True,True,29,0,0,0,
724,6e03d7438f269e33a67a0855436c41468eed23f6a1ee168f1889eda9015645bd,7,10,block_decomposition,generic_planar_three_color_yes,3,3,True,True,414,8,10,-2,
725,4aa9985366bf9f0db31dcdbf528619e1a0730e34af19c42059e2506321d228d1,7,10,block_decomposition,generic_planar_three_color_yes,3,3,True,True,386,8,10,-2,
726,ec5b25b84d0a95aaa4d941e9cc3ab781b6c7afb1cb7ac9922d447c4180615e2f,7,10,block_decomposition,generic_planar_three_color_no,4,4,True,True,2001,12,9,3,
727,e65a360f88478669feaea5d37d67c6eeb38970e9a7a0b65bb5433c7c79a03342,7,10,generic_planar_three_color_yes,generic_planar_three_color_yes,3,3,True,True,185,8,8,0,
728,1116d49b3fd491f570561a7d29f4d65c858920308face2a6614ff46d30ba7ab1,7,10,generic_planar_three_color_yes,generic_planar_three_color_yes,3,3,True,True,359,8,8,0,
729,268c2f9b2263c5034b2c97d14546da815b84c2fe02914ddbdf1c5b30193690f5,7,10,generic_planar_three_color_yes,generic_planar_three_color_yes,3,3,True,True,344,8,8,0,
732,9d48e87d9d2bacea52b402b47410582cc36d0293169acf310f55e2f19254725f,7,11,block_decomposition,generic_planar_three_color_no,4,4,True,True,2523,12,11,1,
733,f88bbf6dbe20ff142553f65391823317f2ab8c2c993559a73dc567c4af37c0f8,7,11,block_decomposition,generic_planar_three_color_no,4,4,True,True,1999,12,11,1,
735,a0a93050a6c9eb92c26d9c5dcd9161b9454578f64c9c2424e19b0815884447f6,7,11,block_decomposition,generic_planar_three_color_no,4,4,True,True,2375,12,11,1,
736,87f4dca5487b22c16978a4394572a6cc24740dd329f0e618960d8cbe20d482c6,7,11,block_decomposition,generic_planar_three_color_no,4,4,True,True,898,12,11,1,
738,5495f85eaa0a8ab7f3628e5d7a7bf6777c2c0b3d7f59a8c0f648e7cc93b691a1,7,11,block_decomposition,generic_planar_three_color_yes,3,3,True,True,414,8,7,1,
740,e8ffa124dbd039585edbd41a0035f78d4518c9c4671e54f9de060f5d35bcb6f9,7,11,block_decomposition,generic_planar_three_color_no,4,4,True,True,1995,12,6,6,
741,acc4195b0ec19aa191b0f255baa5198fbf6aea2b8198ed9fba9d3d360e36bd99,7,11,block_decomposition,generic_planar_three_color_no,4,4,True,True,1995,12,6,6,
742,afc838cc39c638ba63a356e87f5cb206b7e0b68db02d4500560e739f4378cf6b,7,11,block_decomposition,generic_planar_three_color_no,4,4,True,True,1999,12,6,6,
743,0fa3bd853cac96f46ea87a4c20641d59a5144e9eeec1035f17e3030690ddf387,7,11,block_decomposition,generic_planar_three_color_no,4,4,True,True,2000,12,6,6,
744,2bac98757a639f3b42017bcee57b375deb685d8f86a2fb79588b89b1b65a26ac,7,11,block_decomposition,generic_planar_three_color_no,4,4,True,True,2000,12,6,6,
746,e6613ec03bf2f7720d746a0d44d3d78e937c29454b19d198c11f8f7770814f18,7,11,block_decomposition,generic_planar_three_color_no,4,4,True,True,1863,12,11,1,
747,f38d552afb286e335dba4e07c6378e65f7fd697f267d99c48314a8586610facb,7,11,block_decomposition,generic_planar_three_color_no,4,4,True,True,1995,12,11,1,
748,87843c270d5c091321a53982d0e8f7826e7731d95d50f883997ce8062608aca9,7,11,block_decomposition,generic_planar_three_color_no,4,4,True,True,1995,12,11,1,
749,bd3430b6f30656bf50f4079b220046910e95d97e8e0d6ebc2a8b141aecdfa4d1,7,11,block_decomposition,generic_planar_three_color_no,4,4,True,True,1863,12,11,1,
750,aec68f6c7a64b0f87a20e465455dcd1edbe35df572fdeb21c8ae43cf16e7507d,7,11,block_decomposition,generic_planar_three_color_no,4,4,True,True,1231,12,11,1,
751,7883d6ad75af285e71b745466026de9bf12e28c7ec420da366c9bd5e8158512c,7,11,block_decomposition,generic_planar_three_color_no,4,4,True,True,1996,12,11,1,
752,c4225f601a20fded796d252cb1450253d760a2f97790ebeeae043968b3606e58,7,11,block_decomposition,generic_planar_three_color_yes,3,3,True,True,207,8,7,1,
753,6581e48febfc5171b128eb98f33ddcab685bcd4463f2561039f0c23e17ea43b0,7,11,block_decomposition,generic_planar_three_color_no,4,4,True,True,2003,12,11,1,
754,2e1be6fd6acecf66862e846fe0529d1fb0b4aa44c9ab958d4d06114cf7979667,7,11,block_decomposition,generic_planar_three_color_yes,3,3,True,True,207,8,7,1,
755,f7b42918550b39989d912524b65f1d4cc57cf638ad8538f2f6f5632f2f3d2df3,7,11,block_decomposition,generic_planar_three_color_no,4,4,True,True,2003,12,11,1,
756,6fff50e51b8465c763aaa36af741210c6d930da756da218425e3f6e885ad3676,7,11,block_decomposition,generic_planar_three_color_no,4,4,True,True,886,12,11,1,
757,5c8c8a174d06bb3d8e18d70f6a11046531136b4d9d106849e32cfc6f83b37f61,7,11,block_decomposition,generic_planar_three_color_yes,3,3,True,True,361,8,7,1,
758,e5b8363fc54a4527172dc5df48fdc2aa15156f7e13424972f3af5742b2cf3390,7,11,block_decomposition,generic_planar_three_color_yes,3,3,True,True,208,8,7,1,
759,052e396f2a7f701a5ef0494653798d45af89e901373d6cf5db5d8efbcdd719e2,7,11,block_decomposition,generic_planar_three_color_no,4,4,True,True,2375,12,11,1,
760,03eed579fb8e9f8e67e00263e0388096cbeda6ad8e4d8a1ebf4cffe77d077ef0,7,11,block_decomposition,generic_planar_three_color_no,4,4,True,True,2003,12,11,1,
761,d17928ec12302478e269437930682c75cd7d97aefe9863ca906b8aebea880482,7,11,block_decomposition,generic_planar_three_color_no,4,4,True,True,1996,12,11,1,
762,380602e3735e292841c739371e2a00958905aab4141194d552902421a6aa0dab,7,11,block_decomposition,generic_planar_three_color_yes,3,3,True,True,396,8,7,1,
763,582fa1d570d8ed47d65931b3028559afa477813e891bf94c0c6108b6fe50fde1,7,11,block_decomposition,generic_planar_three_color_no,4,4,True,True,2003,14,11,3,
764,faed366b951c3c44625e990de6757e244e92a247894060ee3a9546a793e429e0,7,11,block_decomposition,generic_planar_three_color_no,4,4,True,True,2375,12,11,1,
765,78569cde7599c462a0720dcde4f29b4215a511219cca72d26d7f358a09f472c9,7,11,block_decomposition,generic_planar_three_color_yes,3,3,True,True,207,8,7,1,
766,a09f018b12e09021a9d2b7b5e1dfb4e91fbb088f70bef60eec2b13626362e655,7,11,block_decomposition,generic_planar_three_color_yes,3,3,True,True,360,8,7,1,
767,9b04934ce055063523813dcb231ec27c7756f98ffbc0d695769780048632083d,7,11,block_decomposition,generic_planar_three_color_yes,3,3,True,True,396,8,7,1,
768,07527b13feab30e7d8bded51effc7c5734b47700f0ac2dc1df349ac98455b590,7,11,block_decomposition,generic_planar_three_color_no,4,4,True,True,1996,12,6,6,
769,f28dbfc7b3b153b6ebb9e351d3a83cc40b66939ed19f8f5aeb4a5cd9aa2d8b4e,7,11,block_decomposition,generic_planar_three_color_yes,3,3,True,True,360,8,7,1,
770,5299a4f1adb1a4c91c2d7370a59ba8a2b080b4bcb92a7bab42cd8f4075b15d99,7,11,block_decomposition,generic_planar_three_color_no,4,4,True,True,2375,12,11,1,
771,419f5b27ad252b2f60b61ee263d2f839073266d35e736d7537b55f032457fb2f,7,11,block_decomposition,generic_planar_three_color_no,4,4,True,True,2375,12,11,1,
772,dc07bab6d3412b5d1a47fffa5d1919de3a51e2790b9d0ed069f98e74595c64e1,7,11,block_decomposition,generic_planar_three_color_yes,3,3,True,True,397,8,7,1,
773,8e665203c47fe982a99e560724304d22c67723e3b16887c5bb2be59cddc0d663,7,11,block_decomposition,generic_planar_three_color_no,4,4,True,True,1232,12,11,1,
774,a070f7e8c34ef17fbfde7d65f14f1ea3c97eb9e8756e466da17ae26b97e2a39e,7,11,block_decomposition,generic_planar_three_color_no,4,4,True,True,1996,12,6,6,
775,eca13dae0262330263624bbb153e30be50089cf2f7adede15f27aadd7fee7842,7,11,block_decomposition,generic_planar_three_color_no,4,4,True,True,1927,16,15,1,
776,f08cfa9602be061b70ce504c9a86c608ad9af2fdcc39239dfe3c3aad1b62699e,7,11,block_decomposition,generic_planar_three_color_yes,3,3,True,True,486,8,7,1,
777,da148f2b0f16e9fd597bffbe5152253b7fd8a882e1e6c5f97a1ba7db60cd05ac,7,11,block_decomposition,generic_planar_three_color_no,4,4,True,True,1927,16,15,1,
778,11c6da95e6f2dea9c1b712433f7fb9a7ea98c79ed14123dc937ae8aabbb9456b,7,11,block_decomposition,generic_planar_three_color_no,4,4,True,True,2004,12,11,1,
779,674c289930f2d23353b6f8162ca46259686dbf457edf1bd5d56dfebf381d317c,7,11,block_decomposition,generic_planar_three_color_yes,3,3,True,True,208,8,7,1,
781,1ff85293fa37dc4d5e4e02f3dbd3a7029ea0cfd152230868f0b112f5243609e4,7,11,block_decomposition,generic_planar_three_color_yes,3,3,True,True,492,8,7,1,
782,94ff1a101659f9d20decc1a0aa3e329762270f739a108db1c9e5e20ef086acc9,7,11,block_decomposition,generic_planar_three_color_yes,3,3,True,True,486,8,7,1,
783,8549dfd464feafb0b1e432496f103192085e4197e2de55da00c383499162cf79,7,11,block_decomposition,generic_planar_three_color_yes,3,3,True,True,487,8,7,1,
784,8720250e0f59494a4fb81c85144d3a229fb98ff1b14253d374afecd286b9aac7,7,11,block_decomposition,generic_planar_three_color_yes,3,3,True,True,360,8,7,1,
785,b1b589372441657ef3883d5b3a61421927c3f2e12561aacf2033080169e0febc,7,11,block_decomposition,generic_planar_three_color_no,4,4,True,True,2376,12,11,1,
787,9f2a612a74cf7e061f6ad176403d2fe7ada9022e80dfceb5e92ebf6ec0632580,7,11,block_decomposition,generic_planar_three_color_yes,3,3,True,True,492,8,7,1,
788,e5ddb0c9a1c573a6342dd2ca9df9cb2e9fc15042676831ecc715197bbc5707e7,7,11,block_decomposition,generic_planar_three_color_yes,3,3,True,True,397,8,7,1,
790,24d61b7ed238a2211224401cf28479993e869836d8a1f62644a50f147d6fd417,7,11,generic_planar_three_color_yes,generic_planar_three_color_yes,3,3,True,True,71,8,8,0,
791,dceabcf8d0994c94d89ce4476f6a9b4a2080970fc320817e10c1ff6837e59f99,7,11,generic_planar_three_color_yes,generic_planar_three_color_yes,3,3,True,True,489,8,8,0,
792,ba0e772f0f955412a27f7a1731872f930091be1ac98372d7ae1f9b30f470f6e3,7,11,generic_planar_three_color_yes,generic_planar_three_color_yes,3,3,True,True,495,8,8,0,
793,fe27bce2966d08601e1d22a17333310964247e55cac866c81716c7c9391e2236,7,11,generic_planar_three_color_yes,generic_planar_three_color_yes,3,3,True,True,451,8,8,0,
794,56db2ae32cd5f61bfbf8429fb9aab1e80fdb6779173985049d4ea252daa5b9e7,7,11,generic_planar_three_color_yes,generic_planar_three_color_yes,3,3,True,True,502,8,8,0,
795,9c18e97a1dd624c5fe97bcfc4be5fad4d99b561ceb35d329743398b4794baae4,7,11,generic_planar_three_color_yes,generic_planar_three_color_yes,3,3,True,True,521,8,8,0,
796,e9e7dc46d80b2e28152ec7fa955bfa901336ea42a5607ab2674f6d248e343a5d,7,11,block_decomposition,generic_planar_three_color_no,4,4,True,True,2380,12,14,-2,
797,aa52f8cd1d9bf9b5eb6cf0608c7cc044f4e979608d4b28d556d69ae6e5f2b47e,7,11,generic_planar_three_color_yes,generic_planar_three_color_yes,3,3,True,True,476,8,8,0,
798,d206a3c655d46a5e46d7adb47df63bf71d290f5c07bca14f4b9996a8500a260b,7,11,generic_planar_three_color_yes,generic_planar_three_color_yes,3,3,True,True,358,8,8,0,
799,dcee0a5356fdd16d0775e4f3688cc17feb43b5ef90bb2aaabece4df3d7e85f08,7,11,generic_planar_three_color_no,generic_planar_three_color_no,4,4,True,True,2354,12,12,0,
800,1007e99f22b653e1033500e0da0f2b19bc0dd39994382fe08fafe4f74ca17bbf,7,11,generic_planar_three_color_yes,generic_planar_three_color_yes,3,3,True,True,98,8,8,0,
801,305a314a0cae40c4c48ed5344c9b0aaeb480d70b82673c55b469583126794cd8,7,11,generic_planar_three_color_yes,generic_planar_three_color_yes,3,3,True,True,83,8,8,0,
802,e3731de8d77e164a6e22079d8b4158f0db17026609d8ae8af706cb0aa893e422,7,11,generic_planar_three_color_no,generic_planar_three_color_no,4,4,True,True,1090,12,12,0,
803,ce55ff8792595c4e6bd80666b2f1b12f97edda23253c1720b13f4fafebe77129,7,11,generic_planar_three_color_yes,generic_planar_three_color_yes,3,3,True,True,481,8,8,0,
804,553709e17b065970b94510cbc3304f4a1c1efd8eb543a32a4c70ae118bb40fe9,7,11,generic_planar_three_color_yes,generic_planar_three_color_yes,3,3,True,True,482,8,8,0,
805,5cfe98a75fee59663938d40265ed8213d7f968ecb8890c8e7d467dc9e95ff2f1,7,11,generic_planar_three_color_yes,generic_planar_three_color_yes,3,3,True,True,408,8,8,0,
806,9f2d5aa8cd2872a6b82b495359e043e353e8258770c0a85419d99768dd7cb671,7,11,generic_planar_three_color_yes,generic_planar_three_color_yes,3,3,True,True,380,8,8,0,
807,fa06ab4261913ee608eae02c15328b1286398602887b6eb8f2753b357cb8593f,7,11,generic_planar_three_color_yes,generic_planar_three_color_yes,3,3,True,True,493,8,8,0,
808,ac579bed0f3407981722acf55a5f3af3fa57f3cb2befd6579aa17017f28c02e1,7,11,generic_planar_three_color_yes,generic_planar_three_color_yes,3,3,True,True,492,8,8,0,
809,6ef41b2dfcd6cd4ee08f313119227b51880e09b8d5403649a74ed37b212be742,7,11,block_decomposition,generic_planar_three_color_no,4,4,True,True,1229,12,14,-2,
810,954fa7e0cf9ebd8a55189d16eaaf6bb1f85a9aacd4f19b591e07cfeb2431604a,7,11,generic_planar_three_color_yes,generic_planar_three_color_yes,3,3,True,True,164,8,8,0,
811,8477ada6124fc8611b37c699e4d0dfb55a47a5ab113695d1a7f7506d98969479,7,11,generic_planar_three_color_no,generic_planar_three_color_no,4,4,True,True,1927,12,12,0,
812,4538b63ff49faed0cc9211fc4f36e98d877465acc105003407b32a84284eae9b,7,11,generic_planar_three_color_yes,generic_planar_three_color_yes,3,3,True,True,115,8,8,0,
813,0508c7226c2aba6555d6967dc19ab748d4a64a69b2e67aa114a730fe0bf3fd3f,7,11,generic_planar_three_color_yes,generic_planar_three_color_yes,3,3,True,True,341,8,8,0,
814,9468f9871db05587dcc1f8a35dd2ea49c17def690c73332b7ce26861dd89944f,7,11,block_decomposition,generic_planar_three_color_no,4,4,True,True,1990,20,10,10,
815,355f1e565798159107650b9ab53f3816128680103c0bf0ad3c5d032acb3eb671,7,11,block_decomposition,generic_planar_three_color_yes,3,3,True,True,355,8,10,-2,
816,0c7f265493ea7dcf3bccdd3a7fa4ab5fbf5b35159504b0b9acd1f3562ba1ddd2,7,11,generic_planar_three_color_yes,generic_planar_three_color_yes,3,3,True,True,485,8,8,0,
817,b97d145c5e4026a78d7c1244eabe54871f009bccbb32eb0526ff1a6f4e9e648b,7,11,generic_planar_three_color_yes,generic_planar_three_color_yes,3,3,True,True,488,8,8,0,
818,843dd180a7a8c3d97f69d1dfee4a4e957399038ef3fea97300934f0b97986396,7,11,generic_planar_three_color_yes,generic_planar_three_color_yes,3,3,True,True,485,8,8,0,
819,791779faf998467ae663c63c37d979f7da7b9f7ae6d38b36efdaa8a5be769d7a,7,11,generic_planar_three_color_yes,generic_planar_three_color_yes,3,3,True,True,359,8,8,0,
820,817f7872cc3841d8e167c2711e98d85d5d71b1fb77c93eee7579e995b9417ffd,7,11,generic_planar_three_color_yes,generic_planar_three_color_yes,3,3,True,True,476,8,8,0,
821,2f0997dd9f9654fc93810130d64a4a36c42b2ab0a9721714bfae57e425ed9308,7,11,generic_planar_three_color_yes,generic_planar_three_color_yes,3,3,True,True,487,8,8,0,
822,6f163ae73d362e69910514e18b0b9e31033639147848048f0241cc367ae1f187,7,11,generic_planar_three_color_yes,generic_planar_three_color_yes,3,3,True,True,445,8,8,0,
823,bf2eaafcea343707ce2cebc772cced7925b0e220168924f321a8656b6270a913,7,11,generic_planar_three_color_yes,generic_planar_three_color_yes,3,3,True,True,406,8,8,0,
824,49e642ccbe256ec88bd9aa80fe3b29e3f1db1cd0a4eeb41949b3139776d2ea86,7,11,generic_planar_three_color_yes,generic_planar_three_color_yes,3,3,True,True,215,8,8,0,
825,cf68f3909e21e7f8762e311f28b6e5975e3c127da5bab6919fdac1ff6c74298a,7,11,generic_planar_three_color_no,generic_planar_three_color_no,4,4,True,True,1922,14,14,0,
826,72c2cc058b5ff20e807bf663617db020a4a6e99f3b6e0c05bcd0b367eba7b267,7,11,generic_planar_three_color_no,generic_planar_three_color_no,4,4,True,True,1894,12,12,0,
827,9152a91bbac584232d837154e0dc01c881b6af87c7020798b35b0ad362d15b37,7,11,generic_planar_three_color_yes,generic_planar_three_color_yes,3,3,True,True,351,8,8,0,
828,bec466654bfcb7b3da6c6b99828b13289a6d24a06c243b1c7acf1b95e2e957a5,7,11,generic_planar_three_color_yes,generic_planar_three_color_yes,3,3,True,True,355,8,8,0,
829,5e03e279e771df187b60a2fc734cb200f6ae3ff882dc32a669230b5fd1f3adb9,7,11,block_decomposition,generic_planar_three_color_yes,3,3,True,True,386,8,10,-2,
830,404224495df7a864a24ecc2122dc6192399c2e63ecb7abd569616cf35a093237,7,11,generic_planar_three_color_yes,generic_planar_three_color_yes,3,3,True,True,344,8,8,0,
831,03396cab00a4ee653a54456cb3380ef717687dcc99e3ebaad6280b861f86df9b,7,11,generic_planar_three_color_yes,generic_planar_three_color_yes,3,3,True,True,490,8,8,0,
832,ac38fb04f67bae547b338c85b0f7880d00949456622dbeff503920ab21d01767,7,11,generic_planar_three_color_no,generic_planar_three_color_no,4,4,True,True,2344,12,12,0,
833,8a2e01935e6358ce7e811a6e231d3701a3e1f3f6c019fbd8483a1a71fe7799db,7,11,generic_planar_three_color_yes,generic_planar_three_color_yes,3,3,True,True,360,8,8,0,
834,198b537051f6a64d9e2f4ba41b2f930d0d9040f3412a65d9c0c57ae1bee9a154,7,11,generic_planar_three_color_yes,generic_planar_three_color_yes,3,3,True,True,487,8,8,0,
835,4b4534bda301bb2c6a9b54438a25c08cd5713ead5dc4ab35e2781d818b8aa737,7,11,generic_planar_three_color_yes,generic_planar_three_color_yes,3,3,True,True,378,8,8,0,
836,931db6fed648c61109d327e22e1bb2fc2751c03bbabb65c93f1e2b556f608afb,7,11,generic_planar_three_color_yes,generic_planar_three_color_yes,3,3,True,True,486,8,8,0,
837,abae0a24c24ee5038f5412fa3eb7ceddea5a41817774ee355bcfe25523567052,7,11,generic_planar_three_color_yes,generic_planar_three_color_yes,3,3,True,True,360,8,8,0,
838,612e4a455a7e961b41880b5bc3877ab8573093c8344ddd83aa08b02b23c0a176,7,11,generic_planar_three_color_yes,generic_planar_three_color_yes,3,3,True,True,486,8,8,0,
839,7743e0daa48ae52a980df43eda9b97dd481b223420d13cccfdff19f7717d95db,7,11,generic_planar_three_color_yes,generic_planar_three_color_yes,3,3,True,True,206,8,8,0,
840,bd95bdb394ab3f8e740d0469d605f775b3e6bdc2c140b9ac7dc89c75d787e030,7,11,generic_planar_three_color_yes,generic_planar_three_color_yes,3,3,True,True,505,8,8,0,
841,988c42f578e25392e68c39e42cd45f19777988ff4e998468569a49d898e46039,7,11,generic_planar_three_color_no,generic_planar_three_color_no,4,4,True,True,1926,12,12,0,
842,559c2724513670e28d09cf065ce43bdd82855dcb7850861d325e3b5ba646cddf,7,11,generic_planar_three_color_yes,generic_planar_three_color_yes,3,3,True,True,109,8,8,0,
843,5d2033ee90f2cc3f10bb085ba33b7fef920a2d8e24dd87a588c2f27a29c85239,7,11,generic_planar_three_color_yes,generic_planar_three_color_yes,3,3,True,True,368,8,8,0,
844,b010e73257cce8198c8222e9ccb58b8aa332b5cf1b9a1b91826c7e1d580b1771,7,11,generic_planar_three_color_no,generic_planar_three_color_no,4,4,True,True,2466,12,12,0,
845,fd53ad1efe202f1e723d9b9debd85f9aad0e36ea9efed6cf9886b994575e55db,7,11,generic_planar_three_color_yes,generic_planar_three_color_yes,3,3,True,True,494,8,8,0,
846,f29393bab74fa57875ae526575d68a28fde53a1ac95bab0f3875f637ddae73a9,7,11,generic_planar_three_color_yes,generic_planar_three_color_yes,3,3,True,True,516,8,8,0,
847,4ec0318798dc22c6cdee9f121daa625a01d2ed2442bcc018e8455d998bca9641,7,11,generic_planar_three_color_yes,generic_planar_three_color_yes,3,3,True,True,82,8,8,0,
848,115b35c653b545d0963f143c066af9daf5c747fe03b84ee6e64d5a2650254677,7,11,generic_planar_three_color_yes,generic_planar_three_color_yes,3,3,True,True,493,8,8,0,
849,e89730141bef60e3bb5551eb1d6b28da1f75e86e5ec9565ba87ce87bb556bc5a,7,11,generic_planar_three_color_yes,generic_planar_three_color_yes,3,3,True,True,543,8,8,0,
850,9ab98941c882a08f4cbae8f803e320687fc4ab2f196ea2f21a43adb4b46f4354,7,11,generic_planar_three_color_yes,generic_planar_three_color_yes,3,3,True,True,362,8,8,0,
851,3a085f2f9a066b5a89c26dd322dec363fe9306bd34fcff47b354bccd91c0c79e,7,11,block_decomposition,generic_planar_three_color_no,4,4,True,True,2001,14,14,0,
852,a916dd330fd544a5daa58ea75dd8c11732465cc15710c17b895129082e9501b6,7,11,generic_planar_three_color_yes,generic_planar_three_color_yes,3,3,True,True,492,8,8,0,
853,14017afff1a779ac07fb9ceb6ad94f90b89fa066b5500cd254a94ad38bfef0f5,7,11,generic_planar_three_color_yes,generic_planar_three_color_yes,3,3,True,True,384,8,8,0,
854,56ada94ee5bf321d79b96c0bf31167129aa9a32db5fea4a6fa57cd23bf4a9d2a,7,11,generic_planar_three_color_yes,generic_planar_three_color_yes,3,3,True,True,355,8,8,0,
855,5180ad6683830d60e8e597ab73b93a7fc0d5f17195c170d18b9365168a0beae0,7,11,generic_planar_three_color_yes,generic_planar_three_color_yes,3,3,True,True,351,8,8,0,
856,afa2dafed7d2e1bfa036db5747b248aed50ccf6a1003e0ec4b5f6eeaf033a9e3,7,11,block_decomposition,generic_planar_three_color_no,4,4,True,True,1158,12,10,2,
857,00512c181fa909204fe242452e37cf4fc3762cc1863b8556c4910e5f6bd9d8e0,7,11,generic_planar_three_color_yes,generic_planar_three_color_yes,3,3,True,True,216,8,8,0,
858,0a534ff00a5d3e6a16b4d9803a87b5dd15bd017019ca6b4d1372f3f661345abc,7,11,generic_planar_three_color_yes,generic_planar_three_color_yes,3,3,True,True,347,8,8,0,
859,591ff5562676bf7b6a3849a1e8d340edc25257d2f7ef2d7fb22f6a2b6e696dfd,7,11,generic_planar_three_color_yes,generic_planar_three_color_yes,3,3,True,True,425,8,8,0,
860,96f788b57690e5f9efae9035c9fa0cefd3ab44d8a29f265134219101d8a3598f,7,11,generic_planar_three_color_yes,generic_planar_three_color_yes,3,3,True,True,494,8,8,0,
861,f698236b21182eb2d8181c1974ec78d0b47c6fba3e4c534382cbbd50b1af618e,7,11,generic_planar_three_color_yes,generic_planar_three_color_yes,3,3,True,True,347,8,8,0,
862,43be811b7e8ff47ae8ac9e60e66428bf5e366286b6d4b9cce55a7e61adebf65c,7,11,generic_planar_three_color_yes,generic_planar_three_color_yes,3,3,True,True,360,8,8,0,
863,966b8dd884712ff5305a10512df3901c3d8c01fc911af04703b9412b22bd7782,7,11,generic_planar_three_color_yes,generic_planar_three_color_yes,3,3,True,True,361,8,8,0,
864,946a7e210eba6966fef860d19fb093d953dbc35a26a6956b2a7ba1b28fa12609,7,11,generic_planar_three_color_yes,generic_planar_three_color_yes,3,3,True,True,194,8,8,0,
866,b1b429890ddd478e4a37068e46ba0a1d674e4f359d6ba80a4791033edcc59c01,7,11,generic_planar_three_color_yes,generic_planar_three_color_yes,3,3,True,True,116,8,8,0,
867,bdc291e586a0a1304240f222c7072d133070ce91817b6e9774c7b8fbf1f972be,7,11,generic_planar_three_color_yes,generic_planar_three_color_yes,3,3,True,True,356,8,8,0,
868,1bfaafdd57fe21b771e4c4ec990d4a8c3c3dc733696198f5fe61082452f412ae,7,11,generic_planar_three_color_yes,generic_planar_three_color_yes,3,3,True,True,359,8,8,0,
870,c455263dc4aebeee159fed6237ebcefa8aaea2f6602a12c167acb6add8b0fb8b,7,11,generic_planar_three_color_yes,generic_planar_three_color_yes,3,3,True,True,356,8,8,0,
871,779336ad9710c53430a7efb7f8ed957a26bae4df07e7902da4632787597d0623,7,11,generic_planar_three_color_no,generic_planar_three_color_no,4,4,True,True,1930,12,12,0,
873,6bc0cbac6aad050927a7e9af63135928300c4029f31fefcf4ca191413ef3a2a0,7,11,generic_planar_three_color_yes,generic_planar_three_color_yes,3,3,True,True,191,8,8,0,
875,0a5f5d69e3615777aa7c3ded5c10170076974ba791ed4ced875d15771711c8ec,7,11,generic_planar_three_color_yes,generic_planar_three_color_yes,3,3,True,True,110,8,8,0,
877,3a527a7b430dde35b1c6d22dbb6fc85cdd714d0f72338cf64882ac6368de309b,7,11,generic_planar_three_color_yes,generic_planar_three_color_yes,3,3,True,True,415,8,8,0,
878,78abe24c8d0b630a193666fbbb277a2164cd766b32109f8b172421025e364099,7,11,generic_planar_three_color_no,generic_planar_three_color_no,4,4,True,True,2430,20,20,0,
881,bda54814cbf6e73f5b2c8e103b05faeecc6924e85306df8a13213c0fe3dcde87,7,12,block_decomposition,generic_planar_three_color_no,4,4,True,True,2471,12,7,5,
883,1d98c495ce0c1addf18fa01c771c70c4aee2487cc034a9402d738d495fa585a8,7,12,block_decomposition,generic_planar_three_color_yes,3,3,True,True,486,8,7,1,
886,615dd55036f672a823fa91c19181b1a0921c1cfb4c05cd6a11e555e779318257,7,12,block_decomposition,generic_planar_three_color_no,4,4,True,True,2523,12,11,1,
887,b7541dfafb7e23fc80f1555f9fede259e1e5140ca412d4e37d859b0367fe61c1,7,12,block_decomposition,generic_planar_three_color_no,4,4,True,True,2523,12,11,1,
888,34d643eedbc9e1f9f41cc45116401559d969f81783a39df447c327053423ac67,7,12,block_decomposition,generic_planar_three_color_no,4,4,True,True,1999,12,11,1,
889,7df43d6f53b30030585f897efe139c1920125428878774bc6ea67086ccef6842,7,12,block_decomposition,generic_planar_three_color_no,4,4,True,True,1999,12,11,1,
890,ce0153211db39a1e83e36f19d8ecd678bde3b298052b8be04a2cfacb973c4444,7,12,block_decomposition,generic_planar_three_color_no,4,4,True,True,2524,12,11,1,
891,7863bb353bac5398e6c8562eb71711d5652eb82a464f6b155ce96b70274a979d,7,12,block_decomposition,generic_planar_three_color_no,4,4,True,True,2000,12,11,1,
892,2a5973803c05a82315cda914c90940a82a819f77048049110a68e0029dbf1022,7,12,block_decomposition,generic_planar_three_color_no,4,4,True,True,2000,12,11,1,
896,e1883867c1dd7a1577c43f72562234f787884be6e728144b66b756aeeae622aa,7,12,block_decomposition,generic_planar_three_color_no,4,4,True,True,2375,12,11,1,
897,8655d674957594fda6be14732eb7ea0e8a7abe9c0f158fa6ff976f371480a11b,7,12,block_decomposition,generic_planar_three_color_no,4,4,True,True,1927,12,11,1,
899,da07f4e4a1a385c68cfa73715ae85d01972c685835d04a68946173f7528597a3,7,12,block_decomposition,generic_planar_three_color_no,4,4,True,True,1927,12,11,1,
900,a05e2fbf63d6cb422437052f1fd68f737bcb3012b2ccdefaafc4339d4142027c,7,12,block_decomposition,generic_planar_three_color_no,4,4,True,True,2524,12,11,1,
901,6e79bd957cc35279b92eff61fa4d31d0a9e363bae2d62e5bb46edb5cf3295567,7,12,block_decomposition,generic_planar_three_color_no,4,4,True,True,2375,12,11,1,
903,afb273282d47607af3899d07c832307b6f52c17364df0f9b7388e90617994b5a,7,12,block_decomposition,generic_planar_three_color_no,4,4,True,True,1235,14,11,3,
904,88347260e08e7c3be83230415a5d1f2e74e1d48945d69cfd542f8e279cca6ecd,7,12,block_decomposition,generic_planar_three_color_no,4,4,True,True,1236,12,11,1,
905,d6defcb5be5fe5cbdd2240055b45df22ea7a570260dea506f9393368d4d1aa85,7,12,block_decomposition,generic_planar_three_color_no,4,4,True,True,1999,12,11,1,
907,cfcc6d38fc43bf7f580a70ff05a37530e476640bb7da014155a36a84d9fff0c2,7,12,block_decomposition,generic_planar_three_color_yes,3,3,True,True,414,8,7,1,
908,3af726acee40d79423a14279af81d42d4efda5e8d6307774c2f2d7ecdee19b69,7,12,block_decomposition,generic_planar_three_color_yes,3,3,True,True,415,8,7,1,
910,1f38c0ed386573a83b7c1d8be0f53ff3ac929497ae5219e543781753cb8edf21,7,12,block_decomposition,generic_planar_three_color_yes,3,3,True,True,415,8,7,1,
913,49d06eb0269336e531c12d9fd0232a471fe0a341f6e44fb3a16370fba71d5a8b,7,12,generic_planar_three_color_no,generic_planar_three_color_no,4,4,True,True,870,12,12,0,
914,5a0b2c02146f7df2ec7f0d6300e973d1f246b9a420de77dfbb875dc63439854a,7,12,generic_planar_three_color_no,generic_planar_three_color_no,4,4,True,True,1918,12,12,0,
915,3647140e75e68179a2c85a026435d66fb61881e189d1c184f4692dd6552b92f8,7,12,generic_planar_three_color_no,generic_planar_three_color_no,4,4,True,True,903,12,12,0,
916,1bbcdb02438d8288d065cf2eb24de341069ccb5815fe0d73eab017a417bac80b,7,12,generic_planar_three_color_no,generic_planar_three_color_no,4,4,True,True,2527,12,12,0,
917,b67efc19cc67a39da552485e6789cefa6fe8473abe07df06dfb4ab43b212728b,7,12,generic_planar_three_color_no,generic_planar_three_color_no,4,4,True,True,2532,12,12,0,
918,8f1c07e4674f7beda65942de163cf17d305a03f7ff7ab1d61cdf88ede358aa74,7,12,generic_planar_three_color_no,generic_planar_three_color_no,4,4,True,True,1928,12,12,0,
919,fb1b31ae4d8b36d9385fb64bb3772a16f21e28b4a67cb24d7ad78275d8ca71ae,7,12,generic_planar_three_color_no,generic_planar_three_color_no,4,4,True,True,1996,12,12,0,
920,355bac5deafa8ea6b7bf0972c23cfee280b66353a763a1a6c1fbe6be6e5d9b1b,7,12,generic_planar_three_color_yes,generic_planar_three_color_yes,3,3,True,True,389,8,8,0,
921,83e5b7ef636885803eeb0e89d4a6df1dbb4e6a124cae67b25b0ae2dcf38a9b17,7,12,generic_planar_three_color_no,generic_planar_three_color_no,4,4,True,True,2539,12,12,0,
922,e8af95a1cfd999acb7996d106b1c013c0f06553dfa092730a24dac70f9e7edc4,7,12,generic_planar_three_color_yes,generic_planar_three_color_yes,3,3,True,True,357,8,8,0,
923,7ad2ab17ac4593f26357e3c8612831aadbb59e3b6532e7a63e798532e0e72f55,7,12,generic_planar_three_color_yes,generic_planar_three_color_yes,3,3,True,True,389,8,8,0,
924,1eb3b9d808c9d6cee9e949edcb47387308aeef3f9cc05deb4e57da191da65c59,7,12,generic_planar_three_color_no,generic_planar_three_color_no,4,4,True,True,2539,14,14,0,
925,8d08ceadff082b9418b37fbbf6e7e4d2a3823cce6c780d2988e94ff362d5d6ab,7,12,block_decomposition,generic_planar_three_color_no,4,4,True,True,2442,12,10,2,
926,325dc7fffc7adb23ca322ef18397753cb4a3b3ac651bd1bb714fb365a3f8ca64,7,12,generic_planar_three_color_no,generic_planar_three_color_no,4,4,True,True,2559,12,12,0,
927,68d5c99526094572efb88fcf4783664ff30181a5869d4f2bb4724f97b28d8cf6,7,12,generic_planar_three_color_yes,generic_planar_three_color_yes,3,3,True,True,361,8,8,0,
928,f0319b9ba74d5ac68b7b5b12931ca78abbbaa4a76fe43ba1c4f862edabd97fa1,7,12,generic_planar_three_color_no,generic_planar_three_color_no,4,4,True,True,1929,12,12,0,
929,f4f548ce8b0454eace4bed37793d9b94e3a1a89f6abb5f58c118ca9970ecee0a,7,12,generic_planar_three_color_yes,generic_planar_three_color_yes,3,3,True,True,386,8,8,0,
930,ce85f98633cd079e0268a3a66f9e89381c75b5c802a05d057ae5f1cbb66e7802,7,12,generic_planar_three_color_no,generic_planar_three_color_no,4,4,True,True,1918,12,12,0,
931,b4d8c88901c3435493f61fe25538d39a60943ce58cea9b9e698cb9f8a63f071c,7,12,generic_planar_three_color_no,generic_planar_three_color_no,4,4,True,True,905,14,14,0,
932,d46c9a4d73a773fd4a9be43aaeb59a81be07f5328a7c334eb2fec9025ee6740c,7,12,generic_planar_three_color_yes,generic_planar_three_color_yes,3,3,True,True,362,8,8,0,
933,0db09773ddf0783fdb933a828761b871306d06765e93de328cf71e1a5fa8c2d2,7,12,generic_planar_three_color_no,generic_planar_three_color_no,4,4,True,True,1996,12,12,0,
934,2e6c9477d9b22d70f8cbb25ce103b41ba5bf4e3ced88e964a2cc83574439ddfd,7,12,generic_planar_three_color_yes,generic_planar_three_color_yes,3,3,True,True,381,8,8,0,
935,b4651f7d99fa3a43f792dde7829a72a339db9a00b01abe53ce944d7ad05373a5,7,12,generic_planar_three_color_no,generic_planar_three_color_no,4,4,True,True,1929,14,14,0,
936,e1bb0cad11d6a5c542a8909fa0b9ee9029656fc0a12a83a18d62ac6cb682a889,7,12,generic_planar_three_color_yes,generic_planar_three_color_yes,3,3,True,True,388,8,8,0,
937,ccbda6c84d8f67f44eb6bc0951768db3ed82cb74c3289c876066279f3bd2f793,7,12,generic_planar_three_color_no,generic_planar_three_color_no,4,4,True,True,1927,12,12,0,
938,e349d108a3b0e230a7e0a623d74cf273c3097efd94ce9f9170ea5a011ef1ffb1,7,12,generic_planar_three_color_yes,generic_planar_three_color_yes,3,3,True,True,534,8,8,0,
939,9e79443c5287dc3f82e4e546363dc1052078c59a4b57392edff88d39564cf4f6,7,12,generic_planar_three_color_yes,generic_planar_three_color_yes,3,3,True,True,518,8,8,0,
940,84acda9594ef1a8bb80d9f90d621b9c6430b18eca250f544ab493ed9ae562b36,7,12,generic_planar_three_color_no,generic_planar_three_color_no,4,4,True,True,2376,12,12,0,
941,41a9a8ea0ba9f4e77e033fa5c09a90e6a8e80f95c69c047015dc487dd92aa23f,7,12,generic_planar_three_color_yes,generic_planar_three_color_yes,3,3,True,True,385,8,8,0,
942,1ec54ce5c1caa1627dfe647d93d4c64225e76ff83c300b76d5c86f2116cebb5e,7,12,generic_planar_three_color_no,generic_planar_three_color_no,4,4,True,True,2407,12,12,0,
943,6eb01eb7705ddd46d42a785d215c563f24fe22d0fcf2382eba6bd74fb871b38c,7,12,generic_planar_three_color_no,generic_planar_three_color_no,4,4,True,True,2508,12,12,0,
944,79dbd1f9d46fc08a16eea6444cfc8299a92bb15977fe028763ba97027e0babd6,7,12,generic_planar_three_color_no,generic_planar_three_color_no,4,4,True,True,2526,12,12,0,
945,522073bbb6a9a7a391744bfad6724bf8b2be90743be977d69dc7df55efda7ece,7,12,block_decomposition,generic_planar_three_color_no,4,4,True,True,2001,12,10,2,
946,f19cdefa093f8aeeb2b41d56582bb4d324b194b1e898a33cd488f28d044183d4,7,12,generic_planar_three_color_yes,generic_planar_three_color_yes,3,3,True,True,362,8,8,0,
950,72996cf9413a75f5ec8219652d5fbd415c664162d682b9282ff8ea889e2a7fcb,7,12,generic_planar_three_color_no,generic_planar_three_color_no,4,4,True,True,1894,12,12,0,
951,97ed7015274cba87a2634e096a1089799255fad4851837d83a130016fb0b6ae4,7,12,generic_planar_three_color_no,generic_planar_three_color_no,4,4,True,True,1927,16,16,0,
952,fad70c325ad7c8d25cfc2d153974560b9732fc7fb2c53610ca8279b1ecb3fa78,7,12,generic_planar_three_color_yes,generic_planar_three_color_yes,3,3,True,True,355,8,8,0,
953,070965fa2750342b9339d344ae722bb31b2c68605e90484e97a839163e9f3d1d,7,12,generic_planar_three_color_no,generic_planar_three_color_no,4,4,True,True,2377,12,12,0,
954,33acc47d6b4f22c3b9f202254cd29f4fe8cfafb3bc191243985f9fdef00bbf49,7,12,generic_planar_three_color_yes,generic_planar_three_color_yes,3,3,True,True,455,8,8,0,
955,e8f3da19bf1df7c9dc80af3a35a3761e5f7481bf5bf7589477f4fec4cf52b685,7,12,generic_planar_three_color_yes,generic_planar_three_color_yes,3,3,True,True,116,8,8,0,
956,fafef520f709fd0d9ba015ac913f7ed8754c5b28f3ee12771f67d0406b8c0757,7,12,generic_planar_three_color_no,generic_planar_three_color_no,4,4,True,True,2398,14,14,0,
958,381c694bb7d39e33c1e81c3084ec51341d1a1d438e42a5a5118650fd51e898c0,7,12,generic_planar_three_color_yes,generic_planar_three_color_yes,3,3,True,True,492,8,8,0,
959,581c6d376865d66dd24c078bb2ef399711b1b5acfe13621334e7b21ad0468169,7,12,generic_planar_three_color_yes,generic_planar_three_color_yes,3,3,True,True,356,8,8,0,
960,983ad94816d163f50a714943e60f250dfb892f461ad88e75fb903debc20cc400,7,12,generic_planar_three_color_yes,generic_planar_three_color_yes,3,3,True,True,462,8,8,0,
961,ccb6c647422bb5b6ea250693a2391c34b74c44999d0eb52ae4458f8acc32e3dc,7,12,generic_planar_three_color_yes,generic_planar_three_color_yes,3,3,True,True,504,8,8,0,
962,dba9b9544270e3d1dce425c22be2da6de9c5d5b03e095554732d1b80980496fa,7,12,generic_planar_three_color_yes,generic_planar_three_color_yes,3,3,True,True,506,8,8,0,
963,940b3978d0c4e9f944dfb0486392b925dedacdf5b143db6d89bcbad75e04255b,7,12,generic_planar_three_color_yes,generic_planar_three_color_yes,3,3,True,True,506,8,8,0,
964,5eeb46e252325d80777700c8d5ae6a6e741e0afa5a8f81ffe73d1f122decaca9,7,12,generic_planar_three_color_no,generic_planar_three_color_no,4,4,True,True,1918,12,12,0,
965,87ead46dd86031598f69e5222843d8bc10513ff791e3b202651b6a171d1ea553,7,12,generic_planar_three_color_no,generic_planar_three_color_no,4,4,True,True,886,12,12,0,
966,dd6abbaef68d8ee8fb77286103655a737b1f6d11e5ce4f6bebbc5509700fdcdc,7,12,generic_planar_three_color_yes,generic_planar_three_color_yes,3,3,True,True,179,8,8,0,
967,fac135126fbad1cfc2cf5eacf0ff2ab4ed4c3c78f44c7c3a4db15afc4340b365,7,12,generic_planar_three_color_no,generic_planar_three_color_no,4,4,True,True,886,12,12,0,
968,63371cbdee50697dbd52b21f159119daf0d854f662a806b114e0406b2fde1084,7,12,generic_planar_three_color_no,generic_planar_three_color_no,4,4,True,True,1918,16,16,0,
969,4b2defe2d31ee512b85c2d2fe3405f2b8d2f00690ec83df8efda6ec5f7d382b6,7,12,generic_planar_three_color_yes,generic_planar_three_color_yes,3,3,True,True,446,8,8,0,
970,e792c903e3c44c78c2675f26255d813d8481941f52dc1483e85ac4f5ee88c333,7,12,generic_planar_three_color_yes,generic_planar_three_color_yes,3,3,True,True,494,8,8,0,
971,17074bdbd31a10d1fb310ee9632f34dc277940aea1c4589f86903e99bceb8e0d,7,12,generic_planar_three_color_no,generic_planar_three_color_no,4,4,True,True,1231,12,12,0,
972,27cd87732fafc73e14e94e5a42028cecb167493607edf44a338a169bd149e055,7,12,generic_planar_three_color_yes,generic_planar_three_color_yes,3,3,True,True,110,8,8,0,
974,d9c9acf948c1a94e3adda1c2c9223c1fd22b539598f3ba41ab7460410e87a9f4,7,12,generic_planar_three_color_no,generic_planar_three_color_no,4,4,True,True,1202,16,16,0,
976,0ef2f301eb6c7eea793dd414224ebc8b56909f5f74cb585300c675e1d469909b,7,12,generic_planar_three_color_no,generic_planar_three_color_no,4,4,True,True,1218,14,14,0,
979,197a07edbd61e42e179ffee5eb940ea9fe7bac9c6440a9dea463eaed779ee65e,7,12,generic_planar_three_color_yes,generic_planar_three_color_yes,3,3,True,True,504,8,8,0,
980,550ebc47a52054832a2be74324c850ba1e9a9f4782cecbe7a7d03974b379a8bf,7,12,generic_planar_three_color_yes,generic_planar_three_color_yes,3,3,True,True,504,8,8,0,
981,2d0451e7e4d22f9a509a41cf927a33471597d36a3b4717ccb8d1ca114f802c84,7,12,generic_planar_three_color_yes,generic_planar_three_color_yes,3,3,True,True,164,8,8,0,
982,694a28d1dafae49c0caed019ae8c5002067721553a043290616bed8385960f4c,7,12,generic_planar_three_color_yes,generic_planar_three_color_yes,3,3,True,True,116,8,8,0,
985,d3a9d7e82b991099e43a4ea4083e5d697cedbe47db8fde7ff27543af4d86b87a,7,12,generic_planar_three_color_yes,generic_planar_three_color_yes,3,3,True,True,415,8,8,0,
986,c835615953071b87ee217940f7cf183bf9dd9e2b9265e53d95e2ca8f3e0ff448,7,12,generic_planar_three_color_no,generic_planar_three_color_no,4,4,True,True,1162,12,12,0,
989,567342d21588d4adf44d041fdd651d0c31e1938b6901b4a4fdc13b841e972743,7,12,generic_planar_three_color_yes,generic_planar_three_color_yes,3,3,True,True,110,8,8,0,
990,f413a6fef945bb1acc45e63b82d0219e5fb6d7f03871fe32dbb270b6a4ba9e2f,7,12,generic_planar_three_color_yes,generic_planar_three_color_yes,3,3,True,True,476,8,8,0,
992,2cdc135bdf286e1e34805f756fb293706a473c4fa0400bcd15ee73575e0c4f8b,7,12,generic_planar_three_color_yes,generic_planar_three_color_yes,3,3,True,True,110,8,8,0,
993,fb3151d82f92799f9a023f9ec8972f1baf786354c8be5561668bc85e03d2bba0,7,12,generic_planar_three_color_yes,generic_planar_three_color_yes,3,3,True,True,107,8,8,0,
995,17534c24ffb06e1b8f20f9de0295908fa45a3f9b0d411253ecf2069d8297b6ed,7,12,generic_planar_three_color_yes,generic_planar_three_color_yes,3,3,True,True,110,8,8,0,
996,aca246d1c344b3d7fdb9583216f368e2fb13e4c1a87d076c32a015fdad85cda2,7,12,generic_planar_three_color_no,generic_planar_three_color_no,4,4,True,True,1209,12,12,0,
997,dd97d42c44c84fdc7a2790e106132ae3cb80ea0924b9cedd9f37db283def7934,7,12,generic_planar_three_color_yes,generic_planar_three_color_yes,3,3,True,True,110,8,8,0,
998,6e5560dfe5f69cf0bef48aba31d980ed354b0d9e639e9dbcc251a1a676004227,7,12,generic_planar_three_color_no,generic_planar_three_color_no,4,4,True,True,1234,18,18,0,
999,622744e855d7ffc318dc526ef4ff3ecfeede01b72de720ba081abcaf451675dd,7,12,generic_planar_three_color_yes,generic_planar_three_color_yes,3,3,True,True,182,8,8,0,
1002,862571bfafa5a5ad3ea9797b8708f013ce6e4ee4c1074b8d58b2f3250cbb91bf,7,12,generic_planar_three_color_no,generic_planar_three_color_no,4,4,True,True,1986,18,18,0,
1005,0199517418a7eccfcb5659340e544bbf450e1325b1b06c7ee24e3587d8eec788,7,12,generic_planar_three_color_no,generic_planar_three_color_no,4,4,True,True,904,18,18,0,
1006,c1bbdd12eedb03e76a2b16140ff8c772c546b5959f52cfcfc32caf7ff61614df,7,12,generic_planar_three_color_no,generic_planar_three_color_no,4,4,True,True,1926,12,12,0,
1008,66d1a00e3c64f87eee8120eb3487fee6972d3ac71fadcd265e6293b8df198769,7,12,generic_planar_three_color_yes,generic_planar_three_color_yes,3,3,True,True,341,8,8,0,
1009,8a3fdd2f0edcbb02502574c09f65a73c542ed7c88d3ba3ffb42ce12467b4bb8c,7,12,block_decomposition,generic_planar_three_color_no,4,4,True,True,1162,12,10,2,
1015,6d7ab312fe7fe12a5d0acb60f2c211f158a7a2854416d1743a4329a56a994b72,7,13,block_decomposition,generic_planar_three_color_no,4,4,True,True,2262,12,7,5,
1016,2a70c23fa6720cfe59e0faa97d5fdb48fb1ca2ae80d3d1904d975ea4d79fe1ce,7,13,block_decomposition,generic_planar_three_color_no,4,4,True,True,1096,12,7,5,
1021,ffde155164e9f7cd36ee0205f70826194b4fd2fc87e8a3b23c6357f60e760910,7,13,block_decomposition,generic_planar_three_color_no,4,4,True,True,2119,12,7,5,
1024,748347889d59b1c7b8ad70b9af704c18c336ddb71daa4a4f1a7302fe1aa2b5fa,7,13,block_decomposition,generic_planar_three_color_yes,3,3,True,True,110,8,7,1,
1025,d10db471da5ee1304ef1f52755ef01040b3cf27a07aec62c6bb6ef84a4b05c1e,7,13,generic_planar_three_color_no,generic_planar_three_color_no,4,4,True,True,1830,12,12,0,
1026,33efd6bfb3c682b849c8899095e3ced198210de0c154829f2dde910361879b90,7,13,generic_planar_three_color_no,generic_planar_three_color_no,4,4,True,True,2580,12,12,0,
1027,924c40e1196bfa1ac0fdb10d5f4e7b42f79e9f7658842f4d355dd467f8ee90c1,7,13,generic_planar_three_color_no,generic_planar_three_color_no,4,4,True,True,1996,12,12,0,
1028,653ccf216a3f88d2630b4b6a3526acbb1a9c972ef31434317d3a50b4f890a4e8,7,13,generic_planar_three_color_no,generic_planar_three_color_no,4,4,True,True,2000,12,12,0,
1029,3372d32d4fa755dfc81cf28670d3dc59560ffa2f716d548ffc4a114e81f187d7,7,13,generic_planar_three_color_no,generic_planar_three_color_no,4,4,True,True,2000,12,12,0,
1030,7533c318701763b8965d820c80bb11fa74d14c458a38af8b24e1fb8bcdace487,7,13,generic_planar_three_color_no,generic_planar_three_color_no,4,4,True,True,1858,12,12,0,
1031,9b138622904a89e44d78538cb317d299e507143874ec907e17e4f7fbeb4cff87,7,13,generic_planar_three_color_no,generic_planar_three_color_no,4,4,True,True,2576,12,12,0,
1033,02b64a9201d11b12c73ad2433220dc4836daeb91dc948a67e1d64b9d6bf3df21,7,13,generic_planar_three_color_no,generic_planar_three_color_no,4,4,True,True,886,12,12,0,
1038,8f9f7e6c55d8658753385ea56aff0b6a05bfbb45cd14fddba036587dd80ef358,7,13,generic_planar_three_color_no,generic_planar_three_color_no,4,4,True,True,2375,12,12,0,
1039,00acdb31778b7f9758592a96f840814ba79bfa169b8e0ab120a7cf298e503a7c,7,13,generic_planar_three_color_no,generic_planar_three_color_no,4,4,True,True,1922,12,12,0,
1040,23f08f852a11f09c9084029f8b70cd1df8dccdae00e1054d8ffa967bf59d38ec,7,13,generic_planar_three_color_no,generic_planar_three_color_no,4,4,True,True,2375,12,12,0,
1041,ace4380cc31b260a1e60810208a66c2f8270f1ba72d20d1f93596b597c5135a8,7,13,generic_planar_three_color_no,generic_planar_three_color_no,4,4,True,True,2580,12,12,0,
1043,2e0c578b75ae03d568d7b43e9a0090c865cfdb64593231ff0b198e87563b5024,7,13,generic_planar_three_color_no,generic_planar_three_color_no,4,4,True,True,1230,12,12,0,
1046,5b5f376b46b8554ea1dc94eceaabe5b4c3dc92b7d551d13d8af0ea252ac1138c,7,13,generic_planar_three_color_no,generic_planar_three_color_no,4,4,True,True,2512,12,12,0,
1047,1028a10675e99213119c1927f8465d5629572c1cccabfd9f105cb3b35a2e4e1d,7,13,generic_planar_three_color_no,generic_planar_three_color_no,4,4,True,True,2577,12,12,0,
1048,96d5df93cd85caf6568565b6ed463497462d7923a88b230e3fd7e1d6ae4ef337,7,13,generic_planar_three_color_no,generic_planar_three_color_no,4,4,True,True,2560,12,12,0,
1050,83292caf1457528a2294286c72757477b9585a23fbb6b12a670b905ac8b18ef4,7,13,generic_planar_three_color_no,generic_planar_three_color_no,4,4,True,True,1078,12,12,0,
1051,88566d7eaaa0f0fc67a8d7c03d5dc7a2e3476c64c1cca98108d1f36d044962ae,7,13,generic_planar_three_color_no,generic_planar_three_color_no,4,4,True,True,1238,12,12,0,
1052,461c60e4e019c101905e01902fad8d52bc7172a64d3a7e5359fb0bee1298e5f1,7,13,generic_planar_three_color_no,generic_planar_three_color_no,4,4,True,True,905,12,12,0,
1053,d8f2bd83d686391d60dd28c54cab3bc0b4bc6055a723dd1c41924e88f0f1fdcc,7,13,generic_planar_three_color_yes,generic_planar_three_color_yes,3,3,True,True,492,8,8,0,
1054,41f53941f90cd9c3ee57a6674cfb9e3721cb0bf02f12bb23df83afd84e3bd30a,7,13,generic_planar_three_color_no,generic_planar_three_color_no,4,4,True,True,2259,12,12,0,
1055,0a13c62024cdd654ecba5a64f0c96cf1b4003ba0edaa20fef24dbacff872d2ae,7,13,generic_planar_three_color_no,generic_planar_three_color_no,4,4,True,True,2543,12,12,0,
1058,6a556bd38e96859e59a9b2144937e89f7668e2aa7f959189137c4205c5fa537a,7,13,generic_planar_three_color_no,generic_planar_three_color_no,4,4,True,True,2376,12,12,0,
1059,e865aed7c23f9c5537ceb95988e047bf9f5b07889bdf831dc8cc3b0d664798f2,7,13,generic_planar_three_color_yes,generic_planar_three_color_yes,3,3,True,True,414,8,8,0,
1060,e234323115b666129fe9bc5407801a4ad668fcc5c0f3a09d77782f33028ff6ae,7,13,generic_planar_three_color_yes,generic_planar_three_color_yes,3,3,True,True,493,8,8,0,
1061,28b99e368aedda2d8adaaabba20c53ed0a378eaf17b2a9b88ec8bd366aabb29f,7,13,generic_planar_three_color_no,generic_planar_three_color_no,4,4,True,True,1994,12,12,0,
1063,89dcbb290ab8857b52e091361d1fc337a73754b9104e9b8008a7674fac613cb0,7,13,generic_planar_three_color_no,generic_planar_three_color_no,4,4,True,True,2376,12,12,0,
1065,eb3cc2e5724264b8ebdae3baa297daabbf9b2dc02743b7acee01dc0a6c2dcbbc,7,13,generic_planar_three_color_yes,generic_planar_three_color_yes,3,3,True,True,513,8,8,0,
1069,ab1023cb3cf89f7abc311c24b2df5e1077c25091631846154805056608a8b645,7,13,generic_planar_three_color_yes,generic_planar_three_color_yes,3,3,True,True,334,8,8,0,
1071,40eaa123e6f3f5895b9088b0eaf98f4c9f9ea4ff7a6a8b6bf1e9d4b43f802970,7,13,generic_planar_three_color_no,generic_planar_three_color_no,4,4,True,True,2259,16,16,0,
1075,7c6a076738c434785aac3ce1cd62841215f66088d4954544914ad8a075685a23,7,13,generic_planar_three_color_yes,generic_planar_three_color_yes,3,3,True,True,493,8,8,0,
1077,57c5edc1fc3e9bd12076506b7f00453faac92a6e4b81b4eef13c1255beec301e,7,13,generic_planar_three_color_no,generic_planar_three_color_no,4,4,True,True,1970,18,18,0,
1078,5e4d20f5701029a4484f7eeafd9ecb79b98542cf45d6b8f2afa4bfa0a6c4f6a5,7,13,generic_planar_three_color_no,generic_planar_three_color_no,4,4,True,True,1927,12,12,0,
1080,e7c8b6d2d8759e3474825c7dff5b58e5b72d43ca540815728cc3a087febc4951,7,13,generic_planar_three_color_yes,generic_planar_three_color_yes,3,3,True,True,547,8,8,0,
1081,d96fb9fd4eeb7f4171d4bf3daffd9bd98e8713f326a1777842d5ceef967ca53d,7,13,generic_planar_three_color_no,generic_planar_three_color_no,4,4,True,True,1234,14,14,0,
1082,32dbc7ff62915bf29036c469e1b41da289b33ae2fe2c7d18bfdab16d0aa4e4b1,7,13,generic_planar_three_color_no,generic_planar_three_color_no,4,4,True,True,1930,12,12,0,
1083,c66473b641704a40a1dd636a59c6f00733a13d617b529377cd351ce8ab661bf8,7,13,generic_planar_three_color_yes,generic_planar_three_color_yes,3,3,True,True,509,8,8,0,
1086,e1d7608dc3026b37fae40dc18210a081e7a0659d49952bf122783b527fc925f0,7,13,generic_planar_three_color_no,generic_planar_three_color_no,4,4,True,True,2361,14,14,0,
1087,4c504100c7d0413bac0fea83bacec72d502789546a123ab1dc43ca360fb9a6d3,7,13,generic_planar_three_color_yes,generic_planar_three_color_yes,3,3,True,True,326,8,8,0,
1089,fb88b76f4ce82f4a2ebb0e12277f579d3ab8fba49550a385d4531ed32fd37cab,7,13,generic_planar_three_color_yes,generic_planar_three_color_yes,3,3,True,True,164,8,8,0,
1091,d86f743b7e17f0896ab8e9e87a3d048d8a091a6f85c9c092b7dc326a8020bce4,7,13,generic_planar_three_color_no,generic_planar_three_color_no,4,4,True,True,1929,12,12,0,
1093,6210130d7a0a5802f48ea8e5152bbf138742f492d3132d62dc1fb0be2c666167,7,13,generic_planar_three_color_yes,generic_planar_three_color_yes,3,3,True,True,110,8,8,0,
1095,c609ddf8a3de5fd19ed6dcbbdac04896416ae350003f488fbef412f31e30ebca,7,13,generic_planar_three_color_no,generic_planar_three_color_no,4,4,True,True,898,16,16,0,
1097,0e1ab683315eb63c1bb41b3459fda85729f2b79ea608bef6a08b93926010644b,7,13,generic_planar_three_color_no,generic_planar_three_color_no,4,4,True,True,1926,18,18,0,
1099,19dcc3844c96f9db05c11c54b2140624b846372163e91a4f0c5c23d88a91ada9,7,13,generic_planar_three_color_no,generic_planar_three_color_no,4,4,True,True,1986,12,12,0,
1101,b6b710fc919d76f56675a259ae95782e08dabf84e87ed9f5bd9bfbddf8754241,7,13,generic_planar_three_color_no,generic_planar_three_color_no,4,4,True,True,1209,18,18,0,
1104,07ac32d13721614a4c911ab7f843aa1fb7fabfbb79f08711df47bf34d6ff0fe8,7,13,generic_planar_three_color_no,generic_planar_three_color_no,4,4,True,True,2002,18,18,0,
1117,865e12fe92ef82e561b873ede9f7c7306cd1b8414f8fffb32902e7b2ff061f8e,7,14,generic_planar_three_color_no,generic_planar_three_color_no,4,4,True,True,2521,12,12,0,
1118,f02329cb595d3bbbcf8bf6e8ce74897aacf54d226b90c109643afef5e542eb17,7,14,generic_planar_three_color_no,generic_planar_three_color_no,4,4,True,True,2233,12,12,0,
1120,d1eb05b6ddde3e7842c090221b33a7eb214e82175bff02a5113cfd74225e82ed,7,14,generic_planar_three_color_no,generic_planar_three_color_no,4,4,True,True,2376,12,12,0,
1121,c81b8cf55cdaf4dbd187ae8a8d69cd817821ebb2d318925f679b4e691ddc0c6e,7,14,generic_planar_three_color_no,generic_planar_three_color_no,4,4,True,True,2375,12,12,0,
1127,b1cc3c1fc65ead05a312727a360fd6d7f24ba53f09e9f1f3b4b69eaea6554f36,7,14,generic_planar_three_color_no,generic_planar_three_color_no,4,4,True,True,2472,12,12,0,
1135,bd2bd105a5a6081fd73620f19a18ee033030b370da211ceca359ab1d2185d515,7,14,generic_planar_three_color_yes,generic_planar_three_color_yes,3,3,True,True,116,8,8,0,
1138,6903966fa33bf600acdd199e1c28f57b4454dd09eee0aad5d1fff8814c195b89,7,14,generic_planar_three_color_no,generic_planar_three_color_no,4,4,True,True,1846,12,12,0,
1141,2caea7a7081b5794c2ff39c5bc54e27199cb9243a32c2efd6030aa632b405371,7,14,generic_planar_three_color_no,generic_planar_three_color_no,4,4,True,True,886,12,12,0,
1142,69e2e38a7906726755c375abf67ad17ee71b01a9dde1f8daa2407463c2e1dcee,7,14,generic_planar_three_color_no,generic_planar_three_color_no,4,4,True,True,1994,12,12,0,
1144,11bf60bce624f599380dddd1274b2d51d29ac96dae3bfce0a5e1061cd58a26a7,7,14,generic_planar_three_color_no,generic_planar_three_color_no,4,4,True,True,2568,12,12,0,
1145,20be34041029c5f5b4ca8570a52d33a2a86c89065016337c4cd5dad25ea3d628,7,14,generic_planar_three_color_no,generic_planar_three_color_no,4,4,True,True,2361,12,12,0,
1146,869640fcce7223278fa86562b5cc6677434d169d57498fff146f45a5ffe021c4,7,14,generic_planar_three_color_no,generic_planar_three_color_no,4,4,True,True,904,12,12,0,
1150,c441bda791436540c3f5c06e592f1e8576a6645c760d19bd37f0bdd98fbbe4d5,7,14,generic_planar_three_color_no,generic_planar_three_color_no,4,4,True,True,1986,12,12,0,
1154,a12cfff48bc2780117dfaba6965ef14506ec6529ef8c9032f7c87f31270841b1,7,14,generic_planar_three_color_no,generic_planar_three_color_no,4,4,True,True,1977,14,14,0,
1160,19b0d07066557bc26be0375ca1af3c4e156ffaa2f1a5453e4a7410bd5925cb24,7,14,generic_planar_three_color_yes,generic_planar_three_color_yes,3,3,True,True,110,8,8,0,
1167,d5f463618a258723503fc066715f0a631241900b40466d2657097a2e2bc5f176,7,14,generic_planar_three_color_no,generic_planar_three_color_no,4,4,True,True,1233,18,18,0,
1186,6c802989f901961df2ded93e79afb25a93ef54ac0782efe9eceedf598c9e01bf,7,15,non_eulerian_sphere_triangulation,non_eulerian_sphere_triangulation,4,4,True,True,2547,8,8,0,True
1187,4b3a84cae766d0abd289668aaacbd231686c20e669720406babd3afb115260a2,7,15,non_eulerian_sphere_triangulation,non_eulerian_sphere_triangulation,4,4,True,True,2251,8,8,0,True
1190,2732238147851d0c9f7619642aef16cb2da38100764cc171fb11501954be8c2d,7,15,non_eulerian_sphere_triangulation,non_eulerian_sphere_triangulation,4,4,True,True,2478,8,8,0,True
1205,299ca5c0f45480b85a9adb28d283793c85c737ae11b8e45e3ce355cb59006f6f,7,15,non_eulerian_sphere_triangulation,non_eulerian_sphere_triangulation,4,4,True,True,1233,8,8,0,True
1212,78863f2e092b2a148d84f2828f5fded8b3bc7458db96dd448f1fd4e358665afe,7,15,non_eulerian_sphere_triangulation,non_eulerian_sphere_triangulation,4,4,True,True,1930,8,8,0,True
