atlas_index,vertex_count,edge_count,route,block_outcome,block_search_nodes_saved,method,separator_vertices,cut_edge_count,residual_cross_edge_count,smallest_part_size,largest_part_size,balance_ratio,adjacency_spectrum_partition_error,part_count,part_sizes
1,1,0,edgeless,tied,0,connected_components,,0,0,1,1,1.0,0.0,1,1
2,2,0,edgeless,tied,0,connected_components,,0,0,1,1,1.0,0.0,2,1 1
3,2,1,bipartite,tied,0,connected_components,,0,0,2,2,1.0,0.0,1,2
3,2,1,bipartite,tied,0,fiedler_median,,1,1,1,1,1.0,1.0,2,1 1
3,2,1,bipartite,tied,0,fiedler_sign,,1,1,1,1,1.0,1.0,2,1 1
3,2,1,bipartite,tied,0,bfs_balanced,,1,1,1,1,1.0,1.0,2,1 1
4,3,0,edgeless,tied,0,connected_components,,0,0,1,1,1.0,0.0,3,1 1 1
5,3,1,bipartite,tied,0,connected_components,,0,0,1,2,0.5,0.0,2,1 2
6,3,2,bipartite,tied,0,connected_components,,0,0,3,3,1.0,0.0,1,3
6,3,2,bipartite,tied,0,articulation_separator,0,2,0,1,1,1.0,0.9428090415820635,3,1 1 1
6,3,2,bipartite,tied,0,fiedler_median,,1,1,1,2,0.5,0.2761423749153968,2,1 2
6,3,2,bipartite,tied,0,fiedler_sign,,1,1,1,2,0.5,0.2761423749153968,2,1 2
6,3,2,bipartite,tied,0,bfs_balanced,,2,2,1,2,0.5,0.9428090415820635,2,1 2
7,3,3,eulerian_sphere_triangulation,tied,0,connected_components,,0,0,3,3,1.0,0.0,1,3
7,3,3,eulerian_sphere_triangulation,tied,0,fiedler_median,,2,2,1,2,0.5,0.6666666666666666,2,1 2
7,3,3,eulerian_sphere_triangulation,tied,0,fiedler_sign,,2,2,1,2,0.5,0.6666666666666666,2,1 2
7,3,3,eulerian_sphere_triangulation,tied,0,bfs_balanced,,2,2,1,2,0.5,0.6666666666666666,2,1 2
8,4,0,edgeless,tied,0,connected_components,,0,0,1,1,1.0,0.0,4,1 1 1 1
9,4,1,bipartite,tied,0,connected_components,,0,0,1,2,0.5,0.0,3,1 1 2
10,4,2,bipartite,tied,0,connected_components,,0,0,1,3,0.3333333333333333,0.0,2,1 3
10,4,2,bipartite,tied,0,articulation_separator,3,2,0,1,1,1.0,0.7071067811865477,4,1 1 1 1
11,4,2,bipartite,tied,0,connected_components,,0,0,2,2,1.0,0.0,2,2 2
12,4,3,block_decomposition,improved,1,connected_components,,0,0,1,3,0.3333333333333333,0.0,2,1 3
13,4,3,bipartite,tied,0,connected_components,,0,0,4,4,1.0,0.0,1,4
13,4,3,bipartite,tied,0,articulation_separator,3,3,0,1,1,1.0,0.8660254037844386,4,1 1 1 1
13,4,3,bipartite,tied,0,fiedler_median,,2,2,2,2,1.0,0.3660254037844386,2,2 2
13,4,3,bipartite,tied,0,fiedler_sign,,1,1,1,3,0.3333333333333333,0.15891862259789097,2,3 1
13,4,3,bipartite,tied,0,bfs_balanced,,2,2,2,2,1.0,0.3660254037844386,2,2 2
14,4,3,bipartite,tied,0,connected_components,,0,0,4,4,1.0,0.0,1,4
14,4,3,bipartite,tied,0,articulation_separator,0,2,0,1,2,0.5,0.6180339887498949,3,2 1 1
14,4,3,bipartite,tied,0,fiedler_median,,1,1,2,2,1.0,0.49999999999999994,2,2 2
14,4,3,bipartite,tied,0,fiedler_sign,,1,1,2,2,1.0,0.49999999999999994,2,2 2
14,4,3,bipartite,tied,0,bfs_balanced,,2,2,2,2,1.0,0.6180339887498949,2,2 2
15,4,4,block_decomposition,improved,1,connected_components,,0,0,4,4,1.0,0.0,1,4
15,4,4,block_decomposition,improved,1,articulation_separator,3,3,0,1,2,0.5,0.7405971520460078,3,1 2 1
15,4,4,block_decomposition,improved,1,fiedler_median,,2,2,2,2,1.0,0.5850432433130172,2,2 2
15,4,4,block_decomposition,improved,1,fiedler_sign,,2,2,2,2,1.0,0.5850432433130172,2,2 2
15,4,4,block_decomposition,improved,1,bfs_balanced,,2,2,2,2,1.0,0.5850432433130172,2,2 2
16,4,4,bipartite,tied,0,connected_components,,0,0,4,4,1.0,0.0,1,4
16,4,4,bipartite,tied,0,fiedler_median,,2,2,2,2,1.0,1.0,2,2 2
16,4,4,bipartite,tied,0,fiedler_sign,,2,2,2,2,1.0,1.0,2,2 2
16,4,4,bipartite,tied,0,bfs_balanced,,2,2,2,2,1.0,1.0,2,2 2
17,4,5,generic_planar_three_color_yes,tied,0,connected_components,,0,0,4,4,1.0,0.0,1,4
17,4,5,generic_planar_three_color_yes,tied,0,fiedler_median,,3,3,2,2,1.0,0.7807764064044147,2,2 2
17,4,5,generic_planar_three_color_yes,tied,0,fiedler_sign,,2,2,1,3,0.3333333333333333,0.28077640640441504,2,1 3
17,4,5,generic_planar_three_color_yes,tied,0,bfs_balanced,,3,3,2,2,1.0,0.7807764064044147,2,2 2
18,4,6,non_eulerian_sphere_triangulation,tied,0,connected_components,,0,0,4,4,1.0,0.0,1,4
18,4,6,non_eulerian_sphere_triangulation,tied,0,fiedler_median,,4,4,2,2,1.0,0.9999999999999999,2,2 2
18,4,6,non_eulerian_sphere_triangulation,tied,0,fiedler_sign,,3,3,1,3,0.3333333333333333,0.5,2,3 1
18,4,6,non_eulerian_sphere_triangulation,tied,0,bfs_balanced,,4,4,2,2,1.0,0.9999999999999999,2,2 2
19,5,0,edgeless,tied,0,connected_components,,0,0,1,1,1.0,0.0,5,1 1 1 1 1
20,5,1,bipartite,tied,0,connected_components,,0,0,1,2,0.5,0.0,4,1 1 1 2
21,5,2,bipartite,tied,0,connected_components,,0,0,1,3,0.3333333333333333,0.0,3,3 1 1
21,5,2,bipartite,tied,0,articulation_separator,1,2,0,1,1,1.0,0.5656854249492381,5,1 1 1 1 1
22,5,2,bipartite,tied,0,connected_components,,0,0,1,2,0.5,0.0,3,2 1 2
23,5,3,block_decomposition,improved,2,connected_components,,0,0,1,3,0.3333333333333333,0.0,3,3 1 1
24,5,3,bipartite,tied,0,connected_components,,0,0,1,4,0.25,0.0,2,1 4
24,5,3,bipartite,tied,0,articulation_separator,3,3,0,1,1,1.0,0.6928203230275509,5,1 1 1 1 1
25,5,3,bipartite,tied,0,connected_components,,0,0,1,4,0.25,0.0,2,4 1
25,5,3,bipartite,tied,0,articulation_separator,3,2,0,1,2,0.5,0.49442719099991594,4,2 1 1 1
26,5,3,bipartite,tied,0,connected_components,,0,0,2,3,0.6666666666666666,0.0,2,3 2
26,5,3,bipartite,tied,0,articulation_separator,1,2,0,1,2,0.5,0.565685424949238,4,1 1 2 1
27,5,4,block_decomposition,improved,2,connected_components,,0,0,1,4,0.25,0.0,2,1 4
27,5,4,block_decomposition,improved,2,articulation_separator,3,3,0,1,2,0.5,0.5924777216368062,4,1 2 1 1
28,5,4,bipartite,tied,0,connected_components,,0,0,1,4,0.25,0.0,2,4 1
29,5,4,bipartite,tied,0,connected_components,,0,0,5,5,1.0,0.0,1,5
29,5,4,bipartite,tied,0,articulation_separator,4,4,0,1,1,1.0,0.7999999999999999,5,1 1 1 1 1
29,5,4,bipartite,tied,0,fiedler_median,,2,2,2,3,0.6666666666666666,0.23431457505076186,2,2 3
29,5,4,bipartite,tied,0,fiedler_sign,,3,3,2,3,0.6666666666666666,0.3999999999999999,2,3 2
29,5,4,bipartite,tied,0,bfs_balanced,,3,3,2,3,0.6666666666666666,0.3999999999999999,2,2 3
30,5,4,bipartite,tied,0,connected_components,,0,0,5,5,1.0,0.0,1,5
30,5,4,bipartite,tied,0,articulation_separator,3,3,0,1,2,0.5,0.6452503719011015,4,2 1 1 1
30,5,4,bipartite,tied,0,fiedler_median,,2,2,2,3,0.6666666666666666,0.4795649469518633,2,2 3
30,5,4,bipartite,tied,0,fiedler_sign,,1,1,2,3,0.6666666666666666,0.2672714551677197,2,3 2
30,5,4,bipartite,tied,0,bfs_balanced,,2,2,2,3,0.6666666666666666,0.43295688011695777,2,2 3
31,5,4,bipartite,tied,0,connected_components,,0,0,5,5,1.0,0.0,1,5
31,5,4,bipartite,tied,0,articulation_separator,1,2,0,2,2,1.0,0.2928203230275509,3,2 2 1
31,5,4,bipartite,tied,0,fiedler_median,,1,1,2,3,0.6666666666666666,0.12713489807831282,2,2 3
31,5,4,bipartite,tied,0,fiedler_sign,,1,1,2,3,0.6666666666666666,0.12713489807831277,2,3 2
31,5,4,bipartite,tied,0,bfs_balanced,,2,2,2,3,0.6666666666666666,0.2928203230275509,2,2 3
32,5,4,block_decomposition,improved,2,connected_components,,0,0,2,3,0.6666666666666666,0.0,2,3 2
33,5,5,block_decomposition,improved,1,connected_components,,0,0,1,4,0.25,0.0,2,4 1
34,5,5,block_decomposition,improved,2,connected_components,,0,0,5,5,1.0,0.0,1,5
34,5,5,block_decomposition,improved,2,articulation_separator,4,4,0,1,2,0.5,0.7254426010593321,4,1 1 2 1
34,5,5,block_decomposition,improved,2,fiedler_median,,3,3,2,3,0.6666666666666666,0.5597571761100941,2,2 3
34,5,5,block_decomposition,improved,2,fiedler_sign,,3,3,2,3,0.6666666666666666,0.537169233110868,2,3 2
34,5,5,block_decomposition,improved,2,bfs_balanced,,3,3,2,3,0.6666666666666666,0.537169233110868,2,2 3
35,5,5,block_decomposition,improved,2,connected_components,,0,0,5,5,1.0,0.0,1,5
35,5,5,block_decomposition,improved,2,articulation_separator,0,3,0,1,3,0.3333333333333333,0.6026384256435178,3,3 1 1
35,5,5,block_decomposition,improved,2,fiedler_median,,2,2,2,3,0.6666666666666666,0.35542483014355974,2,2 3
35,5,5,block_decomposition,improved,2,fiedler_sign,,2,2,2,3,0.6666666666666666,0.3554248301435597,2,3 2
35,5,5,block_decomposition,improved,2,bfs_balanced,,3,3,2,3,0.6666666666666666,0.5211102550927978,2,2 3
36,5,5,block_decomposition,improved,2,connected_components,,0,0,5,5,1.0,0.0,1,5
36,5,5,block_decomposition,improved,2,articulation_separator,3,3,0,2,2,1.0,0.48572789735101435,3,2 2 1
36,5,5,block_decomposition,improved,2,fiedler_median,,2,2,2,3,0.6666666666666666,0.3200424724017762,2,2 3
36,5,5,block_decomposition,improved,2,fiedler_sign,,1,1,2,3,0.6666666666666666,0.2700523482266586,2,3 2
36,5,5,block_decomposition,improved,2,bfs_balanced,,3,3,2,3,0.6666666666666666,0.48572789735101435,2,2 3
37,5,5,bipartite,tied,0,connected_components,,0,0,5,5,1.0,0.0,1,5
37,5,5,bipartite,tied,0,articulation_separator,1,3,0,1,3,0.3333333333333333,0.5534876358234874,3,1 3 1
37,5,5,bipartite,tied,0,fiedler_median,,2,2,2,3,0.6666666666666666,0.4237648783339221,2,2 3
37,5,5,bipartite,tied,0,fiedler_sign,,2,2,2,3,0.6666666666666666,0.4237648783339221,2,3 2
37,5,5,bipartite,tied,0,bfs_balanced,,2,2,2,3,0.6666666666666666,0.4237648783339221,2,2 3
38,5,5,triangle_free_non_bipartite,tied,0,connected_components,,0,0,5,5,1.0,0.0,1,5
38,5,5,triangle_free_non_bipartite,tied,0,fiedler_median,,2,2,2,3,0.6666666666666666,0.48152817055071984,2,2 3
38,5,5,triangle_free_non_bipartite,tied,0,fiedler_sign,,2,2,2,3,0.6666666666666666,0.48152817055071984,2,2 3
38,5,5,triangle_free_non_bipartite,tied,0,bfs_balanced,,2,2,2,3,0.6666666666666666,0.48152817055071984,2,2 3
39,5,6,block_decomposition,improved,5,connected_components,,0,0,1,4,0.25,6.106226635438361e-17,2,4 1
40,5,6,block_decomposition,improved,1,connected_components,,0,0,5,5,1.0,0.0,1,5
40,5,6,block_decomposition,improved,1,articulation_separator,1,4,0,1,3,0.3333333333333333,0.6424937422684499,3,1 3 1
40,5,6,block_decomposition,improved,1,fiedler_median,,3,3,2,3,0.6666666666666666,0.5085321481190793,2,2 3
40,5,6,block_decomposition,improved,1,fiedler_sign,,3,3,2,3,0.6666666666666666,0.5085321481190794,2,3 2
40,5,6,block_decomposition,improved,1,bfs_balanced,,3,3,2,3,0.6666666666666666,0.5085321481190794,2,2 3
41,5,6,block_decomposition,improved,1,connected_components,,0,0,5,5,1.0,0.0,1,5
41,5,6,block_decomposition,improved,1,articulation_separator,1,3,0,1,3,0.3333333333333333,0.5459714395256862,3,1 3 1
41,5,6,block_decomposition,improved,1,fiedler_median,,3,3,2,3,0.6666666666666666,0.4907891655280787,2,2 3
41,5,6,block_decomposition,improved,1,fiedler_sign,,2,2,2,3,0.6666666666666666,0.42078829324611633,2,3 2
41,5,6,block_decomposition,improved,1,bfs_balanced,,2,2,2,3,0.6666666666666666,0.42078829324611633,2,2 3
42,5,6,block_decomposition,regressed,-2,connected_components,,0,0,5,5,1.0,0.0,1,5
42,5,6,block_decomposition,regressed,-2,articulation_separator,4,4,0,2,2,1.0,0.6246211251235321,3,2 2 1
42,5,6,block_decomposition,regressed,-2,fiedler_median,,2,2,2,3,0.6666666666666666,0.2246211251235323,2,2 3
42,5,6,block_decomposition,regressed,-2,fiedler_sign,,2,2,2,3,0.6666666666666666,0.2246211251235323,2,2 3
42,5,6,block_decomposition,regressed,-2,bfs_balanced,,4,4,2,3,0.6666666666666666,0.6246211251235321,2,2 3
43,5,6,generic_planar_three_color_yes,tied,0,connected_components,,0,0,5,5,1.0,0.0,1,5
43,5,6,generic_planar_three_color_yes,tied,0,fiedler_median,,2,2,2,3,0.6666666666666666,0.592477721636806,2,2 3
43,5,6,generic_planar_three_color_yes,tied,0,fiedler_sign,,2,2,2,3,0.6666666666666666,0.592477721636806,2,2 3
43,5,6,generic_planar_three_color_yes,tied,0,bfs_balanced,,3,3,2,3,0.6666666666666666,0.42679229668756796,2,2 3
44,5,6,bipartite,tied,0,connected_components,,0,0,5,5,1.0,0.0,1,5
44,5,6,bipartite,tied,0,fiedler_median,,4,4,2,3,0.6666666666666666,0.4141104721640332,2,2 3
44,5,6,bipartite,tied,0,fiedler_sign,,3,3,2,3,0.6666666666666666,0.814110472164033,2,3 2
44,5,6,bipartite,tied,0,bfs_balanced,,3,3,2,3,0.6666666666666666,0.814110472164033,2,2 3
45,5,7,block_decomposition,improved,5,connected_components,,0,0,5,5,1.0,0.0,1,5
45,5,7,block_decomposition,improved,5,articulation_separator,4,4,0,1,3,0.3333333333333333,0.6056547717341164,3,1 3 1
45,5,7,block_decomposition,improved,5,fiedler_median,,4,4,2,3,0.6666666666666666,0.6687666541113596,2,2 3
45,5,7,block_decomposition,improved,5,fiedler_sign,,1,1,1,4,0.25,0.20565477173411661,2,4 1
45,5,7,block_decomposition,improved,5,bfs_balanced,,3,3,2,3,0.6666666666666666,0.4344520790605978,2,2 3
46,5,7,generic_planar_three_color_yes,tied,0,connected_components,,0,0,5,5,1.0,0.0,1,5
46,5,7,generic_planar_three_color_yes,tied,0,fiedler_median,,4,4,2,3,0.6666666666666666,0.6343145750507616,2,2 3
46,5,7,generic_planar_three_color_yes,tied,0,fiedler_sign,,4,4,2,3,0.6666666666666666,0.39999999999999986,2,3 2
46,5,7,generic_planar_three_color_yes,tied,0,bfs_balanced,,4,4,2,3,0.6666666666666666,0.6343145750507616,2,2 3
47,5,7,generic_planar_three_color_yes,tied,0,connected_components,,0,0,5,5,1.0,0.0,1,5
47,5,7,generic_planar_three_color_yes,tied,0,fiedler_median,,3,3,2,3,0.6666666666666666,0.5891335635981022,2,2 3
47,5,7,generic_planar_three_color_yes,tied,0,fiedler_sign,,3,3,2,3,0.6666666666666666,0.5891335635981022,2,3 2
47,5,7,generic_planar_three_color_yes,tied,0,bfs_balanced,,4,4,2,3,0.6666666666666666,0.608487507838774,2,2 3
48,5,7,generic_planar_three_color_yes,tied,0,connected_components,,0,0,5,5,1.0,0.0,1,5
48,5,7,generic_planar_three_color_yes,tied,0,fiedler_median,,4,4,2,3,0.6666666666666666,0.5766235777051572,2,2 3
48,5,7,generic_planar_three_color_yes,tied,0,fiedler_sign,,3,3,2,3,0.6666666666666666,0.7423090026543951,2,3 2
48,5,7,generic_planar_three_color_yes,tied,0,bfs_balanced,,4,4,2,3,0.6666666666666666,0.5766235777051572,2,2 3
49,5,8,generic_planar_three_color_no,tied,0,connected_components,,0,0,5,5,1.0,0.0,1,5
49,5,8,generic_planar_three_color_no,tied,0,fiedler_median,,4,4,2,3,0.6666666666666666,0.5293617104345909,2,2 3
49,5,8,generic_planar_three_color_no,tied,0,fiedler_sign,,4,4,2,3,0.6666666666666666,0.5293617104345909,2,2 3
49,5,8,generic_planar_three_color_no,tied,0,bfs_balanced,,5,5,2,3,0.6666666666666666,0.7636762854853527,2,2 3
50,5,8,generic_planar_three_color_yes,tied,0,connected_components,,0,0,5,5,1.0,0.0,1,5
50,5,8,generic_planar_three_color_yes,tied,0,fiedler_median,,4,4,2,3,0.6666666666666666,0.8944271909999155,2,2 3
50,5,8,generic_planar_three_color_yes,tied,0,fiedler_sign,,3,3,1,4,0.25,0.2698060658763837,2,1 4
50,5,8,generic_planar_three_color_yes,tied,0,bfs_balanced,,5,5,2,3,0.6666666666666666,0.7287417660506775,2,2 3
51,5,9,non_eulerian_sphere_triangulation,tied,0,connected_components,,0,0,5,5,1.0,0.0,1,5
51,5,9,non_eulerian_sphere_triangulation,tied,0,fiedler_median,,5,5,2,3,0.6666666666666666,0.6583005244258358,2,2 3
51,5,9,non_eulerian_sphere_triangulation,tied,0,fiedler_sign,,3,3,1,4,0.25,0.2583005244258361,2,4 1
51,5,9,non_eulerian_sphere_triangulation,tied,0,bfs_balanced,,5,5,2,3,0.6666666666666666,0.6583005244258358,2,2 3
53,6,0,edgeless,tied,0,connected_components,,0,0,1,1,1.0,0.0,6,1 1 1 1 1 1
54,6,1,bipartite,tied,0,connected_components,,0,0,1,2,0.5,0.0,5,1 1 1 1 2
55,6,2,bipartite,tied,0,connected_components,,0,0,1,2,0.5,0.0,4,2 1 1 2
56,6,2,bipartite,tied,0,connected_components,,0,0,1,3,0.3333333333333333,0.0,4,1 3 1 1
56,6,2,bipartite,tied,0,articulation_separator,1,2,0,1,1,1.0,0.47140452079103173,6,1 1 1 1 1 1
57,6,3,block_decomposition,improved,3,connected_components,,0,0,1,3,0.3333333333333333,0.0,4,1 3 1 1
58,6,3,bipartite,tied,0,connected_components,,0,0,1,4,0.25,0.0,3,4 1 1
58,6,3,bipartite,tied,0,articulation_separator,0,3,0,1,1,1.0,0.5773502691896257,6,1 1 1 1 1 1
59,6,3,bipartite,tied,0,connected_components,,0,0,1,4,0.25,0.0,3,4 1 1
59,6,3,bipartite,tied,0,articulation_separator,4,2,0,1,2,0.5,0.4120226591665966,5,2 1 1 1 1
60,6,3,bipartite,tied,0,connected_components,,0,0,1,3,0.3333333333333333,0.0,3,1 3 2
60,6,3,bipartite,tied,0,articulation_separator,5,2,0,1,2,0.5,0.47140452079103173,5,1 1 1 2 1
61,6,3,bipartite,tied,0,connected_components,,0,0,2,2,1.0,0.0,3,2 2 2
62,6,4,block_decomposition,improved,3,connected_components,,0,0,1,4,0.25,1.2618571404225846e-16,3,4 1 1
62,6,4,block_decomposition,improved,3,articulation_separator,0,3,0,1,2,0.5,0.4937314346973385,5,1 1 1 2 1
63,6,4,bipartite,tied,0,connected_components,,0,0,1,4,0.25,7.286988215871619e-17,3,4 1 1
64,6,4,bipartite,tied,0,connected_components,,0,0,1,5,0.2,0.0,2,5 1
64,6,4,bipartite,tied,0,articulation_separator,5,4,0,1,1,1.0,0.6666666666666666,6,1 1 1 1 1 1
65,6,4,bipartite,tied,0,connected_components,,0,0,1,5,0.2,0.0,2,5 1
65,6,4,bipartite,tied,0,articulation_separator,3,3,0,1,2,0.5,0.5377086432509178,5,2 1 1 1 1
66,6,4,bipartite,tied,0,connected_components,,0,0,1,5,0.2,0.0,2,5 1
66,6,4,bipartite,tied,0,articulation_separator,1,2,0,1,2,0.5,0.24401693585629256,4,2 2 1 1
67,6,4,block_decomposition,improved,3,connected_components,,0,0,1,3,0.3333333333333333,0.0,3,2 3 1
68,6,4,bipartite,tied,0,connected_components,,0,0,2,4,0.5,0.0,2,4 2
68,6,4,bipartite,tied,0,articulation_separator,0,3,0,1,2,0.5,0.5773502691896257,5,2 1 1 1 1
69,6,4,bipartite,tied,0,connected_components,,0,0,2,4,0.5,0.0,2,4 2
69,6,4,bipartite,tied,0,articulation_separator,4,2,0,1,2,0.5,0.4120226591665966,4,2 2 1 1
70,6,4,bipartite,tied,0,connected_components,,0,0,3,3,1.0,1.4966269163969742e-16,2,3 3
70,6,4,bipartite,tied,0,articulation_separator,0,2,0,1,3,0.3333333333333333,0.4714045207910318,4,3 1 1 1
71,6,5,block_decomposition,improved,2,connected_components,,0,0,1,4,0.25,5.0923404019553864e-20,3,4 1 1
72,6,5,block_decomposition,improved,3,connected_components,,0,0,1,5,0.2,0.0,2,1 5
72,6,5,block_decomposition,improved,3,articulation_separator,3,4,0,1,2,0.5,0.6045355008827771,5,1 1 1 2 1
73,6,5,block_decomposition,improved,3,connected_components,,0,0,1,5,0.2,1.8648277605426748e-16,2,5 1
73,6,5,block_decomposition,improved,3,articulation_separator,3,3,0,1,3,0.3333333333333333,0.5021986880362648,4,3 1 1 1
74,6,5,block_decomposition,improved,3,connected_components,,0,0,1,5,0.2,0.0,2,5 1
74,6,5,block_decomposition,improved,3,articulation_separator,3,3,0,1,2,0.5,0.40477324779251195,4,2 2 1 1
75,6,5,bipartite,tied,0,connected_components,,0,0,1,5,0.2,0.0,2,5 1
75,6,5,bipartite,tied,0,articulation_separator,4,3,0,1,3,0.3333333333333333,0.4612396965195728,4,1 3 1 1
76,6,5,block_decomposition,improved,1,connected_components,,0,0,1,5,0.2,0.0,2,5 1
77,6,5,bipartite,tied,0,connected_components,,0,0,6,6,1.0,0.0,1,6
77,6,5,bipartite,tied,0,articulation_separator,5,5,0,1,1,1.0,0.7453559924999299,6,1 1 1 1 1 1
77,6,5,bipartite,tied,0,fiedler_median,,3,3,3,3,1.0,0.2739514717088983,2,3 3
77,6,5,bipartite,tied,0,fiedler_sign,,4,4,2,4,0.5,0.4120226591665967,2,4 2
77,6,5,bipartite,tied,0,bfs_balanced,,3,3,3,3,1.0,0.2739514717088983,2,3 3
78,6,5,bipartite,tied,0,connected_components,,0,0,6,6,1.0,0.0,1,6
78,6,5,bipartite,tied,0,articulation_separator,1,4,0,1,2,0.5,0.6364376370588035,5,1 2 1 1 1
78,6,5,bipartite,tied,0,fiedler_median,,3,3,3,3,1.0,0.49836644960110504,2,3 3
78,6,5,bipartite,tied,0,fiedler_sign,,1,1,2,4,0.5,0.16908762245286635,2,4 2
78,6,5,bipartite,tied,0,bfs_balanced,,3,3,3,3,1.0,0.49836644960110504,2,3 3
79,6,5,bipartite,tied,0,connected_components,,0,0,6,6,1.0,0.0,1,6
79,6,5,bipartite,tied,0,articulation_separator,0,3,0,1,3,0.3333333333333333,0.5285954792089682,4,1 1 3 1
79,6,5,bipartite,tied,0,fiedler_median,,1,1,3,3,1.0,0.33333333333333326,2,3 3
79,6,5,bipartite,tied,0,fiedler_sign,,1,1,3,3,1.0,0.33333333333333326,2,3 3
79,6,5,bipartite,tied,0,bfs_balanced,,1,1,3,3,1.0,0.33333333333333326,2,3 3
80,6,5,bipartite,tied,0,connected_components,,0,0,6,6,1.0,0.0,1,6
80,6,5,bipartite,tied,0,articulation_separator,1,3,0,1,2,0.5,0.48316324759439255,4,1 2 2 1
80,6,5,bipartite,tied,0,fiedler_median,,2,2,3,3,1.0,0.3450920601366941,2,3 3
80,6,5,bipartite,tied,0,fiedler_sign,,1,1,2,4,0.5,0.1380711874576984,2,2 4
80,6,5,bipartite,tied,0,bfs_balanced,,2,2,3,3,1.0,0.3450920601366941,2,3 3
81,6,5,bipartite,tied,0,connected_components,,0,0,6,6,1.0,0.0,1,6
81,6,5,bipartite,tied,0,articulation_separator,3,3,0,1,3,0.3333333333333333,0.5544899916007194,4,3 1 1 1
81,6,5,bipartite,tied,0,fiedler_median,,1,1,3,3,1.0,0.24218084266845366,2,3 3
81,6,5,bipartite,tied,0,fiedler_sign,,1,1,3,3,1.0,0.24218084266845366,2,3 3
81,6,5,bipartite,tied,0,bfs_balanced,,1,1,3,3,1.0,0.24218084266845366,2,3 3
82,6,5,block_decomposition,improved,3,connected_components,,0,0,2,4,0.5,0.0,2,4 2
82,6,5,block_decomposition,improved,3,articulation_separator,1,3,0,1,2,0.5,0.49373143469733854,4,1 2 2 1
83,6,5,bipartite,tied,0,connected_components,,0,0,6,6,1.0,0.0,1,6
83,6,5,bipartite,tied,0,articulation_separator,4,2,0,2,3,0.6666666666666666,0.359915215020613,3,3 2 1
83,6,5,bipartite,tied,0,fiedler_median,,1,1,3,3,1.0,0.3333333333333332,2,3 3
83,6,5,bipartite,tied,0,fiedler_sign,,1,1,3,3,1.0,0.3333333333333332,2,3 3
83,6,5,bipartite,tied,0,bfs_balanced,,1,1,3,3,1.0,0.3333333333333332,2,3 3
84,6,5,block_decomposition,improved,3,connected_components,,0,0,3,3,1.0,1.9835478745622304e-16,2,3 3
84,6,5,block_decomposition,improved,3,articulation_separator,5,2,0,1,3,0.3333333333333333,0.4714045207910318,4,3 1 1 1
85,6,5,bipartite,tied,0,connected_components,,0,0,2,4,0.5,4.111294638065033e-16,2,4 2
86,6,6,block_decomposition,improved,6,connected_components,,0,0,1,4,0.25,2.4170480431943514e-16,3,4 1 1
87,6,6,block_decomposition,improved,2,connected_components,,0,0,1,5,0.2,0.0,2,5 1
87,6,6,block_decomposition,improved,2,articulation_separator,4,4,0,1,3,0.3333333333333333,0.5354114518903751,4,1 3 1 1
88,6,6,block_decomposition,improved,2,connected_components,,0,0,1,5,0.2,0.0,2,5 1
88,6,6,block_decomposition,improved,2,articulation_separator,4,3,0,1,3,0.3333333333333333,0.45497619960473834,4,1 3 1 1
89,6,6,block_decomposition,regressed,-1,connected_components,,0,0,1,5,0.2,2.405483220021132e-16,2,5 1
89,6,6,block_decomposition,regressed,-1,articulation_separator,4,4,0,1,2,0.5,0.5205176042696102,4,2 1 2 1
90,6,6,block_decomposition,improved,1,connected_components,,0,0,1,5,0.2,0.0,2,5 1
91,6,6,bipartite,tied,0,connected_components,,0,0,1,5,0.2,0.0,2,5 1
92,6,6,block_decomposition,improved,3,connected_components,,0,0,6,6,1.0,0.0,1,6
92,6,6,block_decomposition,improved,3,articulation_separator,5,5,0,1,2,0.5,0.6953767325504981,5,1 1 1 2 1
92,6,6,block_decomposition,improved,3,fiedler_median,,4,4,3,3,1.0,0.5573055450927998,2,3 3
92,6,6,block_decomposition,improved,3,fiedler_sign,,4,4,2,4,0.5,0.5047123097784306,2,4 2
92,6,6,block_decomposition,improved,3,bfs_balanced,,3,3,3,3,1.0,0.36664112232073215,2,3 3
93,6,6,block_decomposition,improved,3,connected_components,,0,0,6,6,1.0,0.0,1,6
93,6,6,block_decomposition,improved,3,articulation_separator,4,4,0,1,3,0.3333333333333333,0.609462865318699,4,3 1 1 1
93,6,6,block_decomposition,improved,3,fiedler_median,,2,2,3,3,1.0,0.35848703232764856,2,3 3
93,6,6,block_decomposition,improved,3,fiedler_sign,,2,2,3,3,1.0,0.35848703232764856,2,3 3
93,6,6,block_decomposition,improved,3,bfs_balanced,,3,3,3,3,1.0,0.3438578266952878,2,3 3
94,6,6,block_decomposition,improved,3,connected_components,,0,0,6,6,1.0,0.0,1,6
94,6,6,block_decomposition,improved,3,articulation_separator,3,3,0,1,4,0.25,0.4714045207910316,3,4 1 1
94,6,6,block_decomposition,improved,3,fiedler_median,,3,3,3,3,1.0,0.5393446629166314,2,3 3
94,6,6,block_decomposition,improved,3,fiedler_sign,,2,2,2,4,0.5,0.3333333333333333,2,4 2
94,6,6,block_decomposition,improved,3,bfs_balanced,,3,3,3,3,1.0,0.5393446629166314,2,3 3
95,6,6,block_decomposition,improved,3,connected_components,,0,0,6,6,1.0,0.0,1,6
95,6,6,block_decomposition,improved,3,articulation_separator,4,4,0,1,2,0.5,0.5570816712065944,4,2 2 1 1
95,6,6,block_decomposition,improved,3,fiedler_median,,3,3,3,3,1.0,0.419010483748896,2,3 3
95,6,6,block_decomposition,improved,3,fiedler_sign,,1,1,2,4,0.5,0.1529224976027957,2,4 2
95,6,6,block_decomposition,improved,3,bfs_balanced,,4,4,3,3,1.0,0.7523438170822292,2,3 3
96,6,6,bipartite,tied,0,connected_components,,0,0,6,6,1.0,0.0,1,6
96,6,6,bipartite,tied,0,articulation_separator,0,4,0,1,3,0.3333333333333333,0.582688032598428,4,3 1 1 1
96,6,6,bipartite,tied,0,fiedler_median,,2,2,3,3,1.0,0.4714045207910315,2,3 3
96,6,6,bipartite,tied,0,fiedler_sign,,2,2,3,3,1.0,0.4714045207910315,2,3 3
96,6,6,bipartite,tied,0,bfs_balanced,,4,4,3,3,1.0,0.582688032598428,2,3 3
97,6,6,block_decomposition,improved,3,connected_components,,0,0,6,6,1.0,0.0,1,6
97,6,6,block_decomposition,improved,3,articulation_separator,1,3,0,2,3,0.6666666666666666,0.4312588808473577,3,3 2 1
97,6,6,block_decomposition,improved,3,fiedler_median,,2,2,3,3,1.0,0.4115386249130488,2,3 3
97,6,6,block_decomposition,improved,3,fiedler_sign,,1,1,2,4,0.5,0.22305849330646413,2,2 4
97,6,6,block_decomposition,improved,3,bfs_balanced,,4,4,3,3,1.0,0.764592214180691,2,3 3
98,6,6,bipartite,tied,0,connected_components,,0,0,6,6,1.0,0.0,1,6
98,6,6,bipartite,tied,0,articulation_separator,0,3,0,1,4,0.25,0.45593583136996224,3,4 1 1
98,6,6,bipartite,tied,0,fiedler_median,,2,2,3,3,1.0,0.6666666666666665,2,3 3
98,6,6,bipartite,tied,0,fiedler_sign,,2,2,3,3,1.0,0.6666666666666665,2,3 3
98,6,6,bipartite,tied,0,bfs_balanced,,4,4,3,3,1.0,0.7298873030788605,2,3 3
99,6,6,bipartite,tied,0,connected_components,,0,0,6,6,1.0,0.0,1,6
99,6,6,bipartite,tied,0,articulation_separator,2,3,0,1,4,0.25,0.5013390566436376,3,1 4 1
99,6,6,bipartite,tied,0,fiedler_median,,2,2,3,3,1.0,0.4120226591665968,2,3 3
99,6,6,bipartite,tied,0,fiedler_sign,,2,2,2,4,0.5,0.16800572331030442,2,2 4
99,6,6,bipartite,tied,0,bfs_balanced,,2,2,3,3,1.0,0.4120226591665968,2,3 3
100,6,6,block_decomposition,improved,3,connected_components,,0,0,6,6,1.0,0.0,1,6
100,6,6,block_decomposition,improved,3,articulation_separator,0,3,0,1,3,0.3333333333333333,0.5319480724924733,4,1 1 3 1
100,6,6,block_decomposition,improved,3,fiedler_median,,1,1,3,3,1.0,0.19126308024310604,2,3 3
100,6,6,block_decomposition,improved,3,fiedler_sign,,1,1,3,3,1.0,0.19126308024310604,2,3 3
100,6,6,block_decomposition,improved,3,bfs_balanced,,1,1,3,3,1.0,0.19126308024310604,2,3 3
101,6,6,block_decomposition,improved,2,connected_components,,0,0,2,4,0.5,3.330669073875432e-16,2,4 2
102,6,6,block_decomposition,improved,3,connected_components,,0,0,6,6,1.0,0.0,1,6
102,6,6,block_decomposition,improved,3,articulation_separator,3,3,0,2,3,0.6666666666666666,0.4534697790437984,3,3 2 1
102,6,6,block_decomposition,improved,3,fiedler_median,,1,1,3,3,1.0,0.1380711874576985,2,3 3
102,6,6,block_decomposition,improved,3,fiedler_sign,,1,1,3,3,1.0,0.1380711874576985,2,3 3
102,6,6,block_decomposition,improved,3,bfs_balanced,,1,1,3,3,1.0,0.1380711874576985,2,3 3
103,6,6,bipartite,tied,0,connected_components,,0,0,6,6,1.0,0.0,1,6
103,6,6,bipartite,tied,0,articulation_separator,4,3,0,2,3,0.6666666666666666,0.2957155617994916,3,2 3 1
103,6,6,bipartite,tied,0,fiedler_median,,2,2,3,3,1.0,0.3497650821835272,2,3 3
103,6,6,bipartite,tied,0,fiedler_sign,,1,1,2,4,0.5,0.10045341592385658,2,4 2
103,6,6,bipartite,tied,0,bfs_balanced,,3,3,3,3,1.0,0.2957155617994916,2,3 3
104,6,6,block_decomposition,improved,1,connected_components,,0,0,6,6,1.0,0.0,1,6
104,6,6,block_decomposition,improved,1,articulation_separator,1,3,0,1,4,0.25,0.4989578509089534,3,4 1 1
104,6,6,block_decomposition,improved,1,fiedler_median,,2,2,3,3,1.0,0.4395759892845182,2,3 3
104,6,6,block_decomposition,improved,1,fiedler_sign,,2,2,2,4,0.5,0.28693528437056753,2,4 2
104,6,6,block_decomposition,improved,1,bfs_balanced,,3,3,3,3,1.0,0.4395759892845182,2,3 3
105,6,6,bipartite,tied,0,connected_components,,0,0,6,6,1.0,0.0,1,6
105,6,6,bipartite,tied,0,fiedler_median,,2,2,3,3,1.0,0.6666666666666665,2,3 3
105,6,6,bipartite,tied,0,fiedler_sign,,2,2,3,3,1.0,0.6666666666666665,2,3 3
105,6,6,bipartite,tied,0,bfs_balanced,,2,2,3,3,1.0,0.6666666666666665,2,3 3
106,6,6,block_decomposition,regressed,-1,connected_components,,0,0,3,3,1.0,2.4054832200211723e-16,2,3 3
107,6,7,block_decomposition,improved,6,connected_components,,0,0,1,5,0.2,1.7578531223231644e-16,2,5 1
107,6,7,block_decomposition,improved,6,articulation_separator,0,4,0,1,3,0.3333333333333333,0.5047123097784302,4,3 1 1 1
108,6,7,block_decomposition,improved,1,connected_components,,0,0,1,5,0.2,0.0,2,5 1
109,6,7,block_decomposition,improved,1,connected_components,,0,0,1,5,0.2,0.0,2,5 1
110,6,7,block_decomposition,improved,1,connected_components,,0,0,1,5,0.2,0.0,2,5 1
111,6,7,block_decomposition,improved,2,connected_components,,0,0,6,6,1.0,0.0,1,6
111,6,7,block_decomposition,improved,2,articulation_separator,4,5,0,1,3,0.3333333333333333,0.642903173468025,4,1 3 1 1
111,6,7,block_decomposition,improved,2,fiedler_median,,3,3,3,3,1.0,0.49022780662372,2,3 3
111,6,7,block_decomposition,improved,2,fiedler_sign,,4,4,2,4,0.5,0.4664643134250784,2,4 2
111,6,7,block_decomposition,improved,2,bfs_balanced,,4,4,3,3,1.0,0.4664643134250784,2,3 3
112,6,7,block_decomposition,improved,2,connected_components,,0,0,6,6,1.0,0.0,1,6
112,6,7,block_decomposition,improved,2,articulation_separator,1,4,0,1,4,0.25,0.5590903428863124,3,1 4 1
112,6,7,block_decomposition,improved,2,fiedler_median,,3,3,3,3,1.0,0.4590247617016084,2,3 3
112,6,7,block_decomposition,improved,2,fiedler_sign,,3,3,2,4,0.5,0.35307901330301444,2,4 2
112,6,7,block_decomposition,improved,2,bfs_balanced,,5,5,3,3,1.0,0.6650360912849065,2,3 3
113,6,7,block_decomposition,improved,2,connected_components,,0,0,6,6,1.0,0.0,1,6
113,6,7,block_decomposition,improved,2,articulation_separator,0,3,0,1,4,0.25,0.45051783512517224,3,4 1 1
113,6,7,block_decomposition,improved,2,fiedler_median,,3,3,3,3,1.0,0.5769361293926244,2,3 3
113,6,7,block_decomposition,improved,2,fiedler_sign,,2,2,2,4,0.5,0.32478287330315775,2,2 4
113,6,7,block_decomposition,improved,2,bfs_balanced,,5,5,3,3,1.0,0.8061780823648125,2,3 3
114,6,7,block_decomposition,improved,2,connected_components,,0,0,6,6,1.0,0.0,1,6
114,6,7,block_decomposition,improved,2,articulation_separator,4,4,0,1,3,0.3333333333333333,0.5773502691896258,4,1 3 1 1
114,6,7,block_decomposition,improved,2,fiedler_median,,2,2,3,3,1.0,0.3333333333333333,2,3 3
114,6,7,block_decomposition,improved,2,fiedler_sign,,2,2,3,3,1.0,0.3333333333333333,2,3 3
114,6,7,block_decomposition,improved,2,bfs_balanced,,4,4,3,3,1.0,0.4392790817319274,2,3 3
115,6,7,block_decomposition,improved,2,connected_components,,0,0,6,6,1.0,0.0,1,6
115,6,7,block_decomposition,improved,2,articulation_separator,1,3,0,1,4,0.25,0.4740058739398458,3,1 4 1
115,6,7,block_decomposition,improved,2,fiedler_median,,3,3,3,3,1.0,0.6344039753038507,2,3 3
115,6,7,block_decomposition,improved,2,fiedler_sign,,2,2,2,4,0.5,0.17972962427029618,2,2 4
115,6,7,block_decomposition,improved,2,bfs_balanced,,3,3,3,3,1.0,0.6344039753038507,2,3 3
116,6,7,block_decomposition,improved,6,connected_components,,0,0,2,4,0.5,0.0,2,4 2
117,6,7,block_decomposition,regressed,-1,connected_components,,0,0,6,6,1.0,0.0,1,6
117,6,7,block_decomposition,regressed,-1,articulation_separator,0,5,0,1,2,0.5,0.6344039753038513,4,1 2 2 1
117,6,7,block_decomposition,regressed,-1,fiedler_median,,4,4,3,3,1.0,0.4963327878461528,2,3 3
117,6,7,block_decomposition,regressed,-1,fiedler_sign,,1,1,1,5,0.2,0.11388637103424132,2,5 1
117,6,7,block_decomposition,regressed,-1,bfs_balanced,,4,4,3,3,1.0,0.4963327878461528,2,3 3
118,6,7,block_decomposition,improved,1,connected_components,,0,0,6,6,1.0,0.0,1,6
118,6,7,block_decomposition,improved,1,articulation_separator,1,4,0,1,4,0.25,0.5319898080049922,3,4 1 1
118,6,7,block_decomposition,improved,1,fiedler_median,,3,3,3,3,1.0,0.5868769871000107,2,3 3
118,6,7,block_decomposition,improved,1,fiedler_sign,,3,3,2,4,0.5,0.40477324779251184,2,4 2
118,6,7,block_decomposition,improved,1,bfs_balanced,,4,4,3,3,1.0,0.550571685146583,2,3 3
119,6,7,block_decomposition,regressed,-1,connected_components,,0,0,6,6,1.0,0.0,1,6
119,6,7,block_decomposition,regressed,-1,articulation_separator,0,4,0,2,3,0.6666666666666666,0.5279471795769832,3,2 3 1
119,6,7,block_decomposition,regressed,-1,fiedler_median,,2,2,3,3,1.0,0.2561056969474162,2,3 3
119,6,7,block_decomposition,regressed,-1,fiedler_sign,,2,2,3,3,1.0,0.2561056969474162,2,3 3
119,6,7,block_decomposition,regressed,-1,bfs_balanced,,4,4,3,3,1.0,0.5279471795769832,2,3 3
120,6,7,block_decomposition,improved,2,connected_components,,0,0,6,6,1.0,0.0,1,6
120,6,7,block_decomposition,improved,2,articulation_separator,4,4,0,2,3,0.6666666666666666,0.44915185248619277,3,2 3 1
120,6,7,block_decomposition,improved,2,fiedler_median,,3,3,3,3,1.0,0.45174076911727906,2,3 3
120,6,7,block_decomposition,improved,2,fiedler_sign,,1,1,2,4,0.5,0.21338207687304786,2,4 2
120,6,7,block_decomposition,improved,2,bfs_balanced,,4,4,3,3,1.0,0.44915185248619277,2,3 3
121,6,7,bipartite,tied,0,connected_components,,0,0,6,6,1.0,0.0,1,6
121,6,7,bipartite,tied,0,articulation_separator,2,4,0,1,4,0.25,0.5009251859875418,3,1 4 1
121,6,7,bipartite,tied,0,fiedler_median,,3,3,3,3,1.0,0.6267994881284021,2,3 3
121,6,7,bipartite,tied,0,fiedler_sign,,3,3,2,4,0.5,0.3827825522721098,2,4 2
121,6,7,bipartite,tied,0,bfs_balanced,,3,3,3,3,1.0,0.6267994881284021,2,3 3
122,6,7,block_decomposition,improved,1,connected_components,,0,0,6,6,1.0,0.0,1,6
122,6,7,block_decomposition,improved,1,articulation_separator,1,3,0,1,4,0.25,0.4673022489862238,3,4 1 1
122,6,7,block_decomposition,improved,1,fiedler_median,,2,2,3,3,1.0,0.4199983972255595,2,3 3
122,6,7,block_decomposition,improved,1,fiedler_sign,,2,2,2,4,0.5,0.3037462060845768,2,2 4
122,6,7,block_decomposition,improved,1,bfs_balanced,,5,5,3,3,1.0,0.822962496225864,2,3 3
123,6,7,block_decomposition,improved,2,connected_components,,0,0,6,6,1.0,0.0,1,6
123,6,7,block_decomposition,improved,2,articulation_separator,4,3,0,2,3,0.6666666666666666,0.2887327541696744,3,2 3 1
123,6,7,block_decomposition,improved,2,fiedler_median,,2,2,3,3,1.0,0.21848079384994348,2,3 3
123,6,7,block_decomposition,improved,2,fiedler_sign,,1,1,2,4,0.5,0.10154848323339781,2,4 2
123,6,7,block_decomposition,improved,2,bfs_balanced,,2,2,3,3,1.0,0.21848079384994348,2,3 3
124,6,7,block_decomposition,improved,1,connected_components,,0,0,6,6,1.0,0.0,1,6
124,6,7,block_decomposition,improved,1,articulation_separator,1,3,0,1,4,0.25,0.5205176042696101,3,4 1 1
124,6,7,block_decomposition,improved,1,fiedler_median,,3,3,3,3,1.0,0.38244641681191177,2,3 3
124,6,7,block_decomposition,improved,1,fiedler_sign,,2,2,2,4,0.5,0.1871842709362769,2,4 2
124,6,7,block_decomposition,improved,1,bfs_balanced,,3,3,3,3,1.0,0.5205176042696101,2,3 3
125,6,7,bipartite,tied,0,connected_components,,0,0,6,6,1.0,0.0,1,6
125,6,7,bipartite,tied,0,articulation_separator,2,3,0,1,4,0.25,0.4388749301184669,3,1 4 1
125,6,7,bipartite,tied,0,fiedler_median,,3,3,3,3,1.0,0.5773502691896258,2,3 3
125,6,7,bipartite,tied,0,fiedler_sign,,2,2,2,4,0.5,0.24401693585629258,2,4 2
125,6,7,bipartite,tied,0,bfs_balanced,,4,4,3,3,1.0,0.4392790817319276,2,3 3
126,6,7,block_decomposition,improved,3,connected_components,,0,0,6,6,1.0,0.0,1,6
126,6,7,block_decomposition,improved,3,articulation_separator,3,4,0,2,3,0.6666666666666666,0.4512225099071032,3,3 2 1
126,6,7,block_decomposition,improved,3,fiedler_median,,2,2,3,3,1.0,0.30893066092791394,2,3 3
126,6,7,block_decomposition,improved,3,fiedler_sign,,2,2,3,3,1.0,0.30893066092791394,2,3 3
126,6,7,block_decomposition,improved,3,bfs_balanced,,4,4,3,3,1.0,0.4512225099071032,2,3 3
127,6,7,generic_planar_three_color_yes,tied,0,connected_components,,0,0,6,6,1.0,0.0,1,6
127,6,7,generic_planar_three_color_yes,tied,0,fiedler_median,,2,2,3,3,1.0,0.41202265916659675,2,3 3
127,6,7,generic_planar_three_color_yes,tied,0,fiedler_sign,,2,2,3,3,1.0,0.41202265916659675,2,3 3
127,6,7,generic_planar_three_color_yes,tied,0,bfs_balanced,,3,3,3,3,1.0,0.5473678885932323,2,3 3
128,6,7,bipartite,tied,0,connected_components,,0,0,6,6,1.0,0.0,1,6
128,6,7,bipartite,tied,0,fiedler_median,,3,3,3,3,1.0,0.6094757082487303,2,3 3
128,6,7,bipartite,tied,0,fiedler_sign,,2,2,2,4,0.5,0.276142374915397,2,2 4
128,6,7,bipartite,tied,0,bfs_balanced,,4,4,3,3,1.0,0.47140452079103196,2,3 3
129,6,7,triangle_free_non_bipartite,tied,0,connected_components,,0,0,6,6,1.0,0.0,1,6
129,6,7,triangle_free_non_bipartite,tied,0,fiedler_median,,3,3,3,3,1.0,0.5317342690025668,2,3 3
129,6,7,triangle_free_non_bipartite,tied,0,fiedler_sign,,2,2,2,4,0.5,0.3364721231269317,2,4 2
129,6,7,triangle_free_non_bipartite,tied,0,bfs_balanced,,3,3,3,3,1.0,0.5317342690025668,2,3 3
130,6,7,block_decomposition,regressed,-1,connected_components,,0,0,6,6,1.0,0.0,1,6
130,6,7,block_decomposition,regressed,-1,articulation_separator,0,3,0,2,3,0.6666666666666666,0.38208812331399084,3,2 3 1
130,6,7,block_decomposition,regressed,-1,fiedler_median,,1,1,3,3,1.0,0.3333333333333333,2,3 3
130,6,7,block_decomposition,regressed,-1,fiedler_sign,,1,1,3,3,1.0,0.3333333333333333,2,3 3
130,6,7,block_decomposition,regressed,-1,bfs_balanced,,1,1,3,3,1.0,0.3333333333333333,2,3 3
131,6,8,block_decomposition,improved,1,connected_components,,0,0,1,5,0.2,0.0,2,5 1
132,6,8,block_decomposition,improved,1,connected_components,,0,0,1,5,0.2,0.0,2,5 1
133,6,8,block_decomposition,improved,6,connected_components,,0,0,6,6,1.0,0.0,1,6
133,6,8,block_decomposition,improved,6,articulation_separator,0,5,0,1,3,0.3333333333333333,0.6185908355453292,4,3 1 1 1
133,6,8,block_decomposition,improved,6,fiedler_median,,5,5,3,3,1.0,0.5877320395087299,2,3 3
133,6,8,block_decomposition,improved,6,fiedler_sign,,4,4,2,4,0.5,0.39246989363309503,2,4 2
133,6,8,block_decomposition,improved,6,bfs_balanced,,5,5,3,3,1.0,0.6185908355453292,2,3 3
134,6,8,block_decomposition,improved,6,connected_components,,0,0,6,6,1.0,0.0,1,6
134,6,8,block_decomposition,improved,6,articulation_separator,0,4,0,1,4,0.25,0.5094073550962602,3,4 1 1
134,6,8,block_decomposition,improved,6,fiedler_median,,4,4,3,3,1.0,0.6666666666666669,2,3 3
134,6,8,block_decomposition,improved,6,fiedler_sign,,3,3,2,4,0.5,0.33138715061139296,2,4 2
134,6,8,block_decomposition,improved,6,bfs_balanced,,4,4,3,3,1.0,0.46379412687696703,2,3 3
135,6,8,block_decomposition,improved,1,connected_components,,0,0,6,6,1.0,0.0,1,6
135,6,8,block_decomposition,improved,1,articulation_separator,2,5,0,1,4,0.25,0.5714168206431175,3,4 1 1
135,6,8,block_decomposition,improved,1,fiedler_median,,4,4,3,3,1.0,0.5930583329669571,2,3 3
135,6,8,block_decomposition,improved,1,fiedler_sign,,1,1,1,5,0.2,0.14876708983274323,2,5 1
135,6,8,block_decomposition,improved,1,bfs_balanced,,5,5,3,3,1.0,0.48210042316607654,2,3 3
136,6,8,block_decomposition,improved,1,connected_components,,0,0,6,6,1.0,0.0,1,6
136,6,8,block_decomposition,improved,1,articulation_separator,1,5,0,1,4,0.25,0.5847491115063733,3,4 1 1
136,6,8,block_decomposition,improved,1,fiedler_median,,4,4,3,3,1.0,0.6526892536319732,2,3 3
136,6,8,block_decomposition,improved,1,fiedler_sign,,4,4,2,4,0.5,0.4985025522016415,2,4 2
136,6,8,block_decomposition,improved,1,bfs_balanced,,5,5,3,3,1.0,0.6526892536319732,2,3 3
137,6,8,block_decomposition,improved,1,connected_components,,0,0,6,6,1.0,0.0,1,6
137,6,8,block_decomposition,improved,1,articulation_separator,4,4,0,1,4,0.25,0.5259859515801992,3,4 1 1
137,6,8,block_decomposition,improved,1,fiedler_median,,3,3,3,3,1.0,0.4953972567118201,2,3 3
137,6,8,block_decomposition,improved,1,fiedler_sign,,3,3,2,4,0.5,0.3731382630926387,2,4 2
137,6,8,block_decomposition,improved,1,bfs_balanced,,4,4,3,3,1.0,0.5989341947448971,2,3 3
138,6,8,block_decomposition,improved,1,connected_components,,0,0,6,6,1.0,0.0,1,6
138,6,8,block_decomposition,improved,1,articulation_separator,0,3,0,1,4,0.25,0.43586711495518543,3,4 1 1
138,6,8,block_decomposition,improved,1,fiedler_median,,4,4,3,3,1.0,0.6825997673275618,2,3 3
138,6,8,block_decomposition,improved,1,fiedler_sign,,2,2,2,4,0.5,0.24333432201691338,2,4 2
138,6,8,block_decomposition,improved,1,bfs_balanced,,5,5,3,3,1.0,0.6230513858914621,2,3 3
139,6,8,block_decomposition,improved,1,connected_components,,0,0,6,6,1.0,0.0,1,6
139,6,8,block_decomposition,improved,1,articulation_separator,0,3,0,1,4,0.25,0.48711284241523495,3,4 1 1
139,6,8,block_decomposition,improved,1,fiedler_median,,3,3,3,3,1.0,0.4249120257688774,2,3 3
139,6,8,block_decomposition,improved,1,fiedler_sign,,2,2,2,4,0.5,0.2517126721501722,2,2 4
139,6,8,block_decomposition,improved,1,bfs_balanced,,5,5,3,3,1.0,0.5362259258938132,2,3 3
140,6,8,block_decomposition,improved,1,connected_components,,0,0,6,6,1.0,0.0,1,6
140,6,8,block_decomposition,improved,1,articulation_separator,0,4,0,1,4,0.25,0.5362376579878807,3,4 1 1
140,6,8,block_decomposition,improved,1,fiedler_median,,4,4,3,3,1.0,0.5251694240281064,2,3 3
140,6,8,block_decomposition,improved,1,fiedler_sign,,3,3,2,4,0.5,0.3146263797629046,2,2 4
140,6,8,block_decomposition,improved,1,bfs_balanced,,6,6,3,3,1.0,0.731499803863516,2,3 3
141,6,8,block_decomposition,improved,1,connected_components,,0,0,6,6,1.0,0.0,1,6
141,6,8,block_decomposition,improved,1,articulation_separator,2,4,0,1,4,0.25,0.49580550145866775,3,1 4 1
141,6,8,block_decomposition,improved,1,fiedler_median,,4,4,3,3,1.0,0.747148411587383,2,3 3
141,6,8,block_decomposition,improved,1,fiedler_sign,,3,3,2,4,0.5,0.36854250069740485,2,4 2
141,6,8,block_decomposition,improved,1,bfs_balanced,,3,3,3,3,1.0,0.5281638222299313,2,3 3
142,6,8,block_decomposition,improved,6,connected_components,,0,0,6,6,1.0,0.0,1,6
142,6,8,block_decomposition,improved,6,articulation_separator,0,4,0,2,3,0.6666666666666666,0.4044637016984795,3,3 2 1
142,6,8,block_decomposition,improved,6,fiedler_median,,3,3,3,3,1.0,0.36550240480609353,2,3 3
142,6,8,block_decomposition,improved,6,fiedler_sign,,1,1,2,4,0.5,0.23482260475310424,2,4 2
142,6,8,block_decomposition,improved,6,bfs_balanced,,4,4,3,3,1.0,0.4044637016984795,2,3 3
143,6,8,block_decomposition,improved,1,connected_components,,0,0,6,6,1.0,0.0,1,6
143,6,8,block_decomposition,improved,1,articulation_separator,0,3,0,1,4,0.25,0.44451790103956673,3,4 1 1
143,6,8,block_decomposition,improved,1,fiedler_median,,3,3,3,3,1.0,0.43080052840820704,2,3 3
143,6,8,block_decomposition,improved,1,fiedler_sign,,2,2,2,4,0.5,0.2436162574719302,2,2 4
143,6,8,block_decomposition,improved,1,bfs_balanced,,5,5,3,3,1.0,0.4936309845181451,2,3 3
144,6,8,block_decomposition,regressed,-2,connected_components,,0,0,6,6,1.0,0.0,1,6
144,6,8,block_decomposition,regressed,-2,articulation_separator,4,5,0,2,3,0.6666666666666666,0.5641578009454585,3,2 3 1
144,6,8,block_decomposition,regressed,-2,fiedler_median,,3,3,3,3,1.0,0.31580421416015175,2,3 3
144,6,8,block_decomposition,regressed,-2,fiedler_sign,,3,3,3,3,1.0,0.31580421416015175,2,3 3
144,6,8,block_decomposition,regressed,-2,bfs_balanced,,5,5,3,3,1.0,0.5641578009454585,2,3 3
145,6,8,generic_planar_three_color_yes,tied,0,connected_components,,0,0,6,6,1.0,0.0,1,6
145,6,8,generic_planar_three_color_yes,tied,0,fiedler_median,,4,4,3,3,1.0,0.4963327878461527,2,3 3
145,6,8,generic_planar_three_color_yes,tied,0,fiedler_sign,,2,2,2,4,0.5,0.4472197043675745,2,2 4
145,6,8,generic_planar_three_color_yes,tied,0,bfs_balanced,,4,4,3,3,1.0,0.6344039753038508,2,3 3
146,6,8,bipartite,tied,0,connected_components,,0,0,6,6,1.0,0.0,1,6
146,6,8,bipartite,tied,0,fiedler_median,,4,4,3,3,1.0,0.942809041582063,2,3 3
146,6,8,bipartite,tied,0,fiedler_sign,,4,4,2,4,0.5,0.2761423749153964,2,2 4
146,6,8,bipartite,tied,0,bfs_balanced,,4,4,3,3,1.0,0.942809041582063,2,3 3
147,6,8,generic_planar_three_color_yes,tied,0,connected_components,,0,0,6,6,1.0,0.0,1,6
147,6,8,generic_planar_three_color_yes,tied,0,fiedler_median,,3,3,3,3,1.0,0.4582878665486108,2,3 3
147,6,8,generic_planar_three_color_yes,tied,0,fiedler_sign,,3,3,3,3,1.0,0.4582878665486108,2,3 3
147,6,8,generic_planar_three_color_yes,tied,0,bfs_balanced,,4,4,3,3,1.0,0.5880252187426828,2,3 3
148,6,8,generic_planar_three_color_yes,tied,0,connected_components,,0,0,6,6,1.0,0.0,1,6
148,6,8,generic_planar_three_color_yes,tied,0,fiedler_median,,3,3,3,3,1.0,0.4476410275923904,2,3 3
148,6,8,generic_planar_three_color_yes,tied,0,fiedler_sign,,3,3,2,4,0.5,0.28724292622838526,2,4 2
148,6,8,generic_planar_three_color_yes,tied,0,bfs_balanced,,3,3,3,3,1.0,0.4476410275923905,2,3 3
149,6,8,generic_planar_three_color_yes,tied,0,connected_components,,0,0,6,6,1.0,0.0,1,6
149,6,8,generic_planar_three_color_yes,tied,0,fiedler_median,,3,3,3,3,1.0,0.5988124675403196,2,3 3
149,6,8,generic_planar_three_color_yes,tied,0,fiedler_sign,,3,3,3,3,1.0,0.5988124675403196,2,3 3
149,6,8,generic_planar_three_color_yes,tied,0,bfs_balanced,,5,5,3,3,1.0,0.46074128008262133,2,3 3
150,6,8,block_decomposition,regressed,-2,connected_components,,0,0,6,6,1.0,0.0,1,6
150,6,8,block_decomposition,regressed,-2,articulation_separator,4,4,0,2,3,0.6666666666666666,0.4497258651581643,3,2 3 1
150,6,8,block_decomposition,regressed,-2,fiedler_median,,2,2,3,3,1.0,0.4450979210580394,2,3 3
150,6,8,block_decomposition,regressed,-2,fiedler_sign,,2,2,3,3,1.0,0.4450979210580394,2,3 3
150,6,8,block_decomposition,regressed,-2,bfs_balanced,,5,5,3,3,1.0,0.6449880110337992,2,3 3
151,6,8,generic_planar_three_color_yes,tied,0,connected_components,,0,0,6,6,1.0,0.0,1,6
151,6,8,generic_planar_three_color_yes,tied,0,fiedler_median,,4,4,3,3,1.0,0.6483008025862436,2,3 3
151,6,8,generic_planar_three_color_yes,tied,0,fiedler_sign,,4,4,3,3,1.0,0.6483008025862436,2,3 3
151,6,8,generic_planar_three_color_yes,tied,0,bfs_balanced,,3,3,3,3,1.0,0.7092517145121171,2,3 3
152,6,8,generic_planar_three_color_yes,tied,0,connected_components,,0,0,6,6,1.0,0.0,1,6
152,6,8,generic_planar_three_color_yes,tied,0,fiedler_median,,2,2,3,3,1.0,0.6666666666666662,2,3 3
152,6,8,generic_planar_three_color_yes,tied,0,fiedler_sign,,2,2,3,3,1.0,0.6666666666666662,2,3 3
152,6,8,generic_planar_three_color_yes,tied,0,bfs_balanced,,4,4,3,3,1.0,0.43927908173192726,2,3 3
153,6,8,generic_planar_three_color_yes,tied,0,connected_components,,0,0,6,6,1.0,0.0,1,6
153,6,8,generic_planar_three_color_yes,tied,0,fiedler_median,,3,3,3,3,1.0,0.4697739454092719,2,3 3
153,6,8,generic_planar_three_color_yes,tied,0,fiedler_sign,,2,2,2,4,0.5,0.282589674472995,2,2 4
153,6,8,generic_planar_three_color_yes,tied,0,bfs_balanced,,4,4,3,3,1.0,0.6650360912849068,2,3 3
154,6,8,bipartite,tied,0,connected_components,,0,0,6,6,1.0,0.0,1,6
154,6,8,bipartite,tied,0,fiedler_median,,4,4,3,3,1.0,0.6666666666666671,2,3 3
154,6,8,bipartite,tied,0,fiedler_sign,,4,4,3,3,1.0,0.6666666666666671,2,3 3
154,6,8,bipartite,tied,0,bfs_balanced,,4,4,3,3,1.0,0.6666666666666673,2,3 3
155,6,9,block_decomposition,improved,5,connected_components,,0,0,1,5,0.2,0.0,2,5 1
156,6,9,block_decomposition,improved,1,connected_components,,0,0,6,6,1.0,0.0,1,6
156,6,9,block_decomposition,improved,1,articulation_separator,2,5,0,1,4,0.25,0.5544705229176919,3,4 1 1
156,6,9,block_decomposition,improved,1,fiedler_median,,4,4,3,3,1.0,0.5516263521331256,2,3 3
156,6,9,block_decomposition,improved,1,fiedler_sign,,4,4,2,4,0.5,0.4111984669997815,2,4 2
156,6,9,block_decomposition,improved,1,bfs_balanced,,6,6,3,3,1.0,0.714868624281697,2,3 3
157,6,9,block_decomposition,improved,1,connected_components,,0,0,6,6,1.0,0.0,1,6
157,6,9,block_decomposition,improved,1,articulation_separator,0,4,0,1,4,0.25,0.52160542570368,3,4 1 1
157,6,9,block_decomposition,improved,1,fiedler_median,,4,4,3,3,1.0,0.46131023738037324,2,3 3
157,6,9,block_decomposition,improved,1,fiedler_sign,,3,3,2,4,0.5,0.2741259664440967,2,4 2
157,6,9,block_decomposition,improved,1,bfs_balanced,,6,6,3,3,1.0,0.7087896966399564,2,3 3
158,6,9,block_decomposition,improved,1,connected_components,,0,0,6,6,1.0,0.0,1,6
158,6,9,block_decomposition,improved,1,articulation_separator,4,5,0,1,4,0.25,0.5604435478683256,3,4 1 1
158,6,9,block_decomposition,improved,1,fiedler_median,,5,5,3,3,1.0,0.6363969045711274,2,3 3
158,6,9,block_decomposition,improved,1,fiedler_sign,,4,4,2,4,0.5,0.4411347586954925,2,4 2
158,6,9,block_decomposition,improved,1,bfs_balanced,,5,5,3,3,1.0,0.7744680920288257,2,3 3
159,6,9,block_decomposition,improved,1,connected_components,,0,0,6,6,1.0,0.0,1,6
159,6,9,block_decomposition,improved,1,articulation_separator,2,4,0,1,4,0.25,0.4893142168572588,3,1 4 1
159,6,9,block_decomposition,improved,1,fiedler_median,,4,4,3,3,1.0,0.5657579522596238,2,3 3
159,6,9,block_decomposition,improved,1,fiedler_sign,,3,3,2,4,0.5,0.37857368132334707,2,4 2
159,6,9,block_decomposition,improved,1,bfs_balanced,,4,4,3,3,1.0,0.5657579522596238,2,3 3
160,6,9,block_decomposition,improved,1,connected_components,,0,0,6,6,1.0,0.0,1,6
160,6,9,block_decomposition,improved,1,articulation_separator,5,3,0,1,4,0.25,0.45128526181027634,3,4 1 1
160,6,9,block_decomposition,improved,1,fiedler_median,,4,4,3,3,1.0,0.45128526181027623,2,3 3
160,6,9,block_decomposition,improved,1,fiedler_sign,,2,2,2,4,0.5,0.2924679152333461,2,4 2
160,6,9,block_decomposition,improved,1,bfs_balanced,,5,5,3,3,1.0,0.45128526181027634,2,3 3
161,6,9,generic_planar_three_color_yes,tied,0,connected_components,,0,0,6,6,1.0,0.0,1,6
161,6,9,generic_planar_three_color_yes,tied,0,fiedler_median,,5,5,3,3,1.0,0.7907604410896711,2,3 3
161,6,9,generic_planar_three_color_yes,tied,0,fiedler_sign,,4,4,2,4,0.5,0.2702428368200611,2,4 2
161,6,9,generic_planar_three_color_yes,tied,0,bfs_balanced,,5,5,3,3,1.0,0.7907604410896711,2,3 3
162,6,9,generic_planar_three_color_yes,tied,0,connected_components,,0,0,6,6,1.0,0.0,1,6
162,6,9,generic_planar_three_color_yes,tied,0,fiedler_median,,4,4,3,3,1.0,0.5896360891452757,2,3 3
162,6,9,generic_planar_three_color_yes,tied,0,fiedler_sign,,4,4,3,3,1.0,0.5896360891452757,2,3 3
162,6,9,generic_planar_three_color_yes,tied,0,bfs_balanced,,5,5,3,3,1.0,0.5896360891452757,2,3 3
163,6,9,generic_planar_three_color_yes,tied,0,connected_components,,0,0,6,6,1.0,0.0,1,6
163,6,9,generic_planar_three_color_yes,tied,0,fiedler_median,,4,4,3,3,1.0,0.6180339887498948,2,3 3
163,6,9,generic_planar_three_color_yes,tied,0,fiedler_sign,,4,4,3,3,1.0,0.6180339887498948,2,3 3
163,6,9,generic_planar_three_color_yes,tied,0,bfs_balanced,,4,4,3,3,1.0,0.6180339887498948,2,3 3
164,6,9,generic_planar_three_color_yes,tied,0,connected_components,,0,0,6,6,1.0,0.0,1,6
164,6,9,generic_planar_three_color_yes,tied,0,fiedler_median,,4,4,3,3,1.0,0.44504400840514724,2,3 3
164,6,9,generic_planar_three_color_yes,tied,0,fiedler_sign,,3,3,2,4,0.5,0.25785973746887075,2,2 4
164,6,9,generic_planar_three_color_yes,tied,0,bfs_balanced,,4,4,3,3,1.0,0.4450440084051473,2,3 3
165,6,9,block_decomposition,improved,2,connected_components,,0,0,6,6,1.0,0.0,1,6
165,6,9,block_decomposition,improved,2,articulation_separator,0,5,0,2,3,0.6666666666666666,0.5338930439610512,3,3 2 1
165,6,9,block_decomposition,improved,2,fiedler_median,,3,3,3,3,1.0,0.42060074841999096,2,3 3
165,6,9,block_decomposition,improved,2,fiedler_sign,,3,3,3,3,1.0,0.42060074841999096,2,3 3
165,6,9,block_decomposition,improved,2,bfs_balanced,,5,5,3,3,1.0,0.5338930439610512,2,3 3
166,6,9,generic_planar_three_color_yes,tied,0,connected_components,,0,0,6,6,1.0,0.0,1,6
166,6,9,generic_planar_three_color_yes,tied,0,fiedler_median,,4,4,3,3,1.0,0.6609144296839786,2,3 3
166,6,9,generic_planar_three_color_yes,tied,0,fiedler_sign,,4,4,3,3,1.0,0.6609144296839786,2,3 3
166,6,9,generic_planar_three_color_yes,tied,0,bfs_balanced,,7,7,3,3,1.0,0.9210138848241759,2,3 3
167,6,9,generic_planar_three_color_yes,tied,0,connected_components,,0,0,6,6,1.0,0.0,1,6
167,6,9,generic_planar_three_color_yes,tied,0,fiedler_median,,3,3,3,3,1.0,0.7144407075908251,2,3 3
167,6,9,generic_planar_three_color_yes,tied,0,fiedler_sign,,3,3,3,3,1.0,0.7144407075908251,2,3 3
167,6,9,generic_planar_three_color_yes,tied,0,bfs_balanced,,5,5,3,3,1.0,0.6117811981341909,2,3 3
168,6,9,generic_planar_three_color_yes,tied,0,connected_components,,0,0,6,6,1.0,0.0,1,6
168,6,9,generic_planar_three_color_yes,tied,0,fiedler_median,,4,4,3,3,1.0,0.5205176042696104,2,3 3
168,6,9,generic_planar_three_color_yes,tied,0,fiedler_sign,,4,4,3,3,1.0,0.5205176042696104,2,3 3
168,6,9,generic_planar_three_color_yes,tied,0,bfs_balanced,,5,5,3,3,1.0,0.729585514469507,2,3 3
169,6,9,generic_planar_three_color_no,tied,0,connected_components,,0,0,6,6,1.0,0.0,1,6
169,6,9,generic_planar_three_color_no,tied,0,fiedler_median,,4,4,3,3,1.0,0.4120226591665967,2,3 3
169,6,9,generic_planar_three_color_no,tied,0,fiedler_sign,,2,2,2,4,0.5,0.4120226591665966,2,4 2
169,6,9,generic_planar_three_color_no,tied,0,bfs_balanced,,5,5,3,3,1.0,0.41202265916659675,2,3 3
170,6,9,generic_planar_three_color_yes,tied,0,connected_components,,0,0,6,6,1.0,0.0,1,6
170,6,9,generic_planar_three_color_yes,tied,0,fiedler_median,,4,4,3,3,1.0,0.7137787052184548,2,3 3
170,6,9,generic_planar_three_color_yes,tied,0,fiedler_sign,,4,4,2,4,0.5,0.3548817519061547,2,4 2
170,6,9,generic_planar_three_color_yes,tied,0,bfs_balanced,,5,5,3,3,1.0,0.7137787052184544,2,3 3
171,6,9,generic_planar_three_color_yes,tied,0,connected_components,,0,0,6,6,1.0,0.0,1,6
171,6,9,generic_planar_three_color_yes,tied,0,fiedler_median,,4,4,3,3,1.0,0.6240452257049824,2,3 3
171,6,9,generic_planar_three_color_yes,tied,0,fiedler_sign,,4,4,3,3,1.0,0.6240452257049824,2,3 3
171,6,9,generic_planar_three_color_yes,tied,0,bfs_balanced,,6,6,3,3,1.0,0.7729093226178522,2,3 3
172,6,9,generic_planar_three_color_yes,tied,0,connected_components,,0,0,6,6,1.0,0.0,1,6
172,6,9,generic_planar_three_color_yes,tied,0,fiedler_median,,3,3,3,3,1.0,0.7321414935025549,2,3 3
172,6,9,generic_planar_three_color_yes,tied,0,fiedler_sign,,3,3,3,3,1.0,0.7321414935025549,2,3 3
172,6,9,generic_planar_three_color_yes,tied,0,bfs_balanced,,6,6,3,3,1.0,0.6460027779686688,2,3 3
173,6,9,generic_planar_three_color_yes,tied,0,connected_components,,0,0,6,6,1.0,0.0,1,6
173,6,9,generic_planar_three_color_yes,tied,0,fiedler_median,,5,5,3,3,1.0,0.6022156721820779,2,3 3
173,6,9,generic_planar_three_color_yes,tied,0,fiedler_sign,,3,3,2,4,0.5,0.5102042660122494,2,2 4
173,6,9,generic_planar_three_color_yes,tied,0,bfs_balanced,,5,5,3,3,1.0,0.6022156721820779,2,3 3
174,6,9,generic_planar_three_color_yes,tied,0,connected_components,,0,0,6,6,1.0,0.0,1,6
174,6,9,generic_planar_three_color_yes,tied,0,fiedler_median,,3,3,3,3,1.0,0.9999999999999997,2,3 3
174,6,9,generic_planar_three_color_yes,tied,0,fiedler_sign,,3,3,3,3,1.0,0.9999999999999997,2,3 3
174,6,9,generic_planar_three_color_yes,tied,0,bfs_balanced,,5,5,3,3,1.0,0.5285954792089681,2,3 3
177,6,10,block_decomposition,improved,5,connected_components,,0,0,6,6,1.0,0.0,1,6
177,6,10,block_decomposition,improved,5,articulation_separator,4,5,0,1,4,0.25,0.5298837333044596,3,4 1 1
177,6,10,block_decomposition,improved,5,fiedler_median,,6,6,3,3,1.0,0.7754037105243707,2,3 3
177,6,10,block_decomposition,improved,5,fiedler_sign,,4,4,2,4,0.5,0.3829665160324138,2,4 2
177,6,10,block_decomposition,improved,5,bfs_balanced,,6,6,3,3,1.0,0.5701507869686905,2,3 3
178,6,10,block_decomposition,improved,5,connected_components,,0,0,6,6,1.0,0.0,1,6
178,6,10,block_decomposition,improved,5,articulation_separator,0,4,0,1,4,0.25,0.48124930806320054,3,4 1 1
178,6,10,block_decomposition,improved,5,fiedler_median,,5,5,3,3,1.0,0.5634354819611055,2,3 3
178,6,10,block_decomposition,improved,5,fiedler_sign,,3,3,2,4,0.5,0.37062186222097665,2,2 4
178,6,10,block_decomposition,improved,5,bfs_balanced,,6,6,3,3,1.0,0.5634354819611054,2,3 3
179,6,10,generic_planar_three_color_no,tied,0,connected_components,,0,0,6,6,1.0,0.0,1,6
179,6,10,generic_planar_three_color_no,tied,0,fiedler_median,,6,6,3,3,1.0,0.5420660228424312,2,3 3
179,6,10,generic_planar_three_color_no,tied,0,fiedler_sign,,6,6,3,3,1.0,0.5420660228424312,2,3 3
179,6,10,generic_planar_three_color_no,tied,0,bfs_balanced,,5,5,3,3,1.0,0.5420660228424313,2,3 3
180,6,10,generic_planar_three_color_no,tied,0,connected_components,,0,0,6,6,1.0,0.0,1,6
180,6,10,generic_planar_three_color_no,tied,0,fiedler_median,,5,5,3,3,1.0,0.5838440238491764,2,3 3
180,6,10,generic_planar_three_color_no,tied,0,fiedler_sign,,5,5,3,3,1.0,0.5838440238491764,2,3 3
180,6,10,generic_planar_three_color_no,tied,0,bfs_balanced,,5,5,3,3,1.0,0.5838440238491764,2,3 3
181,6,10,generic_planar_three_color_no,tied,0,connected_components,,0,0,6,6,1.0,0.0,1,6
181,6,10,generic_planar_three_color_no,tied,0,fiedler_median,,4,4,3,3,1.0,0.6666666666666669,2,3 3
181,6,10,generic_planar_three_color_no,tied,0,fiedler_sign,,4,4,3,3,1.0,0.6666666666666669,2,3 3
181,6,10,generic_planar_three_color_no,tied,0,bfs_balanced,,6,6,3,3,1.0,0.5205176042696101,2,3 3
182,6,10,generic_planar_three_color_yes,tied,0,connected_components,,0,0,6,6,1.0,0.0,1,6
182,6,10,generic_planar_three_color_yes,tied,0,fiedler_median,,5,5,3,3,1.0,0.6618840790832935,2,3 3
182,6,10,generic_planar_three_color_yes,tied,0,fiedler_sign,,5,5,3,3,1.0,0.6618840790832935,2,3 3
182,6,10,generic_planar_three_color_yes,tied,0,bfs_balanced,,6,6,3,3,1.0,0.6999492917244395,2,3 3
183,6,10,generic_planar_three_color_no,tied,0,connected_components,,0,0,6,6,1.0,0.0,1,6
183,6,10,generic_planar_three_color_no,tied,0,fiedler_median,,4,4,3,3,1.0,0.7090910270339049,2,3 3
183,6,10,generic_planar_three_color_no,tied,0,fiedler_sign,,4,4,3,3,1.0,0.7090910270339049,2,3 3
183,6,10,generic_planar_three_color_no,tied,0,bfs_balanced,,6,6,3,3,1.0,0.7067349726833404,2,3 3
184,6,10,generic_planar_three_color_yes,tied,0,connected_components,,0,0,6,6,1.0,0.0,1,6
184,6,10,generic_planar_three_color_yes,tied,0,fiedler_median,,4,4,3,3,1.0,0.889684078231226,2,3 3
184,6,10,generic_planar_three_color_yes,tied,0,fiedler_sign,,4,4,3,3,1.0,0.889684078231226,2,3 3
184,6,10,generic_planar_three_color_yes,tied,0,bfs_balanced,,7,7,3,3,1.0,0.684572934164328,2,3 3
185,6,10,generic_planar_three_color_no,tied,0,connected_components,,0,0,6,6,1.0,0.0,1,6
185,6,10,generic_planar_three_color_no,tied,0,fiedler_median,,5,5,3,3,1.0,0.5494657777137895,2,3 3
185,6,10,generic_planar_three_color_no,tied,0,fiedler_sign,,3,3,2,4,0.5,0.5494657777137893,2,2 4
185,6,10,generic_planar_three_color_no,tied,0,bfs_balanced,,6,6,3,3,1.0,0.5494657777137893,2,3 3
186,6,10,generic_planar_three_color_yes,tied,0,connected_components,,0,0,6,6,1.0,0.0,1,6
186,6,10,generic_planar_three_color_yes,tied,0,fiedler_median,,6,6,3,3,1.0,0.7073851524231088,2,3 3
186,6,10,generic_planar_three_color_yes,tied,0,fiedler_sign,,4,4,2,4,0.5,0.6331048373247569,2,4 2
186,6,10,generic_planar_three_color_yes,tied,0,bfs_balanced,,5,5,3,3,1.0,0.8202891082610336,2,3 3
187,6,10,generic_planar_three_color_no,tied,0,connected_components,,0,0,6,6,1.0,0.0,1,6
187,6,10,generic_planar_three_color_no,tied,0,fiedler_median,,5,5,3,3,1.0,0.6891745771776904,2,3 3
187,6,10,generic_planar_three_color_no,tied,0,fiedler_sign,,5,5,3,3,1.0,0.6891745771776904,2,3 3
187,6,10,generic_planar_three_color_no,tied,0,bfs_balanced,,5,5,3,3,1.0,0.6891745771776904,2,3 3
188,6,10,generic_planar_three_color_yes,tied,0,connected_components,,0,0,6,6,1.0,0.0,1,6
188,6,10,generic_planar_three_color_yes,tied,0,fiedler_median,,4,4,3,3,1.0,1.0069384468548555,2,3 3
188,6,10,generic_planar_three_color_yes,tied,0,fiedler_sign,,4,4,3,3,1.0,1.0069384468548555,2,3 3
188,6,10,generic_planar_three_color_yes,tied,0,bfs_balanced,,5,5,3,3,1.0,0.6736051135215222,2,3 3
190,6,10,generic_planar_three_color_yes,tied,0,connected_components,,0,0,6,6,1.0,0.0,1,6
190,6,10,generic_planar_three_color_yes,tied,0,fiedler_median,,4,4,3,3,1.0,0.7907604410896717,2,3 3
190,6,10,generic_planar_three_color_yes,tied,0,fiedler_sign,,4,4,3,3,1.0,0.7907604410896717,2,3 3
190,6,10,generic_planar_three_color_yes,tied,0,bfs_balanced,,4,4,3,3,1.0,0.7907604410896717,2,3 3
192,6,11,generic_planar_three_color_no,tied,0,connected_components,,0,0,6,6,1.0,0.0,1,6
192,6,11,generic_planar_three_color_no,tied,0,fiedler_median,,6,6,3,3,1.0,0.6317021719758436,2,3 3
192,6,11,generic_planar_three_color_no,tied,0,fiedler_sign,,5,5,2,4,0.5,0.4445179010395668,2,2 4
192,6,11,generic_planar_three_color_no,tied,0,bfs_balanced,,7,7,3,3,1.0,0.6317021719758436,2,3 3
193,6,11,generic_planar_three_color_no,tied,0,connected_components,,0,0,6,6,1.0,0.0,1,6
193,6,11,generic_planar_three_color_no,tied,0,fiedler_median,,5,5,3,3,1.0,0.8266019345608173,2,3 3
193,6,11,generic_planar_three_color_no,tied,0,fiedler_sign,,5,5,3,3,1.0,0.8266019345608173,2,3 3
193,6,11,generic_planar_three_color_no,tied,0,bfs_balanced,,7,7,3,3,1.0,0.6196504784132472,2,3 3
195,6,11,generic_planar_three_color_no,tied,0,connected_components,,0,0,6,6,1.0,0.0,1,6
195,6,11,generic_planar_three_color_no,tied,0,fiedler_median,,5,5,3,3,1.0,0.6094757082487303,2,3 3
195,6,11,generic_planar_three_color_no,tied,0,fiedler_sign,,4,4,2,4,0.5,0.27614237491539717,2,4 2
195,6,11,generic_planar_three_color_no,tied,0,bfs_balanced,,5,5,3,3,1.0,0.6094757082487303,2,3 3
196,6,11,generic_planar_three_color_no,tied,0,connected_components,,0,0,6,6,1.0,0.0,1,6
196,6,11,generic_planar_three_color_no,tied,0,fiedler_median,,5,5,3,3,1.0,0.9261523727527959,2,3 3
196,6,11,generic_planar_three_color_no,tied,0,fiedler_sign,,4,4,2,4,0.5,0.5928190394194627,2,2 4
196,6,11,generic_planar_three_color_no,tied,0,bfs_balanced,,7,7,3,3,1.0,0.788081185295098,2,3 3
198,6,11,generic_planar_three_color_yes,tied,0,connected_components,,0,0,6,6,1.0,0.0,1,6
198,6,11,generic_planar_three_color_yes,tied,0,fiedler_median,,5,5,3,3,1.0,1.0769084744986825,2,3 3
198,6,11,generic_planar_three_color_yes,tied,0,fiedler_sign,,5,5,3,3,1.0,1.0769084744986825,2,3 3
198,6,11,generic_planar_three_color_yes,tied,0,bfs_balanced,,7,7,3,3,1.0,0.766457033166,2,3 3
202,6,12,non_eulerian_sphere_triangulation,tied,0,connected_components,,0,0,6,6,1.0,0.0,1,6
202,6,12,non_eulerian_sphere_triangulation,tied,0,fiedler_median,,6,6,3,3,1.0,0.8957998539120576,2,3 3
202,6,12,non_eulerian_sphere_triangulation,tied,0,fiedler_sign,,5,5,2,4,0.5,0.5624665205787244,2,2 4
202,6,12,non_eulerian_sphere_triangulation,tied,0,bfs_balanced,,6,6,3,3,1.0,0.8957998539120576,2,3 3
204,6,12,eulerian_sphere_triangulation,tied,0,connected_components,,0,0,6,6,1.0,0.0,1,6
204,6,12,eulerian_sphere_triangulation,tied,0,fiedler_median,,6,6,3,3,1.0,1.3333333333333328,2,3 3
204,6,12,eulerian_sphere_triangulation,tied,0,fiedler_sign,,6,6,2,4,0.5,0.8128157290637228,2,2 4
204,6,12,eulerian_sphere_triangulation,tied,0,bfs_balanced,,6,6,3,3,1.0,1.3333333333333328,2,3 3
209,7,0,edgeless,tied,0,connected_components,,0,0,1,1,1.0,0.0,7,1 1 1 1 1 1 1
210,7,1,bipartite,tied,0,connected_components,,0,0,1,2,0.5,0.0,6,1 1 1 1 1 2
211,7,2,bipartite,tied,0,connected_components,,0,0,1,3,0.3333333333333333,0.0,5,1 3 1 1 1
211,7,2,bipartite,tied,0,articulation_separator,2,2,0,1,1,1.0,0.4040610178208844,7,1 1 1 1 1 1 1
212,7,2,bipartite,tied,0,connected_components,,0,0,1,2,0.5,0.0,5,2 1 1 1 2
213,7,3,block_decomposition,improved,4,connected_components,,0,0,1,3,0.3333333333333333,1.2688263138573217e-16,5,3 1 1 1 1
214,7,3,bipartite,tied,0,connected_components,,0,0,1,4,0.25,0.0,4,4 1 1 1
214,7,3,bipartite,tied,0,articulation_separator,0,3,0,1,1,1.0,0.4948716593053935,7,1 1 1 1 1 1 1
215,7,3,bipartite,tied,0,connected_components,,0,0,1,4,0.25,0.0,4,4 1 1 1
215,7,3,bipartite,tied,0,articulation_separator,5,2,0,1,2,0.5,0.35316227928565425,6,2 1 1 1 1 1
216,7,3,bipartite,tied,0,connected_components,,0,0,1,3,0.3333333333333333,0.0,4,1 3 1 2
216,7,3,bipartite,tied,0,articulation_separator,2,2,0,1,2,0.5,0.4040610178208843,6,1 1 1 1 2 1
217,7,3,bipartite,tied,0,connected_components,,0,0,1,2,0.5,0.0,4,2 2 1 2
218,7,4,block_decomposition,improved,4,connected_components,,0,0,1,4,0.25,2.2204460492510413e-16,4,1 4 1 1
218,7,4,block_decomposition,improved,4,articulation_separator,2,3,0,1,2,0.5,0.4231983725977188,6,1 1 1 1 2 1
219,7,4,bipartite,tied,0,connected_components,,0,0,1,4,0.25,0.0,4,1 4 1 1
220,7,4,bipartite,tied,0,connected_components,,0,0,1,5,0.2,0.0,3,5 1 1
220,7,4,bipartite,tied,0,articulation_separator,1,4,0,1,1,1.0,0.5714285714285714,7,1 1 1 1 1 1 1
221,7,4,bipartite,tied,0,connected_components,,0,0,1,5,0.2,0.0,3,5 1 1
221,7,4,bipartite,tied,0,articulation_separator,2,3,0,1,2,0.5,0.460893122786501,6,2 1 1 1 1 1
222,7,4,bipartite,tied,0,connected_components,,0,0,1,5,0.2,0.0,3,5 1 1
222,7,4,bipartite,tied,0,articulation_separator,2,2,0,1,2,0.5,0.2091573735911079,5,2 2 1 1 1
223,7,4,block_decomposition,improved,4,connected_components,,0,0,1,3,0.3333333333333333,1.2688263138573217e-16,4,3 1 1 2
224,7,4,bipartite,tied,0,connected_components,,0,0,1,4,0.25,0.0,3,4 2 1
224,7,4,bipartite,tied,0,articulation_separator,0,3,0,1,2,0.5,0.4948716593053935,6,1 2 1 1 1 1
225,7,4,bipartite,tied,0,connected_components,,0,0,1,4,0.25,0.0,3,4 2 1
225,7,4,bipartite,tied,0,articulation_separator,5,2,0,1,2,0.5,0.35316227928565425,5,2 2 1 1 1
226,7,4,bipartite,tied,0,connected_components,,0,0,1,3,0.3333333333333333,0.0,3,3 1 3
226,7,4,bipartite,tied,0,articulation_separator,0,2,0,1,3,0.3333333333333333,0.4040610178208843,5,1 3 1 1 1
227,7,4,bipartite,tied,0,connected_components,,0,0,2,3,0.6666666666666666,4.3244178079707546e-17,3,2 3 2
227,7,4,bipartite,tied,0,articulation_separator,2,2,0,1,2,0.5,0.40406101782088427,5,2 1 1 2 1
228,7,5,block_decomposition,improved,3,connected_components,,0,0,1,4,0.25,3.647875652339795e-16,4,4 1 1 1
229,7,5,block_decomposition,improved,4,connected_components,,0,0,1,5,0.2,0.0,3,1 1 5
229,7,5,block_decomposition,improved,4,articulation_separator,2,4,0,1,2,0.5,0.5181732864709517,6,1 1 1 1 2 1
230,7,5,block_decomposition,improved,4,connected_components,,0,0,1,5,0.2,4.758098676964958e-16,3,5 1 1
230,7,5,block_decomposition,improved,4,articulation_separator,0,3,0,1,3,0.3333333333333333,0.43045601831679825,5,1 3 1 1 1
231,7,5,block_decomposition,improved,4,connected_components,,0,0,1,5,0.2,1.427429603776695e-16,3,5 1 1
231,7,5,block_decomposition,improved,4,articulation_separator,2,3,0,1,2,0.5,0.3469484981078673,5,2 1 1 2 1
232,7,5,bipartite,tied,0,connected_components,,0,0,1,5,0.2,0.0,3,5 1 1
232,7,5,bipartite,tied,0,articulation_separator,1,3,0,1,3,0.3333333333333333,0.3953483113024911,5,3 1 1 1 1
233,7,5,block_decomposition,improved,2,connected_components,,0,0,1,5,0.2,0.0,3,5 1 1
234,7,5,bipartite,tied,0,connected_components,,0,0,1,6,0.16666666666666666,0.0,2,6 1
234,7,5,bipartite,tied,0,articulation_separator,5,5,0,1,1,1.0,0.6388765649999399,7,1 1 1 1 1 1 1
235,7,5,bipartite,tied,0,connected_components,,0,0,1,6,0.16666666666666666,0.0,2,6 1
235,7,5,bipartite,tied,0,articulation_separator,1,4,0,1,2,0.5,0.5455179746218316,6,1 2 1 1 1 1
236,7,5,bipartite,tied,0,connected_components,,0,0,1,6,0.16666666666666666,0.0,2,1 6
236,7,5,bipartite,tied,0,articulation_separator,1,3,0,1,3,0.3333333333333333,0.4530818393219726,5,1 3 1 1 1
237,7,5,bipartite,tied,0,connected_components,,0,0,1,6,0.16666666666666666,0.0,2,1 6
237,7,5,bipartite,tied,0,articulation_separator,1,3,0,1,3,0.3333333333333333,0.47527713565775953,5,1 3 1 1 1
238,7,5,bipartite,tied,0,connected_components,,0,0,1,6,0.16666666666666666,0.0,2,1 6
238,7,5,bipartite,tied,0,articulation_separator,3,3,0,1,2,0.5,0.41413992650947934,5,1 2 2 1 1
239,7,5,block_decomposition,improved,4,connected_components,,0,0,1,4,0.25,1.5067312477055697e-16,3,1 4 2
239,7,5,block_decomposition,improved,4,articulation_separator,2,3,0,1,2,0.5,0.4231983725977188,5,1 1 2 2 1
240,7,5,bipartite,tied,0,connected_components,,0,0,1,6,0.16666666666666666,1.7446361815538174e-16,2,6 1
240,7,5,bipartite,tied,0,articulation_separator,5,2,0,1,3,0.3333333333333333,0.3084987557319541,4,3 1 2 1
241,7,5,block_decomposition,improved,4,connected_components,,0,0,1,3,0.3333333333333333,3.172065784643305e-17,3,3 1 3
241,7,5,block_decomposition,improved,4,articulation_separator,0,2,0,1,3,0.3333333333333333,0.4040610178208844,5,1 3 1 1 1
242,7,5,bipartite,tied,0,connected_components,,0,0,1,4,0.25,0.0,3,1 2 4
243,7,5,bipartite,tied,0,connected_components,,0,0,2,5,0.4,0.0,2,5 2
243,7,5,bipartite,tied,0,articulation_separator,1,4,0,1,2,0.5,0.5714285714285714,6,1 1 1 1 2 1
244,7,5,bipartite,tied,0,connected_components,,0,0,2,5,0.4,0.0,2,5 2
244,7,5,bipartite,tied,0,articulation_separator,0,3,0,1,2,0.5,0.46089312278650063,5,2 1 1 2 1
245,7,5,bipartite,tied,0,connected_components,,0,0,3,4,0.75,8.20687011991769e-18,2,3 4
245,7,5,bipartite,tied,0,articulation_separator,2,3,0,1,3,0.3333333333333333,0.4948716593053935,5,3 1 1 1 1
246,7,5,bipartite,tied,0,connected_components,,0,0,2,5,0.4,0.0,2,5 2
246,7,5,bipartite,tied,0,articulation_separator,2,2,0,2,2,1.0,0.2091573735911079,4,2 2 2 1
247,7,5,bipartite,tied,0,connected_components,,0,0,3,4,0.75,0.0,2,4 3
247,7,5,bipartite,tied,0,articulation_separator,5,2,0,1,3,0.3333333333333333,0.35316227928565425,4,2 3 1 1
248,7,5,block_decomposition,improved,4,connected_components,,0,0,2,3,0.6666666666666666,0.0,3,2 2 3
249,7,6,block_decomposition,improved,7,connected_components,,0,0,1,4,0.25,3.172065784643305e-17,4,1 4 1 1
250,7,6,block_decomposition,improved,3,connected_components,,0,0,1,5,0.2,0.0,3,5 1 1
250,7,6,block_decomposition,improved,3,articulation_separator,1,4,0,1,3,0.3333333333333333,0.4589241016203213,5,1 3 1 1 1
251,7,6,block_decomposition,improved,3,connected_components,,0,0,1,5,0.2,0.0,3,5 1 1
251,7,6,block_decomposition,improved,3,articulation_separator,1,3,0,1,3,0.3333333333333333,0.38997959966120443,5,3 1 1 1 1
252,7,6,block_decomposition,tied,0,connected_components,,0,0,1,5,0.2,0.0,3,1 1 5
252,7,6,block_decomposition,tied,0,articulation_separator,2,4,0,1,2,0.5,0.4461579465168087,5,1 1 2 2 1
253,7,6,block_decomposition,improved,2,connected_components,,0,0,1,5,0.2,1.308477136165363e-16,3,5 1 1
254,7,6,bipartite,tied,0,connected_components,,0,0,1,5,0.2,8.105607736236562e-17,3,5 1 1
255,7,6,block_decomposition,improved,4,connected_components,,0,0,1,6,0.16666666666666666,0.0,2,1 6
255,7,6,block_decomposition,improved,4,articulation_separator,2,5,0,1,2,0.5,0.5960371993289983,6,1 1 1 1 2 1
256,7,6,block_decomposition,improved,4,connected_components,,0,0,1,6,0.16666666666666666,0.0,2,1 6
256,7,6,block_decomposition,improved,4,articulation_separator,2,4,0,1,3,0.3333333333333333,0.522396741701742,5,1 3 1 1 1
257,7,6,block_decomposition,improved,4,connected_components,,0,0,1,6,0.16666666666666666,5.709718413646627e-16,2,6 1
257,7,6,block_decomposition,improved,4,articulation_separator,1,3,0,1,4,0.25,0.4040610178208845,4,1 1 4 1
258,7,6,block_decomposition,improved,4,connected_components,,0,0,1,6,0.16666666666666666,3.5685740077237176e-16,2,6 1
258,7,6,block_decomposition,improved,4,articulation_separator,1,4,0,1,2,0.5,0.4774985753199376,5,2 1 1 2 1
259,7,6,bipartite,tied,0,connected_components,,0,0,1,6,0.16666666666666666,3.9650822308041307e-16,2,6 1
259,7,6,bipartite,tied,0,articulation_separator,2,4,0,1,3,0.3333333333333333,0.4994468850843668,5,3 1 1 1 1
260,7,6,block_decomposition,improved,4,connected_components,,0,0,1,6,0.16666666666666666,0.0,2,1 6
260,7,6,block_decomposition,improved,4,articulation_separator,2,3,0,1,3,0.3333333333333333,0.36965046929773526,4,1 3 2 1
261,7,6,bipartite,tied,0,connected_components,,0,0,1,6,0.16666666666666666,0.0,2,1 6
261,7,6,bipartite,tied,0,articulation_separator,2,3,0,1,4,0.25,0.3908021411742532,4,1 1 4 1
262,7,6,block_decomposition,improved,4,connected_components,,0,0,1,6,0.16666666666666666,0.0,2,1 6
262,7,6,block_decomposition,improved,4,articulation_separator,1,3,0,1,3,0.3333333333333333,0.4559554907078344,5,1 3 1 1 1
263,7,6,bipartite,tied,0,connected_components,,0,0,1,6,0.16666666666666666,5.370208246345347e-16,2,6 1
263,7,6,bipartite,tied,0,articulation_separator,3,3,0,1,4,0.25,0.4297191914088324,4,4 1 1 1
264,7,6,block_decomposition,improved,3,connected_components,,0,0,1,4,0.25,3.647875652339795e-16,3,4 1 2
265,7,6,block_decomposition,improved,4,connected_components,,0,0,1,6,0.16666666666666666,0.0,2,1 6
265,7,6,block_decomposition,improved,4,articulation_separator,2,3,0,1,3,0.3333333333333333,0.3886883820375412,4,1 3 2 1
266,7,6,bipartite,tied,0,connected_components,,0,0,1,6,0.16666666666666666,0.0,2,1 6
266,7,6,bipartite,tied,0,articulation_separator,5,3,0,1,3,0.3333333333333333,0.25347048154242124,4,1 3 2 1
267,7,6,block_decomposition,improved,2,connected_components,,0,0,1,6,0.16666666666666666,8.700222692225153e-16,2,6 1
267,7,6,block_decomposition,improved,2,articulation_separator,1,3,0,1,4,0.25,0.42767815792196057,4,1 1 4 1
268,7,6,bipartite,tied,0,connected_components,,0,0,1,6,0.16666666666666666,0.0,2,6 1
269,7,6,block_decomposition,tied,0,connected_components,,0,0,1,3,0.3333333333333333,2.220446049250313e-16,3,3 1 3
270,7,6,bipartite,tied,0,connected_components,,0,0,7,7,1.0,0.0,1,7
270,7,6,bipartite,tied,0,articulation_separator,6,6,0,1,1,1.0,0.6998542122237651,7,1 1 1 1 1 1 1
270,7,6,bipartite,tied,0,fiedler_median,,3,3,3,4,0.75,0.2049825529183716,2,3 4
270,7,6,bipartite,tied,0,fiedler_sign,,2,2,2,5,0.4,0.12842564079519375,2,2 5
270,7,6,bipartite,tied,0,bfs_balanced,,4,4,3,4,0.75,0.2957931944028807,2,3 4
271,7,6,bipartite,tied,0,connected_components,,0,0,7,7,1.0,0.0,1,7
271,7,6,bipartite,tied,0,articulation_separator,2,5,0,1,2,0.5,0.6177936171909655,6,2 1 1 1 1 1
271,7,6,bipartite,tied,0,fiedler_median,,3,3,3,4,0.75,0.2646313379053111,2,3 4
271,7,6,bipartite,tied,0,fiedler_sign,,1,1,2,5,0.4,0.11834673210659849,2,5 2
271,7,6,bipartite,tied,0,bfs_balanced,,4,4,3,4,0.75,0.4994468850843667,2,3 4
272,7,6,bipartite,tied,0,connected_components,,0,0,7,7,1.0,0.0,1,7
272,7,6,bipartite,tied,0,articulation_separator,1,4,0,1,3,0.3333333333333333,0.5391847672567068,5,1 3 1 1 1
272,7,6,bipartite,tied,0,fiedler_median,,3,3,3,4,0.75,0.4483741257721977,2,3 4
272,7,6,bipartite,tied,0,fiedler_sign,,1,1,3,4,0.75,0.2089880003870859,2,4 3
272,7,6,bipartite,tied,0,bfs_balanced,,4,4,3,4,0.75,0.5391847672567068,2,3 4
273,7,6,bipartite,tied,0,connected_components,,0,0,7,7,1.0,0.0,1,7
273,7,6,bipartite,tied,0,articulation_separator,1,4,0,1,2,0.5,0.5136950434090898,5,1 1 2 2 1
273,7,6,bipartite,tied,0,fiedler_median,,3,3,3,4,0.75,0.39534831130249115,2,3 4
273,7,6,bipartite,tied,0,fiedler_sign,,1,1,2,5,0.4,0.11178101654728814,2,2 5
273,7,6,bipartite,tied,0,bfs_balanced,,2,2,3,4,0.75,0.3026891988099448,2,3 4
274,7,6,bipartite,tied,0,connected_components,,0,0,7,7,1.0,0.0,1,7
274,7,6,bipartite,tied,0,articulation_separator,1,4,0,1,3,0.3333333333333333,0.5560198725691795,5,1 3 1 1 1
274,7,6,bipartite,tied,0,fiedler_median,,3,3,3,4,0.75,0.32120432539012395,2,3 4
274,7,6,bipartite,tied,0,fiedler_sign,,1,1,3,4,0.75,0.14968160504854583,2,4 3
274,7,6,bipartite,tied,0,bfs_balanced,,3,3,3,4,0.75,0.27030558685489375,2,3 4
275,7,6,block_decomposition,improved,4,connected_components,,0,0,2,5,0.4,0.0,2,2 5
275,7,6,block_decomposition,improved,4,articulation_separator,2,4,0,1,2,0.5,0.5181732864709517,5,2 1 1 2 1
276,7,6,bipartite,tied,0,connected_components,,0,0,7,7,1.0,0.0,1,7
276,7,6,bipartite,tied,0,articulation_separator,1,3,0,1,3,0.3333333333333333,0.404937255755955,4,2 3 1 1
276,7,6,bipartite,tied,0,fiedler_median,,2,2,3,4,0.75,0.3141266142714459,2,3 4
276,7,6,bipartite,tied,0,fiedler_sign,,1,1,3,4,0.75,0.19670893854902508,2,4 3
276,7,6,bipartite,tied,0,bfs_balanced,,3,3,3,4,0.75,0.404937255755955,2,3 4
277,7,6,block_decomposition,improved,4,connected_components,,0,0,2,5,0.4,3.1720657846425554e-17,2,5 2
277,7,6,block_decomposition,improved,4,articulation_separator,0,3,0,1,3,0.3333333333333333,0.43045601831679836,4,3 1 2 1
278,7,6,bipartite,tied,0,connected_components,,0,0,7,7,1.0,0.0,1,7
278,7,6,bipartite,tied,0,articulation_separator,0,3,0,1,4,0.25,0.4806179299440622,4,4 1 1 1
278,7,6,bipartite,tied,0,fiedler_median,,1,1,3,4,0.75,0.07655691212317797,2,3 4
278,7,6,bipartite,tied,0,fiedler_sign,,1,1,3,4,0.75,0.07655691212317797,2,3 4
278,7,6,bipartite,tied,0,bfs_balanced,,2,2,3,4,0.75,0.16736755360768713,2,3 4
279,7,6,bipartite,tied,0,connected_components,,0,0,7,7,1.0,0.0,1,7
279,7,6,bipartite,tied,0,articulation_separator,1,3,0,1,3,0.3333333333333333,0.43571927133592503,4,1 3 2 1
279,7,6,bipartite,tied,0,fiedler_median,,2,2,3,4,0.75,0.20090372415686947,2,3 4
279,7,6,bipartite,tied,0,fiedler_sign,,1,1,3,4,0.75,0.15606461662170876,2,4 3
279,7,6,bipartite,tied,0,bfs_balanced,,2,2,3,4,0.75,0.3305533932494465,2,3 4
280,7,6,bipartite,tied,0,connected_components,,0,0,7,7,1.0,0.0,1,7
280,7,6,bipartite,tied,0,articulation_separator,2,3,0,1,4,0.25,0.4650386650447097,4,4 1 1 1
280,7,6,bipartite,tied,0,fiedler_median,,1,1,3,4,0.75,0.11834673210659864,2,3 4
280,7,6,bipartite,tied,0,fiedler_sign,,1,1,3,4,0.75,0.20498255291837175,2,4 3
280,7,6,bipartite,tied,0,bfs_balanced,,2,2,3,4,0.75,0.295793194402881,2,3 4
281,7,6,bipartite,tied,0,connected_components,,0,0,2,5,0.4,0.0,2,5 2
281,7,6,bipartite,tied,0,articulation_separator,2,3,0,1,3,0.3333333333333333,0.3953483113024908,4,3 1 2 1
282,7,6,block_decomposition,improved,4,connected_components,,0,0,3,4,0.75,4.1187291672477903e-16,2,3 4
282,7,6,block_decomposition,improved,4,articulation_separator,2,3,0,1,3,0.3333333333333333,0.4231983725977187,4,3 1 2 1
283,7,6,block_decomposition,improved,4,connected_components,,0,0,2,5,0.4,2.5376526277146434e-16,2,5 2
283,7,6,block_decomposition,improved,4,articulation_separator,2,3,0,2,2,1.0,0.3469484981078673,4,2 2 2 1
284,7,6,bipartite,tied,0,connected_components,,0,0,7,7,1.0,0.0,1,7
284,7,6,bipartite,tied,0,articulation_separator,0,3,0,2,2,1.0,0.28571428571428586,4,2 2 2 1
284,7,6,bipartite,tied,0,fiedler_median,,2,2,3,4,0.75,0.21826629214291735,2,3 4
284,7,6,bipartite,tied,0,fiedler_sign,,2,2,3,4,0.75,0.16736755360768715,2,4 3
284,7,6,bipartite,tied,0,bfs_balanced,,3,3,3,4,0.75,0.4530818393219729,2,3 4
285,7,6,block_decomposition,improved,4,connected_components,,0,0,3,4,0.75,2.641600511001691e-16,2,4 3
285,7,6,block_decomposition,improved,4,articulation_separator,1,3,0,1,3,0.3333333333333333,0.4948716593053936,5,1 3 1 1 1
286,7,6,bipartite,tied,0,connected_components,,0,0,7,7,1.0,0.0,1,7
286,7,6,bipartite,tied,0,articulation_separator,2,2,0,3,3,1.0,0.3425463906799021,3,3 3 1
286,7,6,bipartite,tied,0,fiedler_median,,1,1,3,4,0.75,0.10773084350084658,2,3 4
286,7,6,bipartite,tied,0,fiedler_sign,,1,1,3,4,0.75,0.10773084350084658,2,3 4
286,7,6,bipartite,tied,0,bfs_balanced,,1,1,3,4,0.75,0.10773084350084648,2,3 4
287,7,6,block_decomposition,improved,4,connected_components,,0,0,3,4,0.75,0.0,2,4 3
287,7,6,block_decomposition,improved,4,articulation_separator,1,2,0,1,3,0.3333333333333333,0.35316227928565425,4,1 2 3 1
288,7,6,bipartite,tied,0,connected_components,,0,0,3,4,0.75,0.0,2,3 4
288,7,6,bipartite,tied,0,articulation_separator,0,2,0,1,4,0.25,0.4040610178208843,4,1 4 1 1
289,7,6,block_decomposition,improved,2,connected_components,,0,0,2,5,0.4,0.0,2,5 2
290,7,7,block_decomposition,improved,7,connected_components,,0,0,1,5,0.2,0.0,3,5 1 1
290,7,7,block_decomposition,improved,7,articulation_separator,1,4,0,1,3,0.3333333333333333,0.4326105512386546,5,1 3 1 1 1
291,7,7,block_decomposition,improved,2,connected_components,,0,0,1,5,0.2,2.0991469958717288e-16,3,5 1 1
292,7,7,block_decomposition,improved,2,connected_components,,0,0,1,5,0.2,0.0,3,5 1 1
293,7,7,block_decomposition,improved,2,connected_components,,0,0,1,5,0.2,1.030921380005929e-16,3,5 1 1
294,7,7,block_decomposition,improved,3,connected_components,,0,0,1,6,0.16666666666666666,4.668302519159777e-16,2,6 1
294,7,7,block_decomposition,improved,3,articulation_separator,2,5,0,1,3,0.3333333333333333,0.5510598629725932,5,3 1 1 1 1
295,7,7,block_decomposition,improved,3,connected_components,,0,0,1,6,0.16666666666666666,0.0,2,6 1
295,7,7,block_decomposition,improved,3,articulation_separator,1,4,0,1,4,0.25,0.47922029390255366,4,1 4 1 1
296,7,7,block_decomposition,improved,3,connected_components,,0,0,1,6,0.16666666666666666,0.0,2,6 1
296,7,7,block_decomposition,improved,3,articulation_separator,1,3,0,1,4,0.25,0.38615814439300483,4,1 4 1 1
297,7,7,block_decomposition,improved,3,connected_components,,0,0,1,6,0.16666666666666666,3.970494174256393e-16,2,6 1
297,7,7,block_decomposition,improved,3,articulation_separator,2,4,0,1,3,0.3333333333333333,0.4948716593053936,5,3 1 1 1 1
298,7,7,block_decomposition,improved,3,connected_components,,0,0,1,6,0.16666666666666666,2.1281789015617857e-16,2,6 1
298,7,7,block_decomposition,improved,3,articulation_separator,3,3,0,1,4,0.25,0.4062907490912964,4,4 1 1 1
299,7,7,block_decomposition,improved,7,connected_components,,0,0,1,4,0.25,4.3615904538845435e-17,3,4 1 2
300,7,7,block_decomposition,tied,0,connected_components,,0,0,1,6,0.16666666666666666,0.0,2,1 6
300,7,7,block_decomposition,tied,0,articulation_separator,2,5,0,1,2,0.5,0.5437748359747294,5,1 1 2 2 1
301,7,7,block_decomposition,improved,2,connected_components,,0,0,1,6,0.16666666666666666,0.0,2,6 1
301,7,7,block_decomposition,improved,2,articulation_separator,2,4,0,1,4,0.25,0.4559912640042791,4,4 1 1 1
302,7,7,block_decomposition,tied,0,connected_components,,0,0,1,6,0.16666666666666666,0.0,2,1 6
302,7,7,block_decomposition,tied,0,articulation_separator,2,4,0,1,3,0.3333333333333333,0.4525261539231282,4,1 3 2 1
303,7,7,block_decomposition,improved,3,connected_components,,0,0,1,6,0.16666666666666666,4.4408920984799294e-16,2,6 1
303,7,7,block_decomposition,improved,3,articulation_separator,2,4,0,1,3,0.3333333333333333,0.38498730213102256,4,2 3 1 1
304,7,7,bipartite,tied,0,connected_components,,0,0,1,6,0.16666666666666666,0.0,2,6 1
304,7,7,bipartite,tied,0,articulation_separator,5,4,0,1,4,0.25,0.4293644451321791,4,4 1 1 1
305,7,7,block_decomposition,improved,2,connected_components,,0,0,1,6,0.16666666666666666,0.0,2,6 1
305,7,7,block_decomposition,improved,2,articulation_separator,3,3,0,1,4,0.25,0.4005447848453346,4,4 1 1 1
306,7,7,block_decomposition,improved,2,connected_components,,0,0,1,6,0.16666666666666666,6.344131569286608e-17,2,6 1
306,7,7,block_decomposition,improved,2,articulation_separator,1,3,0,1,4,0.25,0.44615794651680873,4,4 1 1 1
307,7,7,block_decomposition,improved,3,connected_components,,0,0,1,6,0.16666666666666666,0.0,2,1 6
307,7,7,block_decomposition,improved,3,articulation_separator,4,3,0,1,3,0.3333333333333333,0.24748521785972127,4,1 2 3 1
308,7,7,bipartite,tied,0,connected_components,,0,0,1,6,0.16666666666666666,0.0,2,6 1
308,7,7,bipartite,tied,0,articulation_separator,0,3,0,1,4,0.25,0.37617851153011417,4,4 1 1 1
309,7,7,block_decomposition,improved,4,connected_components,,0,0,1,6,0.16666666666666666,0.0,2,1 6
309,7,7,block_decomposition,improved,4,articulation_separator,1,4,0,1,3,0.3333333333333333,0.38676215134894576,4,1 3 2 1
310,7,7,block_decomposition,improved,1,connected_components,,0,0,1,6,0.16666666666666666,0.0,2,6 1
311,7,7,block_decomposition,improved,1,connected_components,,0,0,1,6,0.16666666666666666,0.0,2,1 6
312,7,7,bipartite,tied,0,connected_components,,0,0,1,6,0.16666666666666666,0.0,2,1 6
313,7,7,block_decomposition,tied,0,connected_components,,0,0,1,6,0.16666666666666666,0.0,2,1 6
313,7,7,block_decomposition,tied,0,articulation_separator,1,3,0,1,3,0.3333333333333333,0.32750410569770627,4,1 3 2 1
314,7,7,block_decomposition,improved,4,connected_components,,0,0,7,7,1.0,0.0,1,7
314,7,7,block_decomposition,improved,4,articulation_separator,0,6,0,1,2,0.5,0.6638297931675652,6,1 1 2 1 1 1
314,7,7,block_decomposition,improved,4,fiedler_median,,4,4,3,4,0.75,0.4546724195764575,2,3 4
314,7,7,block_decomposition,improved,4,fiedler_sign,,5,5,2,5,0.4,0.4803801838871367,2,5 2
314,7,7,block_decomposition,improved,4,bfs_balanced,,4,4,3,4,0.75,0.3620334517805381,2,3 4
315,7,7,block_decomposition,improved,4,connected_components,,0,0,7,7,1.0,0.0,1,7
315,7,7,block_decomposition,improved,4,articulation_separator,1,5,0,1,3,0.3333333333333333,0.5988770320350536,5,3 1 1 1 1
315,7,7,block_decomposition,improved,4,fiedler_median,,3,3,3,4,0.75,0.2940253915439334,2,3 4
315,7,7,block_decomposition,improved,4,fiedler_sign,,2,2,3,4,0.75,0.25380035171457244,2,4 3
315,7,7,block_decomposition,improved,4,bfs_balanced,,4,4,3,4,0.75,0.33719623182029707,2,3 4
316,7,7,block_decomposition,improved,4,connected_components,,0,0,7,7,1.0,0.0,1,7
316,7,7,block_decomposition,improved,4,articulation_separator,5,4,0,1,4,0.25,0.5227148586399866,4,4 1 1 1
316,7,7,block_decomposition,improved,4,fiedler_median,,2,2,3,4,0.75,0.23700057292570076,2,3 4
316,7,7,block_decomposition,improved,4,fiedler_sign,,2,2,3,4,0.75,0.23700057292570076,2,3 4
316,7,7,block_decomposition,improved,4,bfs_balanced,,3,3,3,4,0.75,0.32781121441020994,2,3 4
317,7,7,block_decomposition,improved,4,connected_components,,0,0,7,7,1.0,0.0,1,7
317,7,7,block_decomposition,improved,4,articulation_separator,0,4,0,1,4,0.25,0.5053333084070106,4,4 1 1 1
317,7,7,block_decomposition,improved,4,fiedler_median,,2,2,3,4,0.75,0.29953032838357074,2,3 4
317,7,7,block_decomposition,improved,4,fiedler_sign,,2,2,3,4,0.75,0.29953032838357074,2,3 4
317,7,7,block_decomposition,improved,4,bfs_balanced,,4,4,3,4,0.75,0.4975042632846914,2,3 4
318,7,7,block_decomposition,improved,4,connected_components,,0,0,7,7,1.0,0.0,1,7
318,7,7,block_decomposition,improved,4,articulation_separator,2,5,0,1,2,0.5,0.566975733472275,5,2 1 1 2 1
318,7,7,block_decomposition,improved,4,fiedler_median,,4,4,3,4,0.75,0.4995277399009065,2,3 4
318,7,7,block_decomposition,improved,4,fiedler_sign,,1,1,2,5,0.4,0.10625064430714108,2,5 2
318,7,7,block_decomposition,improved,4,bfs_balanced,,4,4,3,4,0.75,0.4486290013656764,2,3 4
319,7,7,bipartite,tied,0,connected_components,,0,0,7,7,1.0,0.0,1,7
319,7,7,bipartite,tied,0,articulation_separator,1,5,0,1,3,0.3333333333333333,0.5815074801171666,5,3 1 1 1 1
319,7,7,bipartite,tied,0,fiedler_median,,3,3,3,4,0.75,0.4141399265094793,2,3 4
319,7,7,bipartite,tied,0,fiedler_sign,,2,2,3,4,0.75,0.3233292850249704,2,4 3
319,7,7,bipartite,tied,0,bfs_balanced,,4,4,3,4,0.75,0.295793194402881,2,3 4
320,7,7,block_decomposition,improved,4,connected_components,,0,0,7,7,1.0,0.0,1,7
320,7,7,block_decomposition,improved,4,articulation_separator,1,4,0,1,3,0.3333333333333333,0.48535659796274644,4,3 2 1 1
320,7,7,block_decomposition,improved,4,fiedler_median,,2,2,3,4,0.75,0.2518895949616096,2,3 4
320,7,7,block_decomposition,improved,4,fiedler_sign,,1,1,2,5,0.4,0.14987457069482785,2,5 2
320,7,7,block_decomposition,improved,4,bfs_balanced,,4,4,3,4,0.75,0.48535659796274644,2,3 4
321,7,7,block_decomposition,improved,4,connected_components,,0,0,7,7,1.0,0.0,1,7
321,7,7,block_decomposition,improved,4,articulation_separator,4,4,0,1,4,0.25,0.5161442047820718,4,4 1 1 1
321,7,7,block_decomposition,improved,4,fiedler_median,,2,2,3,4,0.75,0.2466460297320386,2,3 4
321,7,7,block_decomposition,improved,4,fiedler_sign,,2,2,3,4,0.75,0.3206450057883834,2,4 3
321,7,7,block_decomposition,improved,4,bfs_balanced,,3,3,3,4,0.75,0.4109242381235528,2,3 4
322,7,7,bipartite,tied,0,connected_components,,0,0,7,7,1.0,0.0,1,7
322,7,7,bipartite,tied,0,articulation_separator,5,4,0,1,4,0.25,0.49577112714308874,4,1 4 1 1
322,7,7,bipartite,tied,0,fiedler_median,,2,2,3,4,0.75,0.4724084792299482,2,3 4
322,7,7,bipartite,tied,0,fiedler_sign,,2,2,3,4,0.75,0.4724084792299482,2,3 4
322,7,7,bipartite,tied,0,bfs_balanced,,4,4,3,4,0.75,0.44487238860785866,2,3 4
323,7,7,block_decomposition,improved,3,connected_components,,0,0,2,5,0.4,0.0,2,5 2
323,7,7,block_decomposition,improved,3,articulation_separator,1,4,0,1,3,0.3333333333333333,0.458924101620321,4,3 1 2 1
324,7,7,block_decomposition,improved,4,connected_components,,0,0,7,7,1.0,0.0,1,7
324,7,7,block_decomposition,improved,4,articulation_separator,2,4,0,1,3,0.3333333333333333,0.4699273727484928,4,3 1 2 1
324,7,7,block_decomposition,improved,4,fiedler_median,,3,3,3,4,0.75,0.37911673126398365,2,3 4
324,7,7,block_decomposition,improved,4,fiedler_sign,,1,1,3,4,0.75,0.19286711788003585,2,4 3
324,7,7,block_decomposition,improved,4,bfs_balanced,,4,4,3,4,0.75,0.4699273727484928,2,3 4
325,7,7,bipartite,tied,0,connected_components,,0,0,7,7,1.0,0.0,1,7
325,7,7,bipartite,tied,0,articulation_separator,2,4,0,1,4,0.25,0.5215989953597067,4,4 1 1 1
325,7,7,bipartite,tied,0,fiedler_median,,2,2,3,4,0.75,0.24031554452597031,2,3 4
325,7,7,bipartite,tied,0,fiedler_sign,,2,2,3,4,0.75,0.24031554452597031,2,3 4
325,7,7,bipartite,tied,0,bfs_balanced,,4,4,3,4,0.75,0.32669535112993003,2,3 4
326,7,7,block_decomposition,improved,4,connected_components,,0,0,7,7,1.0,0.0,1,7
326,7,7,block_decomposition,improved,4,articulation_separator,1,4,0,1,3,0.3333333333333333,0.5413734211862843,5,1 3 1 1 1
326,7,7,block_decomposition,improved,4,fiedler_median,,3,3,3,4,0.75,0.40388933430285123,2,3 4
326,7,7,block_decomposition,improved,4,fiedler_sign,,1,1,3,4,0.75,0.1659825069887773,2,4 3
326,7,7,block_decomposition,improved,4,bfs_balanced,,4,4,3,4,0.75,0.4230266890796856,2,3 4
327,7,7,bipartite,tied,0,connected_components,,0,0,7,7,1.0,0.0,1,7
327,7,7,bipartite,tied,0,articulation_separator,1,3,0,1,5,0.2,0.3840934843065219,3,5 1 1
327,7,7,bipartite,tied,0,fiedler_median,,3,3,3,4,0.75,0.3840934843065219,2,3 4
327,7,7,bipartite,tied,0,fiedler_sign,,2,2,3,4,0.75,0.3584353107185741,2,4 3
327,7,7,bipartite,tied,0,bfs_balanced,,3,3,3,4,0.75,0.5932508578976297,2,3 4
328,7,7,block_decomposition,improved,4,connected_components,,0,0,7,7,1.0,0.0,1,7
328,7,7,block_decomposition,improved,4,articulation_separator,2,3,0,2,4,0.5,0.2739467187894785,3,2 4 1
328,7,7,block_decomposition,improved,4,fiedler_median,,3,3,3,4,0.75,0.2739467187894785,2,3 4
328,7,7,block_decomposition,improved,4,fiedler_sign,,1,1,2,5,0.4,0.12966360460802118,2,5 2
328,7,7,block_decomposition,improved,4,bfs_balanced,,4,4,3,4,0.75,0.508762265968534,2,3 4
329,7,7,block_decomposition,improved,4,connected_components,,0,0,7,7,1.0,0.0,1,7
329,7,7,block_decomposition,improved,4,articulation_separator,2,3,0,1,4,0.25,0.4583612205431034,4,4 1 1 1
329,7,7,block_decomposition,improved,4,fiedler_median,,2,2,3,4,0.75,0.26834120172882986,2,3 4
329,7,7,block_decomposition,improved,4,fiedler_sign,,1,1,3,4,0.75,0.13107642651668214,2,4 3
329,7,7,block_decomposition,improved,4,bfs_balanced,,3,3,3,4,0.75,0.35915184321333904,2,3 4
330,7,7,block_decomposition,improved,3,connected_components,,0,0,2,5,0.4,0.0,2,5 2
330,7,7,block_decomposition,improved,3,articulation_separator,1,3,0,1,3,0.3333333333333333,0.38997959966120443,4,3 1 2 1
331,7,7,block_decomposition,improved,4,connected_components,,0,0,7,7,1.0,0.0,1,7
331,7,7,block_decomposition,improved,4,articulation_separator,0,4,0,1,3,0.3333333333333333,0.4960934901169608,4,2 3 1 1
331,7,7,block_decomposition,improved,4,fiedler_median,,3,3,3,4,0.75,0.3251834624607887,2,3 4
331,7,7,block_decomposition,improved,4,fiedler_sign,,1,1,3,4,0.75,0.15186587825415201,2,4 3
331,7,7,block_decomposition,improved,4,bfs_balanced,,4,4,3,4,0.75,0.49609349011696086,2,3 4
332,7,7,bipartite,tied,0,connected_components,,0,0,7,7,1.0,0.0,1,7
332,7,7,bipartite,tied,0,articulation_separator,1,4,0,1,3,0.3333333333333333,0.4536299250797651,4,3 2 1 1
332,7,7,bipartite,tied,0,fiedler_median,,3,3,3,4,0.75,0.4878715813219083,2,3 4
332,7,7,bipartite,tied,0,fiedler_sign,,1,1,2,5,0.4,0.13358753267481951,2,2 5
332,7,7,bipartite,tied,0,bfs_balanced,,4,4,3,4,0.75,0.4536299250797651,2,3 4
333,7,7,block_decomposition,improved,4,connected_components,,0,0,7,7,1.0,0.0,1,7
333,7,7,block_decomposition,improved,4,articulation_separator,0,4,0,2,2,1.0,0.40406101782088477,4,2 2 2 1
333,7,7,block_decomposition,improved,4,fiedler_median,,3,3,3,4,0.75,0.2857142857142861,2,3 4
333,7,7,block_decomposition,improved,4,fiedler_sign,,1,1,2,5,0.4,0.09281975126667308,2,2 5
333,7,7,block_decomposition,improved,4,bfs_balanced,,4,4,3,4,0.75,0.5714285714285712,2,3 4
334,7,7,block_decomposition,improved,2,connected_components,,0,0,7,7,1.0,0.0,1,7
334,7,7,block_decomposition,improved,2,articulation_separator,0,4,0,1,4,0.25,0.522313321133544,4,1 4 1 1
334,7,7,block_decomposition,improved,2,fiedler_median,,2,2,3,4,0.75,0.32633512296753064,2,3 4
334,7,7,block_decomposition,improved,2,fiedler_sign,,2,2,3,4,0.75,0.2570542313123255,2,4 3
334,7,7,block_decomposition,improved,2,bfs_balanced,,3,3,3,4,0.75,0.4171457644520397,2,3 4
335,7,7,block_decomposition,tied,0,connected_components,,0,0,2,5,0.4,1.2688263138573217e-16,2,5 2
335,7,7,block_decomposition,tied,0,articulation_separator,4,4,0,2,2,1.0,0.44615794651680857,4,2 2 2 1
336,7,7,block_decomposition,improved,4,connected_components,,0,0,7,7,1.0,0.0,1,7
336,7,7,block_decomposition,improved,4,articulation_separator,1,3,0,3,3,1.0,0.39982655436435316,3,3 3 1
336,7,7,block_decomposition,improved,4,fiedler_median,,1,1,3,4,0.75,0.09497491387323305,2,3 4
336,7,7,block_decomposition,improved,4,fiedler_sign,,1,1,3,4,0.75,0.09497491387323305,2,3 4
336,7,7,block_decomposition,improved,4,bfs_balanced,,3,3,3,4,0.75,0.3836923093649058,2,3 4
337,7,7,bipartite,tied,0,connected_components,,0,0,7,7,1.0,0.0,1,7
337,7,7,bipartite,tied,0,articulation_separator,2,3,0,2,4,0.5,0.2479528512719098,3,4 2 1
337,7,7,bipartite,tied,0,fiedler_median,,2,2,3,4,0.75,0.2600561121263382,2,3 4
337,7,7,bipartite,tied,0,fiedler_sign,,2,2,3,4,0.75,0.26005611212633817,2,4 3
337,7,7,bipartite,tied,0,bfs_balanced,,3,3,3,4,0.75,0.4018605924363982,2,3 4
338,7,7,block_decomposition,improved,4,connected_components,,0,0,7,7,1.0,0.0,1,7
338,7,7,block_decomposition,improved,4,articulation_separator,1,3,0,2,4,0.5,0.34258171741727794,3,4 2 1
338,7,7,block_decomposition,improved,4,fiedler_median,,2,2,3,4,0.75,0.27201611635514417,2,3 4
338,7,7,block_decomposition,improved,4,fiedler_sign,,2,2,3,4,0.75,0.27201611635514417,2,3 4
338,7,7,block_decomposition,improved,4,bfs_balanced,,3,3,3,4,0.75,0.5068316635341997,2,3 4
339,7,7,block_decomposition,improved,4,connected_components,,0,0,7,7,1.0,0.0,1,7
339,7,7,block_decomposition,improved,4,articulation_separator,1,3,0,1,3,0.3333333333333333,0.4086563737505952,4,2 3 1 1
339,7,7,block_decomposition,improved,4,fiedler_median,,1,1,3,4,0.75,0.1353883255635928,2,3 4
339,7,7,block_decomposition,improved,4,fiedler_sign,,1,1,3,4,0.75,0.1353883255635928,2,3 4
339,7,7,block_decomposition,improved,4,bfs_balanced,,3,3,3,4,0.75,0.3931705688672797,2,3 4
340,7,7,block_decomposition,improved,2,connected_components,,0,0,7,7,1.0,0.0,1,7
340,7,7,block_decomposition,improved,2,articulation_separator,2,3,0,1,5,0.2,0.42350541023104515,3,5 1 1
340,7,7,block_decomposition,improved,2,fiedler_median,,2,2,3,4,0.75,0.30202768051907164,2,3 4
340,7,7,block_decomposition,improved,2,fiedler_sign,,2,2,3,4,0.75,0.30202768051907164,2,4 3
340,7,7,block_decomposition,improved,2,bfs_balanced,,2,2,3,4,0.75,0.30202768051907164,2,3 4
341,7,7,bipartite,tied,0,connected_components,,0,0,7,7,1.0,0.0,1,7
341,7,7,bipartite,tied,0,articulation_separator,0,3,0,2,4,0.5,0.37125741982654104,3,2 4 1
341,7,7,bipartite,tied,0,fiedler_median,,2,2,3,4,0.75,0.26011535460460433,2,3 4
341,7,7,bipartite,tied,0,fiedler_sign,,2,2,3,4,0.75,0.3299900211125353,2,4 3
341,7,7,bipartite,tied,0,bfs_balanced,,3,3,3,4,0.75,0.42080066259704435,2,3 4
342,7,7,block_decomposition,improved,2,connected_components,,0,0,7,7,1.0,0.0,1,7
342,7,7,block_decomposition,improved,2,articulation_separator,2,3,0,1,5,0.2,0.44173795784260295,3,5 1 1
342,7,7,block_decomposition,improved,2,fiedler_median,,2,2,3,4,0.75,0.3371938202615771,2,3 4
342,7,7,block_decomposition,improved,2,fiedler_sign,,2,2,3,4,0.75,0.3371938202615771,2,4 3
342,7,7,block_decomposition,improved,2,bfs_balanced,,2,2,3,4,0.75,0.24261523480624939,2,3 4
343,7,7,block_decomposition,improved,4,connected_components,,0,0,7,7,1.0,0.0,1,7
343,7,7,block_decomposition,improved,4,articulation_separator,0,3,0,1,4,0.25,0.4713110770457097,4,4 1 1 1
343,7,7,block_decomposition,improved,4,fiedler_median,,1,1,3,4,0.75,0.14992073478782686,2,3 4
343,7,7,block_decomposition,improved,4,fiedler_sign,,1,1,3,4,0.75,0.14992073478782686,2,3 4
343,7,7,block_decomposition,improved,4,bfs_balanced,,2,2,3,4,0.75,0.20473414610825827,2,3 4
344,7,7,bipartite,tied,0,connected_components,,0,0,7,7,1.0,0.0,1,7
344,7,7,bipartite,tied,0,articulation_separator,2,3,0,1,4,0.25,0.471509011392253,4,4 1 1 1
344,7,7,bipartite,tied,0,fiedler_median,,1,1,3,4,0.75,0.06744799357136866,2,3 4
344,7,7,bipartite,tied,0,fiedler_sign,,1,1,3,4,0.75,0.06744799357136866,2,3 4
344,7,7,bipartite,tied,0,bfs_balanced,,4,4,3,4,0.75,0.35316227928565463,2,3 4
345,7,7,block_decomposition,improved,2,connected_components,,0,0,2,5,0.4,1.8635886484779414e-16,2,5 2
346,7,7,block_decomposition,improved,3,connected_components,,0,0,3,4,0.75,4.2822888092684654e-16,2,4 3
346,7,7,block_decomposition,improved,3,articulation_separator,2,2,0,1,4,0.25,0.4040610178208845,4,4 1 1 1
347,7,7,bipartite,tied,0,connected_components,,0,0,2,5,0.4,0.0,2,5 2
348,7,7,bipartite,tied,0,connected_components,,0,0,7,7,1.0,0.0,1,7
348,7,7,bipartite,tied,0,articulation_separator,2,3,0,1,5,0.2,0.46520923108467055,3,5 1 1
348,7,7,bipartite,tied,0,fiedler_median,,2,2,3,4,0.75,0.43539589076283186,2,3 4
348,7,7,bipartite,tied,0,fiedler_sign,,2,2,3,4,0.75,0.43539589076283186,2,3 4
348,7,7,bipartite,tied,0,bfs_balanced,,2,2,3,4,0.75,0.2913909850682854,2,3 4
349,7,7,block_decomposition,improved,4,connected_components,,0,0,7,7,1.0,0.0,1,7
349,7,7,block_decomposition,improved,4,articulation_separator,1,2,0,3,3,1.0,0.30177121147355207,3,3 3 1
349,7,7,block_decomposition,improved,4,fiedler_median,,1,1,3,4,0.75,0.15468257393062818,2,3 4
349,7,7,block_decomposition,improved,4,fiedler_sign,,1,1,3,4,0.75,0.20480556681102485,2,4 3
349,7,7,block_decomposition,improved,4,bfs_balanced,,3,3,3,4,0.75,0.5096572073021449,2,3 4
350,7,7,bipartite,tied,0,connected_components,,0,0,7,7,1.0,0.0,1,7
350,7,7,bipartite,tied,0,articulation_separator,1,3,0,3,3,1.0,0.35186792819757035,3,3 3 1
350,7,7,bipartite,tied,0,fiedler_median,,1,1,3,4,0.75,0.18450037458988308,2,3 4
350,7,7,bipartite,tied,0,fiedler_sign,,1,1,3,4,0.75,0.18450037458988308,2,3 4
350,7,7,bipartite,tied,0,bfs_balanced,,3,3,3,4,0.75,0.4948716593053935,2,3 4
351,7,7,block_decomposition,improved,2,connected_components,,0,0,7,7,1.0,0.0,1,7
351,7,7,block_decomposition,improved,2,articulation_separator,0,3,0,2,4,0.5,0.34931876600164485,3,2 4 1
351,7,7,block_decomposition,improved,2,fiedler_median,,2,2,3,4,0.75,0.27261020548914555,2,3 4
351,7,7,block_decomposition,improved,2,fiedler_sign,,2,2,3,4,0.75,0.27261020548914544,2,4 3
351,7,7,block_decomposition,improved,2,bfs_balanced,,3,3,3,4,0.75,0.5074257526682009,2,3 4
352,7,7,block_decomposition,tied,0,connected_components,,0,0,3,4,0.75,3.1720657846433045e-16,2,3 4
352,7,7,block_decomposition,tied,0,articulation_separator,2,3,0,1,3,0.3333333333333333,0.4231983725977188,4,3 1 2 1
353,7,7,triangle_free_non_bipartite,tied,0,connected_components,,0,0,7,7,1.0,0.0,1,7
353,7,7,triangle_free_non_bipartite,tied,0,fiedler_median,,2,2,3,4,0.75,0.3382582134442696,2,3 4
353,7,7,triangle_free_non_bipartite,tied,0,fiedler_sign,,2,2,3,4,0.75,0.3382582134442696,2,3 4
353,7,7,triangle_free_non_bipartite,tied,0,bfs_balanced,,2,2,3,4,0.75,0.3382582134442695,2,3 4
354,7,7,block_decomposition,improved,4,connected_components,,0,0,3,4,0.75,0.0,2,3 4
355,7,8,block_decomposition,improved,2,connected_components,,0,0,1,5,0.2,4.807662204850009e-16,3,5 1 1
356,7,8,block_decomposition,improved,2,connected_components,,0,0,1,5,0.2,1.2688263138573217e-16,3,5 1 1
357,7,8,block_decomposition,improved,7,connected_components,,0,0,1,6,0.16666666666666666,3.740883651367023e-16,2,6 1
357,7,8,block_decomposition,improved,7,articulation_separator,1,5,0,1,3,0.3333333333333333,0.5302207161817111,5,3 1 1 1 1
358,7,8,block_decomposition,improved,7,connected_components,,0,0,1,6,0.16666666666666666,0.0,2,1 6
358,7,8,block_decomposition,improved,7,articulation_separator,2,4,0,1,4,0.25,0.4366348757967944,4,1 4 1 1
359,7,8,block_decomposition,improved,2,connected_components,,0,0,1,6,0.16666666666666666,0.0,2,6 1
359,7,8,block_decomposition,improved,2,articulation_separator,1,5,0,1,4,0.25,0.4897858462655291,4,4 1 1 1
360,7,8,block_decomposition,improved,2,connected_components,,0,0,1,6,0.16666666666666666,4.691110471307817e-16,2,6 1
360,7,8,block_decomposition,improved,2,articulation_separator,0,5,0,1,4,0.25,0.5012135241483202,4,1 4 1 1
361,7,8,block_decomposition,improved,2,connected_components,,0,0,1,6,0.16666666666666666,7.731915580559174e-16,2,6 1
361,7,8,block_decomposition,improved,2,articulation_separator,5,4,0,1,4,0.25,0.45084510135445716,4,4 1 1 1
362,7,8,block_decomposition,improved,2,connected_components,,0,0,1,6,0.16666666666666666,0.0,2,6 1
362,7,8,block_decomposition,improved,2,articulation_separator,1,3,0,1,4,0.25,0.37360038424730174,4,1 4 1 1
363,7,8,block_decomposition,improved,2,connected_components,,0,0,1,6,0.16666666666666666,3.1720657846488166e-16,2,6 1
363,7,8,block_decomposition,improved,2,articulation_separator,5,3,0,1,4,0.25,0.4175252934987731,4,4 1 1 1
364,7,8,block_decomposition,improved,2,connected_components,,0,0,1,6,0.16666666666666666,0.0,2,6 1
364,7,8,block_decomposition,improved,2,articulation_separator,1,4,0,1,4,0.25,0.45963227827532604,4,1 4 1 1
365,7,8,block_decomposition,improved,2,connected_components,,0,0,1,6,0.16666666666666666,0.0,2,1 6
365,7,8,block_decomposition,improved,2,articulation_separator,4,4,0,1,4,0.25,0.42497614410742984,4,1 4 1 1
366,7,8,block_decomposition,improved,7,connected_components,,0,0,1,6,0.16666666666666666,0.0,2,6 1
366,7,8,block_decomposition,improved,7,articulation_separator,1,4,0,1,3,0.3333333333333333,0.3466831728844112,4,3 2 1 1
367,7,8,block_decomposition,improved,2,connected_components,,0,0,1,6,0.16666666666666666,0.0,2,6 1
367,7,8,block_decomposition,improved,2,articulation_separator,3,3,0,1,4,0.25,0.38101534374820034,4,1 4 1 1
368,7,8,block_decomposition,regressed,-1,connected_components,,0,0,1,6,0.16666666666666666,6.838596734967925e-16,2,6 1
368,7,8,block_decomposition,regressed,-1,articulation_separator,2,5,0,1,3,0.3333333333333333,0.4835638293818221,4,3 1 2 1
369,7,8,block_decomposition,improved,1,connected_components,,0,0,1,6,0.16666666666666666,1.241766740463002e-16,2,6 1
370,7,8,bipartite,tied,0,connected_components,,0,0,1,6,0.16666666666666666,0.0,2,6 1
371,7,8,block_decomposition,improved,1,connected_components,,0,0,1,6,0.16666666666666666,0.0,2,1 6
372,7,8,block_decomposition,improved,1,connected_components,,0,0,1,6,0.16666666666666666,4.1530025403878346e-16,2,6 1
373,7,8,block_decomposition,improved,1,connected_components,,0,0,1,6,0.16666666666666666,0.0,2,6 1
374,7,8,block_decomposition,regressed,-1,connected_components,,0,0,1,6,0.16666666666666666,3.806478932312183e-16,2,6 1
374,7,8,block_decomposition,regressed,-1,articulation_separator,2,4,0,1,3,0.3333333333333333,0.385479312992712,4,3 1 2 1
375,7,8,block_decomposition,improved,1,connected_components,,0,0,1,6,0.16666666666666666,5.115173006087312e-16,2,6 1
376,7,8,block_decomposition,improved,1,connected_components,,0,0,1,6,0.16666666666666666,5.666350325458528e-16,2,6 1
377,7,8,block_decomposition,improved,1,connected_components,,0,0,1,6,0.16666666666666666,0.0,2,6 1
378,7,8,bipartite,tied,0,connected_components,,0,0,1,6,0.16666666666666666,8.872212584915149e-17,2,6 1
379,7,8,block_decomposition,improved,3,connected_components,,0,0,7,7,1.0,0.0,1,7
379,7,8,block_decomposition,improved,3,articulation_separator,1,6,0,1,3,0.3333333333333333,0.6269998318830142,5,3 1 1 1 1
379,7,8,block_decomposition,improved,3,fiedler_median,,4,4,3,4,0.75,0.45014522059552026,2,3 4
379,7,8,block_decomposition,improved,3,fiedler_sign,,1,1,1,6,0.16666666666666666,0.0759399689104213,2,1 6
379,7,8,block_decomposition,improved,3,bfs_balanced,,6,6,3,4,0.75,0.6269998318830142,2,3 4
380,7,8,block_decomposition,improved,3,connected_components,,0,0,7,7,1.0,0.0,1,7
380,7,8,block_decomposition,improved,3,articulation_separator,1,5,0,1,4,0.25,0.5649213005337274,4,4 1 1 1
380,7,8,block_decomposition,improved,3,fiedler_median,,3,3,3,4,0.75,0.3346174623836219,2,3 4
380,7,8,block_decomposition,improved,3,fiedler_sign,,3,3,3,4,0.75,0.3346174623836219,2,4 3
380,7,8,block_decomposition,improved,3,bfs_balanced,,5,5,3,4,0.75,0.48836438841054935,2,3 4
381,7,8,block_decomposition,improved,3,connected_components,,0,0,7,7,1.0,0.0,1,7
381,7,8,block_decomposition,improved,3,articulation_separator,1,5,0,1,4,0.25,0.548954231953181,4,4 1 1 1
381,7,8,block_decomposition,improved,3,fiedler_median,,3,3,3,4,0.75,0.359652441671433,2,3 4
381,7,8,block_decomposition,improved,3,fiedler_sign,,3,3,3,4,0.75,0.45194991795774825,2,4 3
381,7,8,block_decomposition,improved,3,bfs_balanced,,4,4,3,4,0.75,0.4859963438351918,2,3 4
382,7,8,block_decomposition,improved,3,connected_components,,0,0,7,7,1.0,0.0,1,7
382,7,8,block_decomposition,improved,3,articulation_separator,1,5,0,1,3,0.3333333333333333,0.5774678172702616,5,3 1 1 1 1
382,7,8,block_decomposition,improved,3,fiedler_median,,3,3,3,4,0.75,0.4170241564677387,2,3 4
382,7,8,block_decomposition,improved,3,fiedler_sign,,2,2,3,4,0.75,0.29402575982857027,2,4 3
382,7,8,block_decomposition,improved,3,bfs_balanced,,5,5,3,4,0.75,0.45912108516366307,2,3 4
383,7,8,block_decomposition,improved,3,connected_components,,0,0,7,7,1.0,0.0,1,7
383,7,8,block_decomposition,improved,3,articulation_separator,2,4,0,1,5,0.2,0.46846529287546507,3,5 1 1
383,7,8,block_decomposition,improved,3,fiedler_median,,4,4,3,4,0.75,0.5061600430642473,2,3 4
383,7,8,block_decomposition,improved,3,fiedler_sign,,2,2,2,5,0.4,0.24502775796687182,2,5 2
383,7,8,block_decomposition,improved,3,bfs_balanced,,3,3,3,4,0.75,0.352471699422155,2,3 4
384,7,8,block_decomposition,improved,3,connected_components,,0,0,7,7,1.0,0.0,1,7
384,7,8,block_decomposition,improved,3,articulation_separator,1,4,0,1,4,0.25,0.4918412256513466,4,4 1 1 1
384,7,8,block_decomposition,improved,3,fiedler_median,,2,2,3,4,0.75,0.27097281892781666,2,3 4
384,7,8,block_decomposition,improved,3,fiedler_sign,,2,2,3,4,0.75,0.27097281892781666,2,3 4
384,7,8,block_decomposition,improved,3,bfs_balanced,,5,5,3,4,0.75,0.6293253125347796,2,3 4
385,7,8,block_decomposition,improved,3,connected_components,,0,0,7,7,1.0,0.0,1,7
385,7,8,block_decomposition,improved,3,articulation_separator,2,3,0,1,5,0.2,0.40631813037007997,3,5 1 1
385,7,8,block_decomposition,improved,3,fiedler_median,,3,3,3,4,0.75,0.24620822248147262,2,3 4
385,7,8,block_decomposition,improved,3,fiedler_sign,,3,3,3,4,0.75,0.24620822248147262,2,3 4
385,7,8,block_decomposition,improved,3,bfs_balanced,,4,4,3,4,0.75,0.38369230936490567,2,3 4
386,7,8,block_decomposition,improved,3,connected_components,,0,0,7,7,1.0,0.0,1,7
386,7,8,block_decomposition,improved,3,articulation_separator,4,4,0,1,4,0.25,0.5052350612428095,4,4 1 1 1
386,7,8,block_decomposition,improved,3,fiedler_median,,3,3,3,4,0.75,0.4378660549971639,2,3 4
386,7,8,block_decomposition,improved,3,fiedler_sign,,2,2,3,4,0.75,0.2439151817214979,2,4 3
386,7,8,block_decomposition,improved,3,bfs_balanced,,4,4,3,4,0.75,0.3570048624119568,2,3 4
387,7,8,block_decomposition,improved,7,connected_components,,0,0,2,5,0.4,0.0,2,5 2
387,7,8,block_decomposition,improved,7,articulation_separator,1,4,0,1,3,0.3333333333333333,0.4326105512386546,4,3 1 2 1
388,7,8,block_decomposition,tied,0,connected_components,,0,0,7,7,1.0,0.0,1,7
388,7,8,block_decomposition,tied,0,articulation_separator,6,6,0,1,2,0.5,0.6221170516855097,5,2 2 1 1 1
388,7,8,block_decomposition,tied,0,fiedler_median,,3,3,3,4,0.75,0.198918679087791,2,3 4
388,7,8,block_decomposition,tied,0,fiedler_sign,,4,4,3,4,0.75,0.336402765971224,2,4 3
388,7,8,block_decomposition,tied,0,bfs_balanced,,4,4,3,4,0.75,0.336402765971224,2,3 4
389,7,8,block_decomposition,tied,0,connected_components,,0,0,7,7,1.0,0.0,1,7
389,7,8,block_decomposition,tied,0,articulation_separator,6,5,0,1,3,0.3333333333333333,0.5473713592637939,4,1 3 2 1
389,7,8,block_decomposition,tied,0,fiedler_median,,2,2,3,4,0.75,0.1854313016896876,2,3 4
389,7,8,block_decomposition,tied,0,fiedler_sign,,2,2,3,4,0.75,0.1854313016896876,2,3 4
389,7,8,block_decomposition,tied,0,bfs_balanced,,4,4,3,4,0.75,0.45431754186023593,2,3 4
390,7,8,block_decomposition,improved,2,connected_components,,0,0,7,7,1.0,0.0,1,7
390,7,8,block_decomposition,improved,2,articulation_separator,6,5,0,1,4,0.25,0.5513042997887371,4,4 1 1 1
390,7,8,block_decomposition,improved,2,fiedler_median,,3,3,3,4,0.75,0.3660188232622868,2,3 4
390,7,8,block_decomposition,improved,2,fiedler_sign,,3,3,3,4,0.75,0.3660188232622868,2,3 4
390,7,8,block_decomposition,improved,2,bfs_balanced,,6,6,3,4,0.75,0.7861198469677928,2,3 4
391,7,8,block_decomposition,improved,3,connected_components,,0,0,7,7,1.0,0.0,1,7
391,7,8,block_decomposition,improved,3,articulation_separator,1,5,0,1,3,0.3333333333333333,0.5109785804281816,4,3 2 1 1
391,7,8,block_decomposition,improved,3,fiedler_median,,3,3,3,4,0.75,0.35933539505077344,2,3 4
391,7,8,block_decomposition,improved,3,fiedler_sign,,1,1,2,5,0.4,0.1288481592097537,2,5 2
391,7,8,block_decomposition,improved,3,bfs_balanced,,4,4,3,4,0.75,0.4129777358050056,2,3 4
392,7,8,bipartite,tied,0,connected_components,,0,0,7,7,1.0,0.0,1,7
392,7,8,bipartite,tied,0,articulation_separator,2,5,0,1,4,0.25,0.5312754632794192,4,4 1 1 1
392,7,8,bipartite,tied,0,fiedler_median,,3,3,3,4,0.75,0.41232406392796916,2,3 4
392,7,8,bipartite,tied,0,fiedler_sign,,3,3,3,4,0.75,0.41232406392796916,2,4 3
392,7,8,bipartite,tied,0,bfs_balanced,,5,5,3,4,0.75,0.38478797330587966,2,3 4
393,7,8,block_decomposition,improved,2,connected_components,,0,0,7,7,1.0,0.0,1,7
393,7,8,block_decomposition,improved,2,articulation_separator,2,4,0,1,5,0.2,0.47123333602024264,3,5 1 1
393,7,8,block_decomposition,improved,2,fiedler_median,,3,3,3,4,0.75,0.4938440178428248,2,3 4
393,7,8,block_decomposition,improved,2,fiedler_sign,,3,3,3,4,0.75,0.4938440178428248,2,3 4
393,7,8,block_decomposition,improved,2,bfs_balanced,,3,3,3,4,0.75,0.3678607854804278,2,3 4
394,7,8,block_decomposition,improved,3,connected_components,,0,0,7,7,1.0,0.0,1,7
394,7,8,block_decomposition,improved,3,articulation_separator,2,4,0,2,4,0.5,0.42720412093885435,3,4 2 1
394,7,8,block_decomposition,improved,3,fiedler_median,,3,3,3,4,0.75,0.39231144211106955,2,3 4
394,7,8,block_decomposition,improved,3,fiedler_sign,,1,1,2,5,0.4,0.16157045050741034,2,2 5
394,7,8,block_decomposition,improved,3,bfs_balanced,,5,5,3,4,0.75,0.5180147624233635,2,3 4
395,7,8,block_decomposition,tied,0,connected_components,,0,0,7,7,1.0,0.0,1,7
395,7,8,block_decomposition,tied,0,articulation_separator,2,4,0,1,4,0.25,0.5246374811978952,4,4 1 1 1
395,7,8,block_decomposition,tied,0,fiedler_median,,2,2,3,4,0.75,0.2580605502604438,2,3 4
395,7,8,block_decomposition,tied,0,fiedler_sign,,2,2,3,4,0.75,0.2580605502604438,2,3 4
395,7,8,block_decomposition,tied,0,bfs_balanced,,6,6,3,4,0.75,0.8294891216890151,2,3 4
396,7,8,bipartite,tied,0,connected_components,,0,0,7,7,1.0,0.0,1,7
396,7,8,bipartite,tied,0,articulation_separator,3,4,0,1,5,0.2,0.47021466030416914,3,5 1 1
396,7,8,bipartite,tied,0,fiedler_median,,3,3,3,4,0.75,0.37940401881966,2,3 4
396,7,8,bipartite,tied,0,fiedler_sign,,3,3,3,4,0.75,0.37940401881966,2,4 3
396,7,8,bipartite,tied,0,bfs_balanced,,4,4,3,4,0.75,0.4702146603041691,2,3 4
397,7,8,block_decomposition,improved,2,connected_components,,0,0,2,5,0.4,6.042282753754118e-34,2,5 2
398,7,8,block_decomposition,improved,2,connected_components,,0,0,7,7,1.0,0.0,1,7
398,7,8,block_decomposition,improved,2,articulation_separator,0,3,0,1,5,0.2,0.4254801214572482,3,5 1 1
398,7,8,block_decomposition,improved,2,fiedler_median,,3,3,3,4,0.75,0.3662692502452289,2,3 4
398,7,8,block_decomposition,improved,2,fiedler_sign,,2,2,2,5,0.4,0.19185055228357717,2,5 2
398,7,8,block_decomposition,improved,2,bfs_balanced,,4,4,3,4,0.75,0.5037533371286619,2,3 4
399,7,8,block_decomposition,improved,3,connected_components,,0,0,7,7,1.0,0.0,1,7
399,7,8,block_decomposition,improved,3,articulation_separator,1,4,0,2,4,0.5,0.38097981232795924,3,4 2 1
399,7,8,block_decomposition,improved,3,fiedler_median,,3,3,3,4,0.75,0.35163429617398684,2,3 4
399,7,8,block_decomposition,improved,3,fiedler_sign,,1,1,2,5,0.4,0.1891858135788689,2,5 2
399,7,8,block_decomposition,improved,3,bfs_balanced,,3,3,3,4,0.75,0.4897488801832378,2,3 4
400,7,8,block_decomposition,improved,3,connected_components,,0,0,7,7,1.0,0.0,1,7
400,7,8,block_decomposition,improved,3,articulation_separator,4,3,0,2,4,0.5,0.24251971877267423,3,4 2 1
400,7,8,block_decomposition,improved,3,fiedler_median,,2,2,3,4,0.75,0.18543130168968794,2,3 4
400,7,8,block_decomposition,improved,3,fiedler_sign,,1,1,2,5,0.4,0.09108029320375136,2,2 5
400,7,8,block_decomposition,improved,3,bfs_balanced,,3,3,3,4,0.75,0.3115833943381605,2,3 4
401,7,8,block_decomposition,improved,2,connected_components,,0,0,7,7,1.0,0.0,1,7
401,7,8,block_decomposition,improved,2,articulation_separator,1,4,0,1,5,0.2,0.46128697061424756,3,5 1 1
401,7,8,block_decomposition,improved,2,fiedler_median,,2,2,3,4,0.75,0.30779720913487907,2,3 4
401,7,8,block_decomposition,improved,2,fiedler_sign,,2,2,3,4,0.75,0.30779720913487907,2,3 4
401,7,8,block_decomposition,improved,2,bfs_balanced,,3,3,3,4,0.75,0.4143383116555797,2,3 4
402,7,8,block_decomposition,improved,2,connected_components,,0,0,7,7,1.0,0.0,1,7
402,7,8,block_decomposition,improved,2,articulation_separator,1,4,0,1,5,0.2,0.47981561127706224,3,5 1 1
402,7,8,block_decomposition,improved,2,fiedler_median,,2,2,3,4,0.75,0.28360478453235793,2,3 4
402,7,8,block_decomposition,improved,2,fiedler_sign,,2,2,3,4,0.75,0.28360478453235793,2,3 4
402,7,8,block_decomposition,improved,2,bfs_balanced,,3,3,3,4,0.75,0.4171389053139651,2,3 4
403,7,8,block_decomposition,improved,3,connected_components,,0,0,7,7,1.0,0.0,1,7
403,7,8,block_decomposition,improved,3,articulation_separator,1,4,0,1,3,0.3333333333333333,0.44878433772688986,4,3 2 1 1
403,7,8,block_decomposition,improved,3,fiedler_median,,3,3,3,4,0.75,0.370180776070005,2,3 4
403,7,8,block_decomposition,improved,3,fiedler_sign,,1,1,2,5,0.4,0.13334715649844128,2,2 5
403,7,8,block_decomposition,improved,3,bfs_balanced,,4,4,3,4,0.75,0.44878433772688986,2,3 4
404,7,8,block_decomposition,tied,0,connected_components,,0,0,7,7,1.0,0.0,1,7
404,7,8,block_decomposition,tied,0,articulation_separator,0,4,0,3,3,1.0,0.45892410162032166,3,3 3 1
404,7,8,block_decomposition,tied,0,fiedler_median,,2,2,3,4,0.75,0.15407246112920156,2,3 4
404,7,8,block_decomposition,tied,0,fiedler_sign,,2,2,3,4,0.75,0.15407246112920156,2,3 4
404,7,8,block_decomposition,tied,0,bfs_balanced,,3,3,3,4,0.75,0.2915565480126346,2,3 4
405,7,8,bipartite,tied,0,connected_components,,0,0,7,7,1.0,0.0,1,7
405,7,8,bipartite,tied,0,articulation_separator,2,3,0,1,5,0.2,0.37366543661017654,3,5 1 1
405,7,8,bipartite,tied,0,fiedler_median,,3,3,3,4,0.75,0.45583599429118543,2,3 4
405,7,8,bipartite,tied,0,fiedler_sign,,2,2,2,5,0.4,0.1903771661762005,2,5 2
405,7,8,bipartite,tied,0,bfs_balanced,,4,4,3,4,0.75,0.6906515414702409,2,3 4
406,7,8,block_decomposition,improved,2,connected_components,,0,0,7,7,1.0,0.0,1,7
406,7,8,block_decomposition,improved,2,articulation_separator,2,4,0,1,4,0.25,0.5023847611608686,4,4 1 1 1
406,7,8,block_decomposition,improved,2,fiedler_median,,2,2,3,4,0.75,0.33987292983448814,2,3 4
406,7,8,block_decomposition,improved,2,fiedler_sign,,2,2,3,4,0.75,0.25923084477598207,2,4 3
406,7,8,block_decomposition,improved,2,bfs_balanced,,4,4,3,4,0.75,0.4722752653971817,2,3 4
407,7,8,block_decomposition,improved,2,connected_components,,0,0,2,5,0.4,0.0,2,5 2
408,7,8,block_decomposition,improved,3,connected_components,,0,0,7,7,1.0,0.0,1,7
408,7,8,block_decomposition,improved,3,articulation_separator,2,3,0,1,4,0.25,0.4527747306094692,4,4 1 1 1
408,7,8,block_decomposition,improved,3,fiedler_median,,1,1,3,4,0.75,0.12527062491176272,2,3 4
408,7,8,block_decomposition,improved,3,fiedler_sign,,1,1,3,4,0.75,0.12527062491176272,2,3 4
408,7,8,block_decomposition,improved,3,bfs_balanced,,6,6,3,4,0.75,0.780585945019679,2,3 4
409,7,8,block_decomposition,tied,0,connected_components,,0,0,7,7,1.0,0.0,1,7
409,7,8,block_decomposition,tied,0,articulation_separator,6,4,0,2,4,0.5,0.4014909685252794,3,4 2 1
409,7,8,block_decomposition,tied,0,fiedler_median,,2,2,3,4,0.75,0.2805234327477904,2,3 4
409,7,8,block_decomposition,tied,0,fiedler_sign,,2,2,3,4,0.75,0.2805234327477904,2,3 4
409,7,8,block_decomposition,tied,0,bfs_balanced,,4,4,3,4,0.75,0.4689389620966479,2,3 4
410,7,8,block_decomposition,improved,2,connected_components,,0,0,7,7,1.0,0.0,1,7
410,7,8,block_decomposition,improved,2,articulation_separator,0,4,0,1,4,0.25,0.5331995035740066,4,1 4 1 1
410,7,8,block_decomposition,improved,2,fiedler_median,,3,3,3,4,0.75,0.2638261639945584,2,3 4
410,7,8,block_decomposition,improved,2,fiedler_sign,,2,2,3,4,0.75,0.18726925187138047,2,4 3
410,7,8,block_decomposition,improved,2,bfs_balanced,,4,4,3,4,0.75,0.3546368054790675,2,3 4
411,7,8,bipartite,tied,0,connected_components,,0,0,7,7,1.0,0.0,1,7
411,7,8,bipartite,tied,0,articulation_separator,2,4,0,1,4,0.25,0.4844337514414706,4,4 1 1 1
411,7,8,bipartite,tied,0,fiedler_median,,3,3,3,4,0.75,0.3465418526470221,2,3 4
411,7,8,bipartite,tied,0,fiedler_sign,,2,2,3,4,0.75,0.26998494052384403,2,4 3
411,7,8,bipartite,tied,0,bfs_balanced,,6,6,3,4,0.75,0.651801305049158,2,3 4
412,7,8,block_decomposition,improved,2,connected_components,,0,0,7,7,1.0,0.0,1,7
412,7,8,block_decomposition,improved,2,articulation_separator,1,3,0,1,5,0.2,0.43377028775565696,3,1 5 1
412,7,8,block_decomposition,improved,2,fiedler_median,,2,2,3,4,0.75,0.27621959327119644,2,3 4
412,7,8,block_decomposition,improved,2,fiedler_sign,,2,2,3,4,0.75,0.27621959327119644,2,3 4
412,7,8,block_decomposition,improved,2,bfs_balanced,,3,3,3,4,0.75,0.3783693723620162,2,3 4
413,7,8,block_decomposition,improved,3,connected_components,,0,0,7,7,1.0,0.0,1,7
413,7,8,block_decomposition,improved,3,articulation_separator,2,3,0,2,4,0.5,0.321404532223808,3,4 2 1
413,7,8,block_decomposition,improved,3,fiedler_median,,2,2,3,4,0.75,0.2812950912531224,2,3 4
413,7,8,block_decomposition,improved,3,fiedler_sign,,2,2,3,4,0.75,0.2812950912531224,2,3 4
413,7,8,block_decomposition,improved,3,bfs_balanced,,3,3,3,4,0.75,0.36095707013962725,2,3 4
414,7,8,block_decomposition,improved,2,connected_components,,0,0,7,7,1.0,0.0,1,7
414,7,8,block_decomposition,improved,2,articulation_separator,2,3,0,1,5,0.2,0.39040485486625237,3,5 1 1
414,7,8,block_decomposition,improved,2,fiedler_median,,3,3,3,4,0.75,0.3932104122960161,2,3 4
414,7,8,block_decomposition,improved,2,fiedler_sign,,3,3,3,4,0.75,0.3932104122960161,2,3 4
414,7,8,block_decomposition,improved,2,bfs_balanced,,4,4,3,4,0.75,0.6100042861429223,2,3 4
415,7,8,block_decomposition,improved,3,connected_components,,0,0,7,7,1.0,0.0,1,7
415,7,8,block_decomposition,improved,3,articulation_separator,2,3,0,1,4,0.25,0.47221912301962987,4,4 1 1 1
415,7,8,block_decomposition,improved,3,fiedler_median,,2,2,3,4,0.75,0.19289453444761331,2,3 4
415,7,8,block_decomposition,improved,3,fiedler_sign,,1,1,3,4,0.75,0.12527062491176275,2,4 3
415,7,8,block_decomposition,improved,3,bfs_balanced,,5,5,3,4,0.75,0.5143160517155542,2,3 4
416,7,8,bipartite,tied,0,connected_components,,0,0,7,7,1.0,0.0,1,7
416,7,8,bipartite,tied,0,articulation_separator,0,3,0,1,5,0.2,0.38202845277259134,3,5 1 1
416,7,8,bipartite,tied,0,fiedler_median,,3,3,3,4,0.75,0.416187551969506,2,3 4
416,7,8,bipartite,tied,0,fiedler_sign,,2,2,2,5,0.4,0.16251917466064997,2,2 5
416,7,8,bipartite,tied,0,bfs_balanced,,5,5,3,4,0.75,0.4916624783607969,2,3 4
417,7,8,block_decomposition,improved,2,connected_components,,0,0,2,5,0.4,0.0,2,5 2
418,7,8,block_decomposition,improved,7,connected_components,,0,0,3,4,0.75,4.3615904538845435e-17,2,3 4
418,7,8,block_decomposition,improved,7,articulation_separator,0,2,0,1,4,0.25,0.4040610178208844,4,1 4 1 1
419,7,8,block_decomposition,improved,4,connected_components,,0,0,7,7,1.0,0.0,1,7
419,7,8,block_decomposition,improved,4,articulation_separator,2,5,0,1,3,0.3333333333333333,0.5144412773794657,4,3 1 2 1
419,7,8,block_decomposition,improved,4,fiedler_median,,3,3,3,4,0.75,0.34707372377177836,2,3 4
419,7,8,block_decomposition,improved,4,fiedler_sign,,2,2,3,4,0.75,0.2942846625837851,2,4 3
419,7,8,block_decomposition,improved,4,bfs_balanced,,4,4,3,4,0.75,0.4703679717530821,2,3 4
420,7,8,block_decomposition,tied,0,connected_components,,0,0,7,7,1.0,0.0,1,7
420,7,8,block_decomposition,tied,0,articulation_separator,0,5,0,2,2,1.0,0.4948716593053936,4,2 2 2 1
420,7,8,block_decomposition,tied,0,fiedler_median,,4,4,3,4,0.75,0.37652492719879493,2,3 4
420,7,8,block_decomposition,tied,0,fiedler_sign,,1,1,2,5,0.4,0.12527062491176277,2,2 5
420,7,8,block_decomposition,tied,0,bfs_balanced,,3,3,3,4,0.75,0.28571428571428586,2,3 4
421,7,8,block_decomposition,improved,1,connected_components,,0,0,7,7,1.0,0.0,1,7
421,7,8,block_decomposition,improved,1,articulation_separator,1,4,0,1,5,0.2,0.5136486619943892,3,5 1 1
421,7,8,block_decomposition,improved,1,fiedler_median,,2,2,3,4,0.75,0.27513733163027265,2,3 4
421,7,8,block_decomposition,improved,1,fiedler_sign,,3,3,3,4,0.75,0.3140508014356798,2,4 3
421,7,8,block_decomposition,improved,1,bfs_balanced,,3,3,3,4,0.75,0.41262141851370543,2,3 4
422,7,8,block_decomposition,improved,2,connected_components,,0,0,7,7,1.0,0.0,1,7
422,7,8,block_decomposition,improved,2,articulation_separator,1,4,0,2,4,0.5,0.3366878986234391,3,4 2 1
422,7,8,block_decomposition,improved,2,fiedler_median,,3,3,3,4,0.75,0.304385312066945,2,3 4
422,7,8,block_decomposition,improved,2,fiedler_sign,,1,1,2,5,0.4,0.12455431263780155,2,5 2
422,7,8,block_decomposition,improved,2,bfs_balanced,,3,3,3,4,0.75,0.5477526852355201,2,3 4
423,7,8,block_decomposition,improved,3,connected_components,,0,0,7,7,1.0,0.0,1,7
423,7,8,block_decomposition,improved,3,articulation_separator,1,4,0,3,3,1.0,0.42542810386813124,3,3 3 1
423,7,8,block_decomposition,improved,3,fiedler_median,,1,1,3,4,0.75,0.09761688945792145,2,3 4
423,7,8,block_decomposition,improved,3,fiedler_sign,,1,1,3,4,0.75,0.09761688945792145,2,3 4
423,7,8,block_decomposition,improved,3,bfs_balanced,,5,5,3,4,0.75,0.5437748359747298,2,3 4
424,7,8,block_decomposition,tied,0,connected_components,,0,0,7,7,1.0,0.0,1,7
424,7,8,block_decomposition,tied,0,articulation_separator,2,3,0,2,4,0.5,0.37084224488436995,3,4 2 1
424,7,8,block_decomposition,tied,0,fiedler_median,,2,2,3,4,0.75,0.22163224449606106,2,3 4
424,7,8,block_decomposition,tied,0,fiedler_sign,,2,2,3,4,0.75,0.25249551277777144,2,4 3
424,7,8,block_decomposition,tied,0,bfs_balanced,,4,4,3,4,0.75,0.5573471532688915,2,3 4
425,7,8,block_decomposition,improved,4,connected_components,,0,0,7,7,1.0,0.0,1,7
425,7,8,block_decomposition,improved,4,articulation_separator,0,4,0,3,3,1.0,0.41007851493259445,3,3 3 1
425,7,8,block_decomposition,improved,4,fiedler_median,,2,2,3,4,0.75,0.21890000584252367,2,3 4
425,7,8,block_decomposition,improved,4,fiedler_sign,,2,2,3,4,0.75,0.2427109613249074,2,4 3
425,7,8,block_decomposition,improved,4,bfs_balanced,,5,5,3,4,0.75,0.528425247039193,2,3 4
426,7,8,block_decomposition,improved,4,connected_components,,0,0,7,7,1.0,0.0,1,7
426,7,8,block_decomposition,improved,4,articulation_separator,4,4,0,2,4,0.5,0.38266003746679494,3,2 4 1
426,7,8,block_decomposition,improved,4,fiedler_median,,2,2,3,4,0.75,0.2588686334826945,2,3 4
426,7,8,block_decomposition,improved,4,fiedler_sign,,2,2,3,4,0.75,0.2588686334826945,2,3 4
426,7,8,block_decomposition,improved,4,bfs_balanced,,2,2,3,4,0.75,0.2588686334826945,2,3 4
427,7,8,bipartite,tied,0,connected_components,,0,0,7,7,1.0,0.0,1,7
427,7,8,bipartite,tied,0,articulation_separator,1,4,0,1,5,0.2,0.45273542365329184,3,1 5 1
427,7,8,bipartite,tied,0,fiedler_median,,3,3,3,4,0.75,0.5710821557598905,2,3 4
427,7,8,bipartite,tied,0,fiedler_sign,,3,3,2,5,0.4,0.2857142857142854,2,5 2
427,7,8,bipartite,tied,0,bfs_balanced,,4,4,3,4,0.75,0.37652492719879455,2,3 4
428,7,8,block_decomposition,improved,1,connected_components,,0,0,7,7,1.0,0.0,1,7
428,7,8,block_decomposition,improved,1,articulation_separator,1,4,0,1,5,0.2,0.46944684206113985,3,1 5 1
428,7,8,block_decomposition,improved,1,fiedler_median,,3,3,3,4,0.75,0.43546830554224736,2,3 4
428,7,8,block_decomposition,improved,1,fiedler_sign,,3,3,2,5,0.4,0.32573845269671314,2,5 2
428,7,8,block_decomposition,improved,1,bfs_balanced,,3,3,3,4,0.75,0.43546830554224736,2,3 4
429,7,8,block_decomposition,tied,0,connected_components,,0,0,7,7,1.0,0.0,1,7
429,7,8,block_decomposition,tied,0,articulation_separator,4,4,0,1,3,0.3333333333333333,0.46975126108551407,4,2 1 3 1
429,7,8,block_decomposition,tied,0,fiedler_median,,3,3,3,4,0.75,0.3322671742020811,2,3 4
429,7,8,block_decomposition,tied,0,fiedler_sign,,1,1,3,4,0.75,0.19851824703441193,2,4 3
429,7,8,block_decomposition,tied,0,bfs_balanced,,2,2,3,4,0.75,0.3360023339178449,2,3 4
430,7,8,block_decomposition,improved,4,connected_components,,0,0,7,7,1.0,0.0,1,7
430,7,8,block_decomposition,improved,4,articulation_separator,0,4,0,2,4,0.5,0.442669552006649,3,4 2 1
430,7,8,block_decomposition,improved,4,fiedler_median,,2,2,3,4,0.75,0.2523382926296151,2,3 4
430,7,8,block_decomposition,improved,4,fiedler_sign,,2,2,3,4,0.75,0.21968807641023622,2,4 3
430,7,8,block_decomposition,improved,4,bfs_balanced,,4,4,3,4,0.75,0.533480193491158,2,3 4
431,7,8,bipartite,tied,0,connected_components,,0,0,7,7,1.0,0.0,1,7
431,7,8,bipartite,tied,0,articulation_separator,4,4,0,2,4,0.5,0.28845902263001866,3,4 2 1
431,7,8,bipartite,tied,0,fiedler_median,,3,3,3,4,0.75,0.522407749927483,2,3 4
431,7,8,bipartite,tied,0,fiedler_sign,,1,1,2,5,0.4,0.08347646971164724,2,5 2
431,7,8,bipartite,tied,0,bfs_balanced,,4,4,3,4,0.75,0.6649839498288134,2,3 4
432,7,8,block_decomposition,improved,2,connected_components,,0,0,7,7,1.0,0.0,1,7
432,7,8,block_decomposition,improved,2,articulation_separator,5,3,0,2,4,0.5,0.2745296671194379,3,4 2 1
432,7,8,block_decomposition,improved,2,fiedler_median,,2,2,3,4,0.75,0.21064433274795527,2,3 4
432,7,8,block_decomposition,improved,2,fiedler_sign,,1,1,2,5,0.4,0.12639185546816384,2,2 5
432,7,8,block_decomposition,improved,2,bfs_balanced,,3,3,3,4,0.75,0.3091237540515725,2,3 4
433,7,8,block_decomposition,improved,1,connected_components,,0,0,7,7,1.0,0.0,1,7
433,7,8,block_decomposition,improved,1,articulation_separator,4,3,0,1,5,0.2,0.42345629035568766,3,5 1 1
433,7,8,block_decomposition,improved,1,fiedler_median,,2,2,3,4,0.75,0.29548834509969496,2,3 4
433,7,8,block_decomposition,improved,1,fiedler_sign,,2,2,3,4,0.75,0.29548834509969496,2,3 4
433,7,8,block_decomposition,improved,1,bfs_balanced,,2,2,3,4,0.75,0.36154137976981876,2,3 4
434,7,8,bipartite,tied,0,connected_components,,0,0,7,7,1.0,0.0,1,7
434,7,8,bipartite,tied,0,articulation_separator,4,3,0,1,5,0.2,0.4249107906145427,3,1 5 1
434,7,8,bipartite,tied,0,fiedler_median,,3,3,3,4,0.75,0.4178826489893486,2,3 4
434,7,8,bipartite,tied,0,fiedler_sign,,2,2,3,4,0.75,0.3413257368661707,2,4 3
434,7,8,bipartite,tied,0,bfs_balanced,,5,5,3,4,0.75,0.5345448162027479,2,3 4
435,7,8,block_decomposition,improved,3,connected_components,,0,0,7,7,1.0,0.0,1,7
435,7,8,block_decomposition,improved,3,articulation_separator,1,3,0,3,3,1.0,0.3461751793580081,3,3 3 1
435,7,8,block_decomposition,improved,3,fiedler_median,,1,1,3,4,0.75,0.2225684840493292,2,3 4
435,7,8,block_decomposition,improved,3,fiedler_sign,,1,1,3,4,0.75,0.2225684840493292,2,3 4
435,7,8,block_decomposition,improved,3,bfs_balanced,,4,4,3,4,0.75,0.4947919590014792,2,3 4
436,7,8,block_decomposition,tied,0,connected_components,,0,0,7,7,1.0,0.0,1,7
436,7,8,block_decomposition,tied,0,articulation_separator,3,3,0,3,3,1.0,0.35905540617942183,3,3 3 1
436,7,8,block_decomposition,tied,0,fiedler_median,,1,1,3,4,0.75,0.24187752333776938,2,3 4
436,7,8,block_decomposition,tied,0,fiedler_sign,,1,1,3,4,0.75,0.24187752333776938,2,3 4
436,7,8,block_decomposition,tied,0,bfs_balanced,,4,4,3,4,0.75,0.5437029066273066,2,3 4
437,7,8,block_decomposition,improved,1,connected_components,,0,0,7,7,1.0,0.0,1,7
437,7,8,block_decomposition,improved,1,articulation_separator,0,3,0,1,5,0.2,0.41683002269664476,3,5 1 1
437,7,8,block_decomposition,improved,1,fiedler_median,,3,3,3,4,0.75,0.33555223857004507,2,3 4
437,7,8,block_decomposition,improved,1,fiedler_sign,,2,2,2,5,0.4,0.2300308954034977,2,2 5
437,7,8,block_decomposition,improved,1,bfs_balanced,,3,3,3,4,0.75,0.4030002321414136,2,3 4
438,7,8,block_decomposition,improved,1,connected_components,,0,0,7,7,1.0,0.0,1,7
438,7,8,block_decomposition,improved,1,articulation_separator,0,3,0,1,5,0.2,0.4664733412108673,3,5 1 1
438,7,8,block_decomposition,improved,1,fiedler_median,,2,2,3,4,0.75,0.18801670121566103,2,3 4
438,7,8,block_decomposition,improved,1,fiedler_sign,,2,2,2,5,0.4,0.18075905549658175,2,2 5
438,7,8,block_decomposition,improved,1,bfs_balanced,,3,3,3,4,0.75,0.32550078809909405,2,3 4
439,7,8,block_decomposition,improved,2,connected_components,,0,0,7,7,1.0,0.0,1,7
439,7,8,block_decomposition,improved,2,articulation_separator,0,3,0,2,4,0.5,0.3974794148392408,3,4 2 1
439,7,8,block_decomposition,improved,2,fiedler_median,,2,2,3,4,0.75,0.31404954889680275,2,3 4
439,7,8,block_decomposition,improved,2,fiedler_sign,,1,1,2,5,0.4,0.20581076660306377,2,2 5
439,7,8,block_decomposition,improved,2,bfs_balanced,,3,3,3,4,0.75,0.6290091392007823,2,3 4
440,7,8,block_decomposition,improved,1,connected_components,,0,0,7,7,1.0,0.0,1,7
440,7,8,block_decomposition,improved,1,articulation_separator,4,3,0,1,5,0.2,0.3875946316407171,3,1 5 1
440,7,8,block_decomposition,improved,1,fiedler_median,,4,4,3,4,0.75,0.531599537335263,2,3 4
440,7,8,block_decomposition,improved,1,fiedler_sign,,2,2,2,5,0.4,0.21858460836739133,2,5 2
440,7,8,block_decomposition,improved,1,bfs_balanced,,3,3,3,4,0.75,0.3875946316407167,2,3 4
441,7,8,block_decomposition,improved,1,connected_components,,0,0,7,7,1.0,0.0,1,7
441,7,8,block_decomposition,improved,1,articulation_separator,0,3,0,1,5,0.2,0.42350970722114667,3,5 1 1
441,7,8,block_decomposition,improved,1,fiedler_median,,2,2,3,4,0.75,0.31543720410185616,2,3 4
441,7,8,block_decomposition,improved,1,fiedler_sign,,2,2,3,4,0.75,0.31543720410185616,2,3 4
441,7,8,block_decomposition,improved,1,bfs_balanced,,4,4,3,4,0.75,0.48280475770954323,2,3 4
442,7,8,bipartite,tied,0,connected_components,,0,0,7,7,1.0,0.0,1,7
442,7,8,bipartite,tied,0,articulation_separator,2,3,0,2,4,0.5,0.22422269377938692,3,4 2 1
442,7,8,bipartite,tied,0,fiedler_median,,3,3,3,4,0.75,0.48817235893392336,2,3 4
442,7,8,bipartite,tied,0,fiedler_sign,,1,1,2,5,0.4,0.09579705298419348,2,5 2
442,7,8,bipartite,tied,0,bfs_balanced,,5,5,3,4,0.75,0.3915902473870741,2,3 4
443,7,8,block_decomposition,regressed,-2,connected_components,,0,0,7,7,1.0,0.0,1,7
443,7,8,block_decomposition,regressed,-2,articulation_separator,4,4,0,2,4,0.5,0.37639952663432413,3,2 4 1
443,7,8,block_decomposition,regressed,-2,fiedler_median,,2,2,3,4,0.75,0.3116765422129001,2,3 4
443,7,8,block_decomposition,regressed,-2,fiedler_sign,,2,2,3,4,0.75,0.3116765422129001,2,3 4
443,7,8,block_decomposition,regressed,-2,bfs_balanced,,2,2,3,4,0.75,0.3116765422129001,2,3 4
444,7,8,bipartite,tied,0,connected_components,,0,0,7,7,1.0,0.0,1,7
444,7,8,bipartite,tied,0,articulation_separator,6,4,0,3,3,1.0,0.295793194402881,3,3 3 1
444,7,8,bipartite,tied,0,fiedler_median,,2,2,3,4,0.75,0.12842564079519384,2,3 4
444,7,8,bipartite,tied,0,fiedler_sign,,2,2,3,4,0.75,0.1284256407951939,2,4 3
444,7,8,bipartite,tied,0,bfs_balanced,,4,4,3,4,0.75,0.6998542122237651,2,3 4
445,7,8,triangle_free_non_bipartite,tied,0,connected_components,,0,0,7,7,1.0,0.0,1,7
445,7,8,triangle_free_non_bipartite,tied,0,fiedler_median,,2,2,3,4,0.75,0.33689731136508466,2,3 4
445,7,8,triangle_free_non_bipartite,tied,0,fiedler_sign,,2,2,3,4,0.75,0.33689731136508466,2,3 4
445,7,8,triangle_free_non_bipartite,tied,0,bfs_balanced,,3,3,3,4,0.75,0.2874709911258657,2,3 4
446,7,8,generic_planar_three_color_yes,tied,0,connected_components,,0,0,7,7,1.0,0.0,1,7
446,7,8,generic_planar_three_color_yes,tied,0,fiedler_median,,2,2,3,4,0.75,0.2665769309374514,2,3 4
446,7,8,generic_planar_three_color_yes,tied,0,fiedler_sign,,2,2,3,4,0.75,0.28571428571428564,2,4 3
446,7,8,generic_planar_three_color_yes,tied,0,bfs_balanced,,4,4,3,4,0.75,0.5714285714285714,2,3 4
447,7,8,block_decomposition,improved,4,connected_components,,0,0,7,7,1.0,0.0,1,7
447,7,8,block_decomposition,improved,4,articulation_separator,1,3,0,3,3,1.0,0.26598838662748,3,3 3 1
447,7,8,block_decomposition,improved,4,fiedler_median,,1,1,3,4,0.75,0.1616331874836226,2,3 4
447,7,8,block_decomposition,improved,4,fiedler_sign,,1,1,3,4,0.75,0.1616331874836226,2,3 4
447,7,8,block_decomposition,improved,4,bfs_balanced,,4,4,3,4,0.75,0.49822465808744976,2,3 4
448,7,8,bipartite,tied,0,connected_components,,0,0,7,7,1.0,0.0,1,7
448,7,8,bipartite,tied,0,fiedler_median,,3,3,3,4,0.75,0.3820249245457093,2,3 4
448,7,8,bipartite,tied,0,fiedler_sign,,2,2,3,4,0.75,0.44947291811707785,2,4 3
448,7,8,bipartite,tied,0,bfs_balanced,,3,3,3,4,0.75,0.3820249245457093,2,3 4
449,7,8,triangle_free_non_bipartite,tied,0,connected_components,,0,0,7,7,1.0,0.0,1,7
449,7,8,triangle_free_non_bipartite,tied,0,fiedler_median,,3,3,3,4,0.75,0.45072529289958313,2,3 4
449,7,8,triangle_free_non_bipartite,tied,0,fiedler_sign,,3,3,3,4,0.75,0.45072529289958313,2,3 4
449,7,8,triangle_free_non_bipartite,tied,0,bfs_balanced,,3,3,3,4,0.75,0.5947301985941296,2,3 4
450,7,8,block_decomposition,tied,0,connected_components,,0,0,7,7,1.0,0.0,1,7
450,7,8,block_decomposition,tied,0,articulation_separator,6,2,0,3,3,1.0,0.2324590007566659,3,3 3 1
450,7,8,block_decomposition,tied,0,fiedler_median,,1,1,3,4,0.75,0.09497491387323288,2,3 4
450,7,8,block_decomposition,tied,0,fiedler_sign,,1,1,3,4,0.75,0.09497491387323288,2,3 4
450,7,8,block_decomposition,tied,0,bfs_balanced,,1,1,3,4,0.75,0.09497491387323288,2,3 4
451,7,8,block_decomposition,regressed,-1,connected_components,,0,0,3,4,0.75,3.7147622140432645e-16,2,4 3
452,7,9,block_decomposition,improved,6,connected_components,,0,0,1,5,0.2,0.0,3,5 1 1
453,7,9,block_decomposition,improved,2,connected_components,,0,0,1,6,0.16666666666666666,0.0,2,6 1
453,7,9,block_decomposition,improved,2,articulation_separator,2,5,0,1,4,0.25,0.47526044821516455,4,4 1 1 1
454,7,9,block_decomposition,improved,2,connected_components,,0,0,1,6,0.16666666666666666,0.0,2,6 1
454,7,9,block_decomposition,improved,2,articulation_separator,0,4,0,1,4,0.25,0.44709036488886855,4,4 1 1 1
455,7,9,block_decomposition,improved,2,connected_components,,0,0,1,6,0.16666666666666666,0.0,2,6 1
455,7,9,block_decomposition,improved,2,articulation_separator,4,5,0,1,4,0.25,0.48038018388713627,4,4 1 1 1
456,7,9,block_decomposition,improved,2,connected_components,,0,0,1,6,0.16666666666666666,0.0,2,6 1
456,7,9,block_decomposition,improved,2,articulation_separator,2,4,0,1,4,0.25,0.4194121858776504,4,1 4 1 1
457,7,9,block_decomposition,improved,2,connected_components,,0,0,1,6,0.16666666666666666,0.0,2,6 1
457,7,9,block_decomposition,improved,2,articulation_separator,5,3,0,1,4,0.25,0.3868159386945226,4,4 1 1 1
458,7,9,block_decomposition,improved,1,connected_components,,0,0,1,6,0.16666666666666666,0.0,2,6 1
459,7,9,block_decomposition,improved,1,connected_components,,0,0,1,6,0.16666666666666666,0.0,2,6 1
460,7,9,block_decomposition,improved,1,connected_components,,0,0,1,6,0.16666666666666666,4.440892098500626e-16,2,6 1
461,7,9,block_decomposition,improved,1,connected_components,,0,0,1,6,0.16666666666666666,0.0,2,6 1
462,7,9,block_decomposition,improved,3,connected_components,,0,0,1,6,0.16666666666666666,0.0,2,6 1
462,7,9,block_decomposition,improved,3,articulation_separator,0,5,0,1,3,0.3333333333333333,0.45762260910947244,4,3 2 1 1
463,7,9,block_decomposition,improved,1,connected_components,,0,0,1,6,0.16666666666666666,0.0,2,6 1
464,7,9,block_decomposition,improved,1,connected_components,,0,0,1,6,0.16666666666666666,0.0,2,6 1
465,7,9,block_decomposition,improved,1,connected_components,,0,0,1,6,0.16666666666666666,0.0,2,6 1
466,7,9,block_decomposition,improved,1,connected_components,,0,0,1,6,0.16666666666666666,0.0,2,6 1
467,7,9,block_decomposition,improved,1,connected_components,,0,0,1,6,0.16666666666666666,0.0,2,6 1
468,7,9,block_decomposition,improved,1,connected_components,,0,0,1,6,0.16666666666666666,0.0,2,6 1
469,7,9,block_decomposition,improved,1,connected_components,,0,0,1,6,0.16666666666666666,0.0,2,6 1
470,7,9,block_decomposition,improved,1,connected_components,,0,0,1,6,0.16666666666666666,0.0,2,6 1
471,7,9,block_decomposition,improved,1,connected_components,,0,0,1,6,0.16666666666666666,0.0,2,6 1
473,7,9,block_decomposition,improved,7,connected_components,,0,0,7,7,1.0,0.0,1,7
473,7,9,block_decomposition,improved,7,articulation_separator,0,6,0,1,3,0.3333333333333333,0.6093249981656689,5,3 1 1 1 1
473,7,9,block_decomposition,improved,7,fiedler_median,,5,5,3,4,0.75,0.4718409112822359,2,3 4
473,7,9,block_decomposition,improved,7,fiedler_sign,,5,5,2,5,0.4,0.36373510373361945,2,5 2
473,7,9,block_decomposition,improved,7,bfs_balanced,,6,6,3,4,0.75,0.6093249981656689,2,3 4
474,7,9,block_decomposition,improved,7,connected_components,,0,0,7,7,1.0,0.0,1,7
474,7,9,block_decomposition,improved,7,articulation_separator,0,5,0,1,4,0.25,0.5328442365504461,4,4 1 1 1
474,7,9,block_decomposition,improved,7,fiedler_median,,3,3,3,4,0.75,0.3078929622519544,2,3 4
474,7,9,block_decomposition,improved,7,fiedler_sign,,3,3,3,4,0.75,0.3078929622519544,2,3 4
474,7,9,block_decomposition,improved,7,bfs_balanced,,6,6,3,4,0.75,0.670328323433879,2,3 4
475,7,9,block_decomposition,improved,7,connected_components,,0,0,7,7,1.0,0.0,1,7
475,7,9,block_decomposition,improved,7,articulation_separator,0,4,0,1,5,0.2,0.44323609386219726,3,5 1 1
475,7,9,block_decomposition,improved,7,fiedler_median,,4,4,3,4,0.75,0.39225933204504854,2,3 4
475,7,9,block_decomposition,improved,7,fiedler_sign,,4,4,3,4,0.75,0.46229542535711304,2,4 3
475,7,9,block_decomposition,improved,7,bfs_balanced,,5,5,3,4,0.75,0.5297434189284813,2,3 4
476,7,9,block_decomposition,improved,2,connected_components,,0,0,7,7,1.0,0.0,1,7
476,7,9,block_decomposition,improved,2,articulation_separator,2,6,0,1,4,0.25,0.5799635856991999,4,4 1 1 1
476,7,9,block_decomposition,improved,2,fiedler_median,,5,5,3,4,0.75,0.5123399466768772,2,3 4
476,7,9,block_decomposition,improved,2,fiedler_sign,,1,1,1,6,0.16666666666666666,0.09017773943367079,2,1 6
476,7,9,block_decomposition,improved,2,bfs_balanced,,6,6,3,4,0.75,0.503406673576022,2,3 4
477,7,9,block_decomposition,improved,2,connected_components,,0,0,7,7,1.0,0.0,1,7
477,7,9,block_decomposition,improved,2,articulation_separator,1,5,0,1,5,0.2,0.5173189692334711,3,5 1 1
477,7,9,block_decomposition,improved,2,fiedler_median,,4,4,3,4,0.75,0.4172947417138217,2,3 4
477,7,9,block_decomposition,improved,2,fiedler_sign,,4,4,3,4,0.75,0.4172947417138217,2,3 4
477,7,9,block_decomposition,improved,2,bfs_balanced,,6,6,3,4,0.75,0.517318969233471,2,3 4
478,7,9,block_decomposition,improved,2,connected_components,,0,0,7,7,1.0,0.0,1,7
478,7,9,block_decomposition,improved,2,articulation_separator,1,6,0,1,4,0.25,0.5892070644340215,4,4 1 1 1
478,7,9,block_decomposition,improved,2,fiedler_median,,4,4,3,4,0.75,0.452110620389342,2,3 4
478,7,9,block_decomposition,improved,2,fiedler_sign,,4,4,3,4,0.75,0.452110620389342,2,3 4
478,7,9,block_decomposition,improved,2,bfs_balanced,,6,6,3,4,0.75,0.6474414719702499,2,3 4
479,7,9,block_decomposition,improved,2,connected_components,,0,0,7,7,1.0,0.0,1,7
479,7,9,block_decomposition,improved,2,articulation_separator,1,5,0,1,5,0.2,0.5185013134930736,3,5 1 1
479,7,9,block_decomposition,improved,2,fiedler_median,,4,4,3,4,0.75,0.5184104865140746,2,3 4
479,7,9,block_decomposition,improved,2,fiedler_sign,,3,3,3,4,0.75,0.3773792414458606,2,4 3
479,7,9,block_decomposition,improved,2,bfs_balanced,,5,5,3,4,0.75,0.6092211279985837,2,3 4
480,7,9,block_decomposition,improved,2,connected_components,,0,0,7,7,1.0,0.0,1,7
480,7,9,block_decomposition,improved,2,articulation_separator,0,3,0,1,5,0.2,0.37127021706377333,3,5 1 1
480,7,9,block_decomposition,improved,2,fiedler_median,,4,4,3,4,0.75,0.519721644440062,2,3 4
480,7,9,block_decomposition,improved,2,fiedler_sign,,2,2,2,5,0.4,0.19891378414531413,2,2 5
480,7,9,block_decomposition,improved,2,bfs_balanced,,6,6,3,4,0.75,0.6628267650764075,2,3 4
481,7,9,block_decomposition,improved,2,connected_components,,0,0,7,7,1.0,0.0,1,7
481,7,9,block_decomposition,improved,2,articulation_separator,4,5,0,1,4,0.25,0.5451962323718266,4,4 1 1 1
481,7,9,block_decomposition,improved,2,fiedler_median,,3,3,3,4,0.75,0.31802513945849525,2,3 4
481,7,9,block_decomposition,improved,2,fiedler_sign,,3,3,3,4,0.75,0.31802513945849525,2,3 4
481,7,9,block_decomposition,improved,2,bfs_balanced,,5,5,3,4,0.75,0.44924869375557985,2,3 4
482,7,9,block_decomposition,improved,2,connected_components,,0,0,7,7,1.0,0.0,1,7
482,7,9,block_decomposition,improved,2,articulation_separator,3,4,0,1,5,0.2,0.45523637224382923,3,5 1 1
482,7,9,block_decomposition,improved,2,fiedler_median,,3,3,3,4,0.75,0.2951264643552216,2,3 4
482,7,9,block_decomposition,improved,2,fiedler_sign,,3,3,3,4,0.75,0.2951264643552216,2,4 3
482,7,9,block_decomposition,improved,2,bfs_balanced,,4,4,3,4,0.75,0.41945605968617106,2,3 4
483,7,9,block_decomposition,improved,2,connected_components,,0,0,7,7,1.0,0.0,1,7
483,7,9,block_decomposition,improved,2,articulation_separator,0,4,0,1,4,0.25,0.48216792152020566,4,4 1 1 1
483,7,9,block_decomposition,improved,2,fiedler_median,,4,4,3,4,0.75,0.5099822296859596,2,3 4
483,7,9,block_decomposition,improved,2,fiedler_sign,,2,2,3,4,0.75,0.27298165676025893,2,4 3
483,7,9,block_decomposition,improved,2,bfs_balanced,,6,6,3,4,0.75,0.6426115823227284,2,3 4
484,7,9,block_decomposition,improved,2,connected_components,,0,0,7,7,1.0,0.0,1,7
484,7,9,block_decomposition,improved,2,articulation_separator,0,3,0,1,5,0.2,0.41323527969731033,3,5 1 1
484,7,9,block_decomposition,improved,2,fiedler_median,,3,3,3,4,0.75,0.30797196298495744,2,3 4
484,7,9,block_decomposition,improved,2,fiedler_sign,,2,2,2,5,0.4,0.16847858623956588,2,2 5
484,7,9,block_decomposition,improved,2,bfs_balanced,,6,6,3,4,0.75,0.5864450956033459,2,3 4
485,7,9,block_decomposition,improved,2,connected_components,,0,0,7,7,1.0,0.0,1,7
485,7,9,block_decomposition,improved,2,articulation_separator,2,5,0,1,4,0.25,0.5275589728868083,4,1 4 1 1
485,7,9,block_decomposition,improved,2,fiedler_median,,4,4,3,4,0.75,0.5742324182857322,2,3 4
485,7,9,block_decomposition,improved,2,fiedler_sign,,3,3,3,4,0.75,0.3977270313158057,2,4 3
485,7,9,block_decomposition,improved,2,bfs_balanced,,4,4,3,4,0.75,0.4165619311624785,2,3 4
486,7,9,block_decomposition,improved,2,connected_components,,0,0,7,7,1.0,0.0,1,7
486,7,9,block_decomposition,improved,2,articulation_separator,0,5,0,1,4,0.25,0.5500185103715137,4,4 1 1 1
486,7,9,block_decomposition,improved,2,fiedler_median,,3,3,3,4,0.75,0.2967549168041784,2,3 4
486,7,9,block_decomposition,improved,2,fiedler_sign,,3,3,3,4,0.75,0.2967549168041784,2,3 4
486,7,9,block_decomposition,improved,2,bfs_balanced,,7,7,3,4,0.75,0.717386063979201,2,3 4
487,7,9,block_decomposition,improved,7,connected_components,,0,0,7,7,1.0,0.0,1,7
487,7,9,block_decomposition,improved,7,articulation_separator,0,5,0,1,3,0.3333333333333333,0.4872094630756643,4,3 1 2 1
487,7,9,block_decomposition,improved,7,fiedler_median,,3,3,3,4,0.75,0.339329584516809,2,3 4
487,7,9,block_decomposition,improved,7,fiedler_sign,,1,1,2,5,0.4,0.14194808740381282,2,5 2
487,7,9,block_decomposition,improved,7,bfs_balanced,,5,5,3,4,0.75,0.4872094630756643,2,3 4
488,7,9,block_decomposition,improved,2,connected_components,,0,0,7,7,1.0,0.0,1,7
488,7,9,block_decomposition,improved,2,articulation_separator,0,3,0,1,5,0.2,0.3931853622346395,3,5 1 1
488,7,9,block_decomposition,improved,2,fiedler_median,,4,4,3,4,0.75,0.41111499546736724,2,3 4
488,7,9,block_decomposition,improved,2,fiedler_sign,,2,2,2,5,0.4,0.2518509806347526,2,2 5
488,7,9,block_decomposition,improved,2,bfs_balanced,,5,5,3,4,0.75,0.6459305426464228,2,3 4
489,7,9,block_decomposition,improved,2,connected_components,,0,0,7,7,1.0,0.0,1,7
489,7,9,block_decomposition,improved,2,articulation_separator,2,3,0,1,5,0.2,0.42441612368548537,3,5 1 1
489,7,9,block_decomposition,improved,2,fiedler_median,,3,3,3,4,0.75,0.25242115296801476,2,3 4
489,7,9,block_decomposition,improved,2,fiedler_sign,,3,3,3,4,0.75,0.25242115296801476,2,4 3
489,7,9,block_decomposition,improved,2,bfs_balanced,,5,5,3,4,0.75,0.5467963278802069,2,3 4
490,7,9,block_decomposition,improved,2,connected_components,,0,0,7,7,1.0,0.0,1,7
490,7,9,block_decomposition,improved,2,articulation_separator,2,4,0,1,5,0.2,0.4230274515136244,3,1 5 1
490,7,9,block_decomposition,improved,2,fiedler_median,,4,4,3,4,0.75,0.5357234955016138,2,3 4
490,7,9,block_decomposition,improved,2,fiedler_sign,,3,3,3,4,0.75,0.41870303458882446,2,4 3
490,7,9,block_decomposition,improved,2,bfs_balanced,,3,3,3,4,0.75,0.41870303458882446,2,3 4
491,7,9,block_decomposition,improved,7,connected_components,,0,0,7,7,1.0,0.0,1,7
491,7,9,block_decomposition,improved,7,articulation_separator,3,4,0,2,4,0.5,0.35685444345928446,3,4 2 1
491,7,9,block_decomposition,improved,7,fiedler_median,,3,3,3,4,0.75,0.31389006915763396,2,3 4
491,7,9,block_decomposition,improved,7,fiedler_sign,,1,1,2,5,0.4,0.20180533490473482,2,2 5
491,7,9,block_decomposition,improved,7,bfs_balanced,,4,4,3,4,0.75,0.45137415604106695,2,3 4
492,7,9,block_decomposition,improved,2,connected_components,,0,0,7,7,1.0,0.0,1,7
492,7,9,block_decomposition,improved,2,articulation_separator,0,4,0,1,4,0.25,0.5123491836783665,4,4 1 1 1
492,7,9,block_decomposition,improved,2,fiedler_median,,2,2,3,4,0.75,0.19066338397344598,2,3 4
492,7,9,block_decomposition,improved,2,fiedler_sign,,2,2,3,4,0.75,0.19066338397344598,2,3 4
492,7,9,block_decomposition,improved,2,bfs_balanced,,5,5,3,4,0.75,0.4426455178765708,2,3 4
493,7,9,block_decomposition,improved,2,connected_components,,0,0,7,7,1.0,0.0,1,7
493,7,9,block_decomposition,improved,2,articulation_separator,3,4,0,1,5,0.2,0.4362586570424715,3,5 1 1
493,7,9,block_decomposition,improved,2,fiedler_median,,4,4,3,4,0.75,0.4570174800306742,2,3 4
493,7,9,block_decomposition,improved,2,fiedler_sign,,5,5,3,4,0.75,0.5456691926545811,2,4 3
493,7,9,block_decomposition,improved,2,bfs_balanced,,6,6,3,4,0.75,0.6364798341390904,2,3 4
494,7,9,block_decomposition,improved,2,connected_components,,0,0,7,7,1.0,0.0,1,7
494,7,9,block_decomposition,improved,2,articulation_separator,0,3,0,1,5,0.2,0.37886090912102766,3,5 1 1
494,7,9,block_decomposition,improved,2,fiedler_median,,4,4,3,4,0.75,0.3456421361845134,2,3 4
494,7,9,block_decomposition,improved,2,fiedler_sign,,4,4,3,4,0.75,0.5394178020507382,2,4 3
494,7,9,block_decomposition,improved,2,bfs_balanced,,5,5,3,4,0.75,0.48312622306794645,2,3 4
495,7,9,block_decomposition,improved,2,connected_components,,0,0,7,7,1.0,0.0,1,7
495,7,9,block_decomposition,improved,2,articulation_separator,2,4,0,1,5,0.2,0.4573163027785038,3,1 5 1
495,7,9,block_decomposition,improved,2,fiedler_median,,3,3,3,4,0.75,0.3849236630440496,2,3 4
495,7,9,block_decomposition,improved,2,fiedler_sign,,3,3,2,5,0.4,0.1877362620636653,2,2 5
495,7,9,block_decomposition,improved,2,bfs_balanced,,3,3,3,4,0.75,0.3849236630440499,2,3 4
496,7,9,block_decomposition,improved,2,connected_components,,0,0,2,5,0.4,0.0,2,5 2
497,7,9,block_decomposition,improved,2,connected_components,,0,0,7,7,1.0,0.0,1,7
497,7,9,block_decomposition,improved,2,articulation_separator,0,3,0,1,5,0.2,0.3987577621154292,3,5 1 1
497,7,9,block_decomposition,improved,2,fiedler_median,,3,3,3,4,0.75,0.35941411006163737,2,3 4
497,7,9,block_decomposition,improved,2,fiedler_sign,,3,3,3,4,0.75,0.35941411006163737,2,3 4
497,7,9,block_decomposition,improved,2,bfs_balanced,,6,6,3,4,0.75,0.6703906296700346,2,3 4
498,7,9,block_decomposition,improved,2,connected_components,,0,0,7,7,1.0,0.0,1,7
498,7,9,block_decomposition,improved,2,articulation_separator,0,4,0,1,5,0.2,0.45047983535518427,3,5 1 1
498,7,9,block_decomposition,improved,2,fiedler_median,,3,3,3,4,0.75,0.3393133960660459,2,3 4
498,7,9,block_decomposition,improved,2,fiedler_sign,,2,2,2,5,0.4,0.21571647633983515,2,2 5
498,7,9,block_decomposition,improved,2,bfs_balanced,,6,6,3,4,0.75,0.5601138609433896,2,3 4
499,7,9,block_decomposition,improved,2,connected_components,,0,0,7,7,1.0,0.0,1,7
499,7,9,block_decomposition,improved,2,articulation_separator,2,4,0,1,5,0.2,0.4217457132534479,3,5 1 1
499,7,9,block_decomposition,improved,2,fiedler_median,,4,4,3,4,0.75,0.5338786641822589,2,3 4
499,7,9,block_decomposition,improved,2,fiedler_sign,,2,2,2,5,0.4,0.1809396025558105,2,5 2
499,7,9,block_decomposition,improved,2,bfs_balanced,,4,4,3,4,0.75,0.5409473427595293,2,3 4
500,7,9,block_decomposition,improved,2,connected_components,,0,0,7,7,1.0,0.0,1,7
500,7,9,block_decomposition,improved,2,articulation_separator,0,4,0,1,4,0.25,0.48771561675750225,4,4 1 1 1
500,7,9,block_decomposition,improved,2,fiedler_median,,3,3,3,4,0.75,0.3131721006597901,2,3 4
500,7,9,block_decomposition,improved,2,fiedler_sign,,2,2,3,4,0.75,0.27107517196386566,2,4 3
500,7,9,block_decomposition,improved,2,bfs_balanced,,6,6,3,4,0.75,0.5298125454534267,2,3 4
501,7,9,block_decomposition,improved,7,connected_components,,0,0,7,7,1.0,0.0,1,7
501,7,9,block_decomposition,improved,7,articulation_separator,5,3,0,1,4,0.25,0.4553746810667133,4,4 1 1 1
501,7,9,block_decomposition,improved,7,fiedler_median,,3,3,3,4,0.75,0.3169909429942407,2,3 4
501,7,9,block_decomposition,improved,7,fiedler_sign,,1,1,3,4,0.75,0.14307289510919804,2,4 3
501,7,9,block_decomposition,improved,7,bfs_balanced,,4,4,3,4,0.75,0.33702794896011457,2,3 4
502,7,9,block_decomposition,improved,2,connected_components,,0,0,2,5,0.4,0.0,2,5 2
503,7,9,block_decomposition,regressed,-1,connected_components,,0,0,7,7,1.0,0.0,1,7
503,7,9,block_decomposition,regressed,-1,articulation_separator,4,6,0,1,3,0.3333333333333333,0.5774162489368327,4,2 3 1 1
503,7,9,block_decomposition,regressed,-1,fiedler_median,,3,3,3,4,0.75,0.2760857279367099,2,3 4
503,7,9,block_decomposition,regressed,-1,fiedler_sign,,4,4,3,4,0.75,0.3625441546335097,2,4 3
503,7,9,block_decomposition,regressed,-1,bfs_balanced,,6,6,3,4,0.75,0.5774162489368327,2,3 4
504,7,9,block_decomposition,improved,1,connected_components,,0,0,7,7,1.0,0.0,1,7
504,7,9,block_decomposition,improved,1,articulation_separator,0,5,0,1,5,0.2,0.4961997474950151,3,5 1 1
504,7,9,block_decomposition,improved,1,fiedler_median,,4,4,3,4,0.75,0.5092890238483826,2,3 4
504,7,9,block_decomposition,improved,1,fiedler_sign,,4,4,2,5,0.4,0.4333217458038842,2,5 2
504,7,9,block_decomposition,improved,1,bfs_balanced,,5,5,3,4,0.75,0.6026191031078161,2,3 4
505,7,9,block_decomposition,regressed,-1,connected_components,,0,0,7,7,1.0,0.0,1,7
505,7,9,block_decomposition,regressed,-1,articulation_separator,4,5,0,2,4,0.5,0.5045960233972984,3,2 4 1
505,7,9,block_decomposition,regressed,-1,fiedler_median,,3,3,3,4,0.75,0.24242218722252293,2,3 4
505,7,9,block_decomposition,regressed,-1,fiedler_sign,,3,3,3,4,0.75,0.3382113575030414,2,4 3
505,7,9,block_decomposition,regressed,-1,bfs_balanced,,5,5,3,4,0.75,0.5055789111107286,2,3 4
506,7,9,block_decomposition,improved,2,connected_components,,0,0,7,7,1.0,0.0,1,7
506,7,9,block_decomposition,improved,2,articulation_separator,2,5,0,2,4,0.5,0.417003852132141,3,4 2 1
506,7,9,block_decomposition,improved,2,fiedler_median,,4,4,3,4,0.75,0.3948350073686583,2,3 4
506,7,9,block_decomposition,improved,2,fiedler_sign,,1,1,2,5,0.4,0.1790073941387142,2,2 5
506,7,9,block_decomposition,improved,2,bfs_balanced,,5,5,3,4,0.75,0.4647216798529999,2,3 4
507,7,9,bipartite,tied,0,connected_components,,0,0,7,7,1.0,0.0,1,7
507,7,9,bipartite,tied,0,articulation_separator,4,5,0,1,5,0.2,0.45872893584685404,3,5 1 1
507,7,9,bipartite,tied,0,fiedler_median,,4,4,3,4,0.75,0.5480659235154306,2,3 4
507,7,9,bipartite,tied,0,fiedler_sign,,4,4,2,5,0.4,0.3531622792856541,2,2 5
507,7,9,bipartite,tied,0,bfs_balanced,,5,5,3,4,0.75,0.6388765649999397,2,3 4
508,7,9,block_decomposition,improved,1,connected_components,,0,0,7,7,1.0,0.0,1,7
508,7,9,block_decomposition,improved,1,articulation_separator,2,5,0,1,5,0.2,0.5074473391341666,3,5 1 1
508,7,9,block_decomposition,improved,1,fiedler_median,,3,3,3,4,0.75,0.33103221968944635,2,3 4
508,7,9,block_decomposition,improved,1,fiedler_sign,,4,4,3,4,0.75,0.3929523902587845,2,4 3
508,7,9,block_decomposition,improved,1,bfs_balanced,,5,5,3,4,0.75,0.5881186152102442,2,3 4
509,7,9,block_decomposition,improved,2,connected_components,,0,0,7,7,1.0,0.0,1,7
509,7,9,block_decomposition,improved,2,articulation_separator,1,5,0,2,4,0.5,0.4300026826101896,3,4 2 1
509,7,9,block_decomposition,improved,2,fiedler_median,,4,4,3,4,0.75,0.4111149954673668,2,3 4
509,7,9,block_decomposition,improved,2,fiedler_sign,,1,1,2,5,0.4,0.1316043589547628,2,2 5
509,7,9,block_decomposition,improved,2,bfs_balanced,,5,5,3,4,0.75,0.5495125387576661,2,3 4
510,7,9,block_decomposition,regressed,-1,connected_components,,0,0,7,7,1.0,0.0,1,7
510,7,9,block_decomposition,regressed,-1,articulation_separator,4,5,0,2,4,0.5,0.4795174612990259,3,2 4 1
510,7,9,block_decomposition,regressed,-1,fiedler_median,,3,3,3,4,0.75,0.35035824852281827,2,3 4
510,7,9,block_decomposition,regressed,-1,fiedler_sign,,3,3,3,4,0.75,0.35035824852281827,2,3 4
510,7,9,block_decomposition,regressed,-1,bfs_balanced,,5,5,3,4,0.75,0.6552098890139385,2,3 4
511,7,9,block_decomposition,regressed,-1,connected_components,,0,0,7,7,1.0,0.0,1,7
511,7,9,block_decomposition,regressed,-1,articulation_separator,4,5,0,3,3,1.0,0.48908759164138754,3,3 3 1
511,7,9,block_decomposition,regressed,-1,fiedler_median,,2,2,3,4,0.75,0.16127637723117758,2,3 4
511,7,9,block_decomposition,regressed,-1,fiedler_sign,,2,2,3,4,0.75,0.16127637723117758,2,3 4
511,7,9,block_decomposition,regressed,-1,bfs_balanced,,6,6,3,4,0.75,0.6074343237479857,2,3 4
512,7,9,block_decomposition,improved,1,connected_components,,0,0,7,7,1.0,0.0,1,7
512,7,9,block_decomposition,improved,1,articulation_separator,1,5,0,1,5,0.2,0.5511362712624609,3,5 1 1
512,7,9,block_decomposition,improved,1,fiedler_median,,4,4,3,4,0.75,0.5511362712624608,2,3 4
512,7,9,block_decomposition,improved,1,fiedler_sign,,4,4,2,5,0.4,0.3405310078232379,2,5 2
512,7,9,block_decomposition,improved,1,bfs_balanced,,4,4,3,4,0.75,0.4745793591392828,2,3 4
513,7,9,block_decomposition,improved,1,connected_components,,0,0,7,7,1.0,0.0,1,7
513,7,9,block_decomposition,improved,1,articulation_separator,0,5,0,1,5,0.2,0.4873567647852951,3,5 1 1
513,7,9,block_decomposition,improved,1,fiedler_median,,4,4,3,4,0.75,0.5101324213375769,2,3 4
513,7,9,block_decomposition,improved,1,fiedler_sign,,4,4,2,5,0.4,0.39250992535526624,2,2 5
513,7,9,block_decomposition,improved,1,bfs_balanced,,6,6,3,4,0.75,0.5699690134566785,2,3 4
514,7,9,block_decomposition,regressed,-1,connected_components,,0,0,7,7,1.0,0.0,1,7
514,7,9,block_decomposition,regressed,-1,articulation_separator,4,5,0,1,3,0.3333333333333333,0.5121069268621429,4,2 3 1 1
514,7,9,block_decomposition,regressed,-1,fiedler_median,,2,2,3,4,0.75,0.30304028701567975,2,3 4
514,7,9,block_decomposition,regressed,-1,fiedler_sign,,2,2,3,4,0.75,0.30304028701567975,2,3 4
514,7,9,block_decomposition,regressed,-1,bfs_balanced,,6,6,3,4,0.75,0.6794744804698301,2,3 4
515,7,9,block_decomposition,improved,2,connected_components,,0,0,7,7,1.0,0.0,1,7
515,7,9,block_decomposition,improved,2,articulation_separator,4,4,0,2,4,0.5,0.3698261668715374,3,4 2 1
515,7,9,block_decomposition,improved,2,fiedler_median,,3,3,3,4,0.75,0.3683209346598187,2,3 4
515,7,9,block_decomposition,improved,2,fiedler_sign,,1,1,2,5,0.4,0.1181997049465859,2,5 2
515,7,9,block_decomposition,improved,2,bfs_balanced,,4,4,3,4,0.75,0.4018476739280607,2,3 4
516,7,9,block_decomposition,improved,1,connected_components,,0,0,7,7,1.0,0.0,1,7
516,7,9,block_decomposition,improved,1,articulation_separator,4,4,0,1,5,0.2,0.4803654144255368,3,5 1 1
516,7,9,block_decomposition,improved,1,fiedler_median,,3,3,3,4,0.75,0.3724427057714886,2,3 4
516,7,9,block_decomposition,improved,1,fiedler_sign,,3,3,3,4,0.75,0.3724427057714886,2,3 4
516,7,9,block_decomposition,improved,1,bfs_balanced,,4,4,3,4,0.75,0.3765904100534403,2,3 4
517,7,9,block_decomposition,improved,1,connected_components,,0,0,7,7,1.0,0.0,1,7
517,7,9,block_decomposition,improved,1,articulation_separator,5,4,0,1,5,0.2,0.43726612515639446,3,5 1 1
517,7,9,block_decomposition,improved,1,fiedler_median,,4,4,3,4,0.75,0.568263580043587,2,3 4
517,7,9,block_decomposition,improved,1,fiedler_sign,,3,3,2,5,0.4,0.35177659460892874,2,5 2
517,7,9,block_decomposition,improved,1,bfs_balanced,,4,4,3,4,0.75,0.568263580043587,2,3 4
518,7,9,block_decomposition,improved,1,connected_components,,0,0,7,7,1.0,0.0,1,7
518,7,9,block_decomposition,improved,1,articulation_separator,0,4,0,1,5,0.2,0.5044350260345818,3,5 1 1
518,7,9,block_decomposition,improved,1,fiedler_median,,3,3,3,4,0.75,0.41602057504111517,2,3 4
518,7,9,block_decomposition,improved,1,fiedler_sign,,3,3,2,5,0.4,0.23166778911618277,2,5 2
518,7,9,block_decomposition,improved,1,bfs_balanced,,4,4,3,4,0.75,0.41602057504111517,2,3 4
519,7,9,block_decomposition,improved,1,connected_components,,0,0,7,7,1.0,0.0,1,7
519,7,9,block_decomposition,improved,1,articulation_separator,1,3,0,1,5,0.2,0.3855769093020162,3,5 1 1
519,7,9,block_decomposition,improved,1,fiedler_median,,4,4,3,4,0.75,0.40101243161547,2,3 4
519,7,9,block_decomposition,improved,1,fiedler_sign,,2,2,2,5,0.4,0.23933187366303102,2,5 2
519,7,9,block_decomposition,improved,1,bfs_balanced,,5,5,3,4,0.75,0.5384965184989028,2,3 4
520,7,9,block_decomposition,improved,1,connected_components,,0,0,7,7,1.0,0.0,1,7
520,7,9,block_decomposition,improved,1,articulation_separator,4,3,0,1,5,0.2,0.39972501262513865,3,5 1 1
520,7,9,block_decomposition,improved,1,fiedler_median,,2,2,3,4,0.75,0.3098052736449146,2,3 4
520,7,9,block_decomposition,improved,1,fiedler_sign,,2,2,3,4,0.75,0.3098052736449146,2,3 4
520,7,9,block_decomposition,improved,1,bfs_balanced,,4,4,3,4,0.75,0.47024893444743743,2,3 4
521,7,9,block_decomposition,regressed,-1,connected_components,,0,0,7,7,1.0,0.0,1,7
521,7,9,block_decomposition,regressed,-1,articulation_separator,4,4,0,2,4,0.5,0.38108196857858767,3,2 4 1
521,7,9,block_decomposition,regressed,-1,fiedler_median,,3,3,3,4,0.75,0.2849921200116458,2,3 4
521,7,9,block_decomposition,regressed,-1,fiedler_sign,,2,2,3,4,0.75,0.35109845710010656,2,4 3
521,7,9,block_decomposition,regressed,-1,bfs_balanced,,3,3,3,4,0.75,0.48858254398353945,2,3 4
522,7,9,block_decomposition,improved,1,connected_components,,0,0,7,7,1.0,0.0,1,7
522,7,9,block_decomposition,improved,1,articulation_separator,3,4,0,1,5,0.2,0.44178273821833597,3,5 1 1
522,7,9,block_decomposition,improved,1,fiedler_median,,3,3,3,4,0.75,0.41651928745670996,2,3 4
522,7,9,block_decomposition,improved,1,fiedler_sign,,3,3,3,4,0.75,0.388609261145429,2,4 3
522,7,9,block_decomposition,improved,1,bfs_balanced,,6,6,3,4,0.75,0.5514167638065411,2,3 4
523,7,9,block_decomposition,improved,1,connected_components,,0,0,7,7,1.0,0.0,1,7
523,7,9,block_decomposition,improved,1,articulation_separator,2,4,0,1,5,0.2,0.43917394820863775,3,5 1 1
523,7,9,block_decomposition,improved,1,fiedler_median,,3,3,3,4,0.75,0.38790080756633705,2,3 4
523,7,9,block_decomposition,improved,1,fiedler_sign,,3,3,2,5,0.4,0.31740945136885207,2,2 5
523,7,9,block_decomposition,improved,1,bfs_balanced,,5,5,3,4,0.75,0.5615719128523311,2,3 4
524,7,9,block_decomposition,improved,2,connected_components,,0,0,7,7,1.0,0.0,1,7
524,7,9,block_decomposition,improved,2,articulation_separator,0,3,0,2,4,0.5,0.2214632300652309,3,4 2 1
524,7,9,block_decomposition,improved,2,fiedler_median,,2,2,3,4,0.75,0.20528276920873886,2,3 4
524,7,9,block_decomposition,improved,2,fiedler_sign,,1,1,2,5,0.4,0.09619260515346795,2,2 5
524,7,9,block_decomposition,improved,2,bfs_balanced,,5,5,3,4,0.75,0.38190689086775365,2,3 4
525,7,9,bipartite,tied,0,connected_components,,0,0,7,7,1.0,0.0,1,7
525,7,9,bipartite,tied,0,articulation_separator,1,3,0,1,5,0.2,0.36532679129174783,3,5 1 1
525,7,9,bipartite,tied,0,fiedler_median,,6,6,3,4,0.75,0.5703093442101193,2,3 4
525,7,9,bipartite,tied,0,fiedler_sign,,2,2,2,5,0.4,0.16445940364198744,2,5 2
525,7,9,bipartite,tied,0,bfs_balanced,,5,5,3,4,0.75,0.5785993301514666,2,3 4
526,7,9,block_decomposition,improved,2,connected_components,,0,0,7,7,1.0,0.0,1,7
526,7,9,block_decomposition,improved,2,articulation_separator,0,3,0,2,4,0.5,0.35246033161015927,3,4 2 1
526,7,9,block_decomposition,improved,2,fiedler_median,,3,3,3,4,0.75,0.3497880298024226,2,3 4
526,7,9,block_decomposition,improved,2,fiedler_sign,,1,1,2,5,0.4,0.14123335269944273,2,5 2
526,7,9,block_decomposition,improved,2,bfs_balanced,,5,5,3,4,0.75,0.5525536653472428,2,3 4
527,7,9,block_decomposition,improved,1,connected_components,,0,0,7,7,1.0,0.0,1,7
527,7,9,block_decomposition,improved,1,articulation_separator,1,3,0,1,5,0.2,0.39852689726732554,3,5 1 1
527,7,9,block_decomposition,improved,1,fiedler_median,,4,4,3,4,0.75,0.5060666763708485,2,3 4
527,7,9,block_decomposition,improved,1,fiedler_sign,,2,2,3,4,0.75,0.34964404156206863,2,4 3
527,7,9,block_decomposition,improved,1,bfs_balanced,,5,5,3,4,0.75,0.5968773178553576,2,3 4
528,7,9,block_decomposition,improved,1,connected_components,,0,0,7,7,1.0,0.0,1,7
528,7,9,block_decomposition,improved,1,articulation_separator,0,3,0,1,5,0.2,0.43113451113749185,3,5 1 1
528,7,9,block_decomposition,improved,1,fiedler_median,,2,2,3,4,0.75,0.20586804682783053,2,3 4
528,7,9,block_decomposition,improved,1,fiedler_sign,,2,2,3,4,0.75,0.20586804682783053,2,3 4
528,7,9,block_decomposition,improved,1,bfs_balanced,,4,4,3,4,0.75,0.4008187620692593,2,3 4
529,7,9,block_decomposition,improved,1,connected_components,,0,0,7,7,1.0,0.0,1,7
529,7,9,block_decomposition,improved,1,articulation_separator,3,3,0,1,5,0.2,0.4085561267823938,3,5 1 1
529,7,9,block_decomposition,improved,1,fiedler_median,,3,3,3,4,0.75,0.3930125086000408,2,3 4
529,7,9,block_decomposition,improved,1,fiedler_sign,,3,3,3,4,0.75,0.3930125086000408,2,3 4
529,7,9,block_decomposition,improved,1,bfs_balanced,,5,5,3,4,0.75,0.5603800622077278,2,3 4
530,7,9,block_decomposition,improved,1,connected_components,,0,0,7,7,1.0,0.0,1,7
530,7,9,block_decomposition,improved,1,articulation_separator,2,3,0,1,5,0.2,0.4465300124573194,3,5 1 1
530,7,9,block_decomposition,improved,1,fiedler_median,,3,3,3,4,0.75,0.28504158221988124,2,3 4
530,7,9,block_decomposition,improved,1,fiedler_sign,,2,2,2,5,0.4,0.1810609249670689,2,2 5
530,7,9,block_decomposition,improved,1,bfs_balanced,,4,4,3,4,0.75,0.42252566910331424,2,3 4
531,7,9,block_decomposition,improved,1,connected_components,,0,0,7,7,1.0,0.0,1,7
531,7,9,block_decomposition,improved,1,articulation_separator,3,4,0,1,5,0.2,0.4803182324814896,3,5 1 1
531,7,9,block_decomposition,improved,1,fiedler_median,,3,3,3,4,0.75,0.42258470446200774,2,3 4
531,7,9,block_decomposition,improved,1,fiedler_sign,,3,3,2,5,0.4,0.27312787616736023,2,2 5
531,7,9,block_decomposition,improved,1,bfs_balanced,,5,5,3,4,0.75,0.5899522580696949,2,3 4
532,7,9,block_decomposition,improved,1,connected_components,,0,0,7,7,1.0,0.0,1,7
532,7,9,block_decomposition,improved,1,articulation_separator,1,3,0,1,5,0.2,0.37762820175046236,3,5 1 1
532,7,9,block_decomposition,improved,1,fiedler_median,,5,5,3,4,0.75,0.5027812529096499,2,3 4
532,7,9,block_decomposition,improved,1,fiedler_sign,,2,2,2,5,0.4,0.19934195769118832,2,5 2
532,7,9,block_decomposition,improved,1,bfs_balanced,,6,6,3,4,0.75,0.593591894394159,2,3 4
533,7,9,block_decomposition,improved,1,connected_components,,0,0,7,7,1.0,0.0,1,7
533,7,9,block_decomposition,improved,1,articulation_separator,4,4,0,1,5,0.2,0.45546752908660515,3,5 1 1
533,7,9,block_decomposition,improved,1,fiedler_median,,3,3,3,4,0.75,0.3182160862122393,2,3 4
533,7,9,block_decomposition,improved,1,fiedler_sign,,2,2,3,4,0.75,0.47034578687480194,2,4 3
533,7,9,block_decomposition,improved,1,bfs_balanced,,3,3,3,4,0.75,0.607829873758235,2,3 4
534,7,9,block_decomposition,improved,2,connected_components,,0,0,7,7,1.0,0.0,1,7
534,7,9,block_decomposition,improved,2,articulation_separator,0,4,0,2,4,0.5,0.39922807180291187,3,4 2 1
534,7,9,block_decomposition,improved,2,fiedler_median,,3,3,3,4,0.75,0.3531809581383945,2,3 4
534,7,9,block_decomposition,improved,2,fiedler_sign,,1,1,2,5,0.4,0.18970998771491354,2,2 5
534,7,9,block_decomposition,improved,2,bfs_balanced,,6,6,3,4,0.75,0.5665956254105992,2,3 4
535,7,9,block_decomposition,improved,1,connected_components,,0,0,7,7,1.0,0.0,1,7
535,7,9,block_decomposition,improved,1,articulation_separator,1,4,0,1,5,0.2,0.46211392197122025,3,5 1 1
535,7,9,block_decomposition,improved,1,fiedler_median,,4,4,3,4,0.75,0.43226845154631055,2,3 4
535,7,9,block_decomposition,improved,1,fiedler_sign,,4,4,3,4,0.75,0.43226845154631055,2,3 4
535,7,9,block_decomposition,improved,1,bfs_balanced,,6,6,3,4,0.75,0.6969294691502756,2,3 4
536,7,9,block_decomposition,regressed,-1,connected_components,,0,0,7,7,1.0,0.0,1,7
536,7,9,block_decomposition,regressed,-1,articulation_separator,4,4,0,3,3,1.0,0.4074884340600557,3,3 3 1
536,7,9,block_decomposition,regressed,-1,fiedler_median,,2,2,3,4,0.75,0.25467160743474065,2,3 4
536,7,9,block_decomposition,regressed,-1,fiedler_sign,,2,2,3,4,0.75,0.25467160743474065,2,3 4
536,7,9,block_decomposition,regressed,-1,bfs_balanced,,6,6,3,4,0.75,0.6932027197743414,2,3 4
537,7,9,block_decomposition,improved,2,connected_components,,0,0,7,7,1.0,0.0,1,7
537,7,9,block_decomposition,improved,2,articulation_separator,2,4,0,2,4,0.5,0.2833524333758029,3,2 4 1
537,7,9,block_decomposition,improved,2,fiedler_median,,3,3,3,4,0.75,0.4460972119493887,2,3 4
537,7,9,block_decomposition,improved,2,fiedler_sign,,1,1,2,5,0.4,0.08554444638373636,2,5 2
537,7,9,block_decomposition,improved,2,bfs_balanced,,5,5,3,4,0.75,0.49741843045884876,2,3 4
538,7,9,block_decomposition,improved,1,connected_components,,0,0,7,7,1.0,0.0,1,7
538,7,9,block_decomposition,improved,1,articulation_separator,0,4,0,1,5,0.2,0.471965291180425,3,5 1 1
538,7,9,block_decomposition,improved,1,fiedler_median,,4,4,3,4,0.75,0.46575151000263787,2,3 4
538,7,9,block_decomposition,improved,1,fiedler_sign,,3,3,2,5,0.4,0.28008900313805285,2,2 5
538,7,9,block_decomposition,improved,1,bfs_balanced,,5,5,3,4,0.75,0.7005670571816935,2,3 4
539,7,9,block_decomposition,improved,1,connected_components,,0,0,7,7,1.0,0.0,1,7
539,7,9,block_decomposition,improved,1,articulation_separator,5,4,0,1,5,0.2,0.4300932385288175,3,5 1 1
539,7,9,block_decomposition,improved,1,fiedler_median,,4,4,3,4,0.75,0.4792479500644771,2,3 4
539,7,9,block_decomposition,improved,1,fiedler_sign,,3,3,2,5,0.4,0.29914916264115676,2,2 5
539,7,9,block_decomposition,improved,1,bfs_balanced,,6,6,3,4,0.75,0.7140634972435324,2,3 4
540,7,9,block_decomposition,improved,1,connected_components,,0,0,7,7,1.0,0.0,1,7
540,7,9,block_decomposition,improved,1,articulation_separator,4,3,0,1,5,0.2,0.4511231187279579,3,5 1 1
540,7,9,block_decomposition,improved,1,fiedler_median,,3,3,3,4,0.75,0.47871543275012807,2,3 4
540,7,9,block_decomposition,improved,1,fiedler_sign,,2,2,2,5,0.4,0.16540883301367218,2,5 2
540,7,9,block_decomposition,improved,1,bfs_balanced,,5,5,3,4,0.75,0.7469163131308384,2,3 4
541,7,9,block_decomposition,improved,1,connected_components,,0,0,7,7,1.0,0.0,1,7
541,7,9,block_decomposition,improved,1,articulation_separator,5,3,0,1,5,0.2,0.39700779545171366,3,5 1 1
541,7,9,block_decomposition,improved,1,fiedler_median,,3,3,3,4,0.75,0.40019329141694826,2,3 4
541,7,9,block_decomposition,improved,1,fiedler_sign,,2,2,2,5,0.4,0.27373932836740156,2,2 5
541,7,9,block_decomposition,improved,1,bfs_balanced,,3,3,3,4,0.75,0.405312943248266,2,3 4
542,7,9,bipartite,tied,0,connected_components,,0,0,7,7,1.0,0.0,1,7
542,7,9,bipartite,tied,0,articulation_separator,5,4,0,1,5,0.2,0.418754647885646,3,5 1 1
542,7,9,bipartite,tied,0,fiedler_median,,3,3,3,4,0.75,0.544243445591757,2,3 4
542,7,9,bipartite,tied,0,fiedler_sign,,3,3,2,5,0.4,0.2517782635982951,2,2 5
542,7,9,bipartite,tied,0,bfs_balanced,,5,5,3,4,0.75,0.711610999199444,2,3 4
543,7,9,block_decomposition,improved,1,connected_components,,0,0,7,7,1.0,0.0,1,7
543,7,9,block_decomposition,improved,1,articulation_separator,1,4,0,1,5,0.2,0.4598279301658283,3,5 1 1
543,7,9,block_decomposition,improved,1,fiedler_median,,3,3,3,4,0.75,0.5370339025728811,2,3 4
543,7,9,block_decomposition,improved,1,fiedler_sign,,3,3,2,5,0.4,0.3043705935080278,2,5 2
543,7,9,block_decomposition,improved,1,bfs_balanced,,4,4,3,4,0.75,0.5370339025728811,2,3 4
544,7,9,block_decomposition,regressed,-1,connected_components,,0,0,7,7,1.0,0.0,1,7
544,7,9,block_decomposition,regressed,-1,articulation_separator,4,4,0,2,4,0.5,0.4207226892164396,3,2 4 1
544,7,9,block_decomposition,regressed,-1,fiedler_median,,3,3,3,4,0.75,0.42072268921643957,2,3 4
544,7,9,block_decomposition,regressed,-1,fiedler_sign,,2,2,3,4,0.75,0.23933187366303077,2,4 3
544,7,9,block_decomposition,regressed,-1,bfs_balanced,,5,5,3,4,0.75,0.7255743297075598,2,3 4
545,7,9,block_decomposition,improved,7,connected_components,,0,0,7,7,1.0,0.0,1,7
545,7,9,block_decomposition,improved,7,articulation_separator,0,4,0,3,3,1.0,0.39529421866357406,3,3 3 1
545,7,9,block_decomposition,improved,7,fiedler_median,,3,3,3,4,0.75,0.3136762257779541,2,3 4
545,7,9,block_decomposition,improved,7,fiedler_sign,,1,1,3,4,0.75,0.10957993294928843,2,4 3
545,7,9,block_decomposition,improved,7,bfs_balanced,,4,4,3,4,0.75,0.39529421866357406,2,3 4
546,7,9,block_decomposition,improved,1,connected_components,,0,0,7,7,1.0,0.0,1,7
546,7,9,block_decomposition,improved,1,articulation_separator,0,3,0,1,5,0.2,0.40674872726510053,3,5 1 1
546,7,9,block_decomposition,improved,1,fiedler_median,,4,4,3,4,0.75,0.49587120835157483,2,3 4
546,7,9,block_decomposition,improved,1,fiedler_sign,,2,2,2,5,0.4,0.23744549884836924,2,5 2
546,7,9,block_decomposition,improved,1,bfs_balanced,,5,5,3,4,0.75,0.5866818498360838,2,3 4
547,7,9,block_decomposition,improved,1,connected_components,,0,0,7,7,1.0,0.0,1,7
547,7,9,block_decomposition,improved,1,articulation_separator,4,3,0,1,5,0.2,0.43159358109127177,3,5 1 1
547,7,9,block_decomposition,improved,1,fiedler_median,,3,3,3,4,0.75,0.43111809796341266,2,3 4
547,7,9,block_decomposition,improved,1,fiedler_sign,,2,2,2,5,0.4,0.25864571754572446,2,5 2
547,7,9,block_decomposition,improved,1,bfs_balanced,,5,5,3,4,0.75,0.5984856515710998,2,3 4
548,7,9,block_decomposition,improved,1,connected_components,,0,0,7,7,1.0,0.0,1,7
548,7,9,block_decomposition,improved,1,articulation_separator,0,3,0,1,5,0.2,0.42031428273350213,3,5 1 1
548,7,9,block_decomposition,improved,1,fiedler_median,,3,3,3,4,0.75,0.22303672851859596,2,3 4
548,7,9,block_decomposition,improved,1,fiedler_sign,,2,2,3,4,0.75,0.4587503911743371,2,4 3
548,7,9,block_decomposition,improved,1,bfs_balanced,,3,3,3,4,0.75,0.5862773523186545,2,3 4
549,7,9,block_decomposition,improved,2,connected_components,,0,0,7,7,1.0,0.0,1,7
549,7,9,block_decomposition,improved,2,articulation_separator,0,3,0,2,4,0.5,0.2562752289514259,3,4 2 1
549,7,9,block_decomposition,improved,2,fiedler_median,,2,2,3,4,0.75,0.23058340531925223,2,3 4
549,7,9,block_decomposition,improved,2,fiedler_sign,,1,1,2,5,0.4,0.1176169603669972,2,2 5
549,7,9,block_decomposition,improved,2,bfs_balanced,,5,5,3,4,0.75,0.5294909444421095,2,3 4
550,7,9,bipartite,tied,0,connected_components,,0,0,7,7,1.0,0.0,1,7
550,7,9,bipartite,tied,0,articulation_separator,0,3,0,1,5,0.2,0.41861979631760127,3,5 1 1
550,7,9,bipartite,tied,0,fiedler_median,,3,3,3,4,0.75,0.2999692064695066,2,3 4
550,7,9,bipartite,tied,0,fiedler_sign,,2,2,2,5,0.4,0.13290551060331554,2,2 5
550,7,9,bipartite,tied,0,bfs_balanced,,5,5,3,4,0.75,0.4673367600771936,2,3 4
551,7,9,block_decomposition,regressed,-4,connected_components,,0,0,7,7,1.0,0.0,1,7
551,7,9,block_decomposition,regressed,-4,articulation_separator,6,6,0,2,2,1.0,0.5714285714285713,4,2 2 2 1
551,7,9,block_decomposition,regressed,-4,fiedler_median,,4,4,3,4,0.75,0.4339444845451383,2,3 4
551,7,9,block_decomposition,regressed,-4,fiedler_sign,,4,4,3,4,0.75,0.2857142857142856,2,4 3
551,7,9,block_decomposition,regressed,-4,bfs_balanced,,6,6,3,4,0.75,0.7387961250362584,2,3 4
552,7,9,block_decomposition,regressed,-2,connected_components,,0,0,7,7,1.0,0.0,1,7
552,7,9,block_decomposition,regressed,-2,articulation_separator,2,5,0,2,4,0.5,0.4498003611109399,3,4 2 1
552,7,9,block_decomposition,regressed,-2,fiedler_median,,3,3,3,4,0.75,0.3467108061711417,2,3 4
552,7,9,block_decomposition,regressed,-2,fiedler_sign,,3,3,3,4,0.75,0.3467108061711417,2,3 4
552,7,9,block_decomposition,regressed,-2,bfs_balanced,,4,4,3,4,0.75,0.5386499868626525,2,3 4
553,7,9,block_decomposition,improved,3,connected_components,,0,0,7,7,1.0,0.0,1,7
553,7,9,block_decomposition,improved,3,articulation_separator,4,5,0,3,3,1.0,0.42311227244412425,3,3 3 1
553,7,9,block_decomposition,improved,3,fiedler_median,,2,2,3,4,0.75,0.20881393497593997,2,3 4
553,7,9,block_decomposition,improved,3,fiedler_sign,,2,2,3,4,0.75,0.20881393497593997,2,3 4
553,7,9,block_decomposition,improved,3,bfs_balanced,,5,5,3,4,0.75,0.6549718814927484,2,3 4
554,7,9,block_decomposition,improved,4,connected_components,,0,0,7,7,1.0,0.0,1,7
554,7,9,block_decomposition,improved,4,articulation_separator,4,5,0,2,4,0.5,0.4192715116727717,3,2 4 1
554,7,9,block_decomposition,improved,4,fiedler_median,,3,3,3,4,0.75,0.4198990867902013,2,3 4
554,7,9,block_decomposition,improved,4,fiedler_sign,,3,3,3,4,0.75,0.3501484937196124,2,4 3
554,7,9,block_decomposition,improved,4,bfs_balanced,,5,5,3,4,0.75,0.5187568104010497,2,3 4
555,7,9,generic_planar_three_color_yes,tied,0,connected_components,,0,0,7,7,1.0,0.0,1,7
555,7,9,generic_planar_three_color_yes,tied,0,fiedler_median,,4,4,3,4,0.75,0.48030758739070173,2,3 4
555,7,9,generic_planar_three_color_yes,tied,0,fiedler_sign,,4,4,3,4,0.75,0.48030758739070173,2,3 4
555,7,9,generic_planar_three_color_yes,tied,0,bfs_balanced,,4,4,3,4,0.75,0.48030758739070173,2,3 4
556,7,9,generic_planar_three_color_yes,tied,0,connected_components,,0,0,7,7,1.0,0.0,1,7
556,7,9,generic_planar_three_color_yes,tied,0,fiedler_median,,2,2,3,4,0.75,0.2620820083007911,2,3 4
556,7,9,generic_planar_three_color_yes,tied,0,fiedler_sign,,2,2,3,4,0.75,0.2620820083007911,2,3 4
556,7,9,generic_planar_three_color_yes,tied,0,bfs_balanced,,4,4,3,4,0.75,0.3550776755319455,2,3 4
557,7,9,block_decomposition,regressed,-4,connected_components,,0,0,7,7,1.0,0.0,1,7
557,7,9,block_decomposition,regressed,-4,articulation_separator,2,4,0,2,4,0.5,0.45536559607258076,3,2 4 1
557,7,9,block_decomposition,regressed,-4,fiedler_median,,2,2,3,4,0.75,0.24620822248147278,2,3 4
557,7,9,block_decomposition,regressed,-4,fiedler_sign,,2,2,3,4,0.75,0.24620822248147278,2,3 4
557,7,9,block_decomposition,regressed,-4,bfs_balanced,,2,2,3,4,0.75,0.24620822248147295,2,3 4
558,7,9,triangle_free_non_bipartite,tied,0,connected_components,,0,0,7,7,1.0,0.0,1,7
558,7,9,triangle_free_non_bipartite,tied,0,fiedler_median,,4,4,3,4,0.75,0.4678615007795848,2,3 4
558,7,9,triangle_free_non_bipartite,tied,0,fiedler_sign,,2,2,2,5,0.4,0.2628789478612135,2,2 5
558,7,9,triangle_free_non_bipartite,tied,0,bfs_balanced,,4,4,3,4,0.75,0.5004377347278653,2,3 4
559,7,9,generic_planar_three_color_yes,tied,0,connected_components,,0,0,7,7,1.0,0.0,1,7
559,7,9,generic_planar_three_color_yes,tied,0,fiedler_median,,2,2,3,4,0.75,0.27067443716088996,2,3 4
559,7,9,generic_planar_three_color_yes,tied,0,fiedler_sign,,2,2,3,4,0.75,0.27067443716088996,2,3 4
559,7,9,generic_planar_three_color_yes,tied,0,bfs_balanced,,4,4,3,4,0.75,0.3636701043920443,2,3 4
560,7,9,generic_planar_three_color_yes,tied,0,connected_components,,0,0,7,7,1.0,0.0,1,7
560,7,9,generic_planar_three_color_yes,tied,0,fiedler_median,,3,3,3,4,0.75,0.3652829600524355,2,3 4
560,7,9,generic_planar_three_color_yes,tied,0,fiedler_sign,,3,3,3,4,0.75,0.3652829600524355,2,3 4
560,7,9,generic_planar_three_color_yes,tied,0,bfs_balanced,,5,5,3,4,0.75,0.6511804263636262,2,3 4
561,7,9,generic_planar_three_color_yes,tied,0,connected_components,,0,0,7,7,1.0,0.0,1,7
561,7,9,generic_planar_three_color_yes,tied,0,fiedler_median,,3,3,3,4,0.75,0.4189859756639644,2,3 4
561,7,9,generic_planar_three_color_yes,tied,0,fiedler_sign,,3,3,3,4,0.75,0.4189859756639644,2,3 4
561,7,9,generic_planar_three_color_yes,tied,0,bfs_balanced,,5,5,3,4,0.75,0.5716488493785469,2,3 4
562,7,9,block_decomposition,regressed,-2,connected_components,,0,0,7,7,1.0,0.0,1,7
562,7,9,block_decomposition,regressed,-2,articulation_separator,3,4,0,2,4,0.5,0.38521602001680716,3,4 2 1
562,7,9,block_decomposition,regressed,-2,fiedler_median,,2,2,3,4,0.75,0.33792405217972593,2,3 4
562,7,9,block_decomposition,regressed,-2,fiedler_sign,,2,2,3,4,0.75,0.33792405217972593,2,3 4
562,7,9,block_decomposition,regressed,-2,bfs_balanced,,5,5,3,4,0.75,0.5833865043910986,2,3 4
563,7,9,generic_planar_three_color_yes,tied,0,connected_components,,0,0,7,7,1.0,0.0,1,7
563,7,9,generic_planar_three_color_yes,tied,0,fiedler_median,,3,3,3,4,0.75,0.3926457820810013,2,3 4
563,7,9,generic_planar_three_color_yes,tied,0,fiedler_sign,,2,2,2,5,0.4,0.31309698982043627,2,2 5
563,7,9,generic_planar_three_color_yes,tied,0,bfs_balanced,,3,3,3,4,0.75,0.4029750495608259,2,3 4
564,7,9,generic_planar_three_color_yes,tied,0,connected_components,,0,0,7,7,1.0,0.0,1,7
564,7,9,generic_planar_three_color_yes,tied,0,fiedler_median,,3,3,3,4,0.75,0.46113522698382414,2,3 4
564,7,9,generic_planar_three_color_yes,tied,0,fiedler_sign,,3,3,3,4,0.75,0.32365114010039114,2,4 3
564,7,9,generic_planar_three_color_yes,tied,0,bfs_balanced,,5,5,3,4,0.75,0.5811882127281398,2,3 4
565,7,9,bipartite,tied,0,connected_components,,0,0,7,7,1.0,0.0,1,7
565,7,9,bipartite,tied,0,fiedler_median,,3,3,3,4,0.75,0.4003599610894866,2,3 4
565,7,9,bipartite,tied,0,fiedler_sign,,3,3,3,4,0.75,0.4003599610894866,2,3 4
565,7,9,bipartite,tied,0,bfs_balanced,,5,5,3,4,0.75,0.5846419914138499,2,3 4
566,7,9,generic_planar_three_color_yes,tied,0,connected_components,,0,0,7,7,1.0,0.0,1,7
566,7,9,generic_planar_three_color_yes,tied,0,fiedler_median,,3,3,3,4,0.75,0.3581194398822435,2,3 4
566,7,9,generic_planar_three_color_yes,tied,0,fiedler_sign,,3,3,3,4,0.75,0.35811943988224343,2,4 3
566,7,9,generic_planar_three_color_yes,tied,0,bfs_balanced,,4,4,3,4,0.75,0.7358071849872806,2,3 4
567,7,9,block_decomposition,regressed,-1,connected_components,,0,0,7,7,1.0,0.0,1,7
567,7,9,block_decomposition,regressed,-1,articulation_separator,1,4,0,3,3,1.0,0.36506125320698024,3,3 3 1
567,7,9,block_decomposition,regressed,-1,fiedler_median,,1,1,3,4,0.75,0.221136567548611,2,3 4
567,7,9,block_decomposition,regressed,-1,fiedler_sign,,1,1,3,4,0.75,0.221136567548611,2,3 4
567,7,9,block_decomposition,regressed,-1,bfs_balanced,,6,6,3,4,0.75,0.6507755389212659,2,3 4
568,7,9,block_decomposition,improved,3,connected_components,,0,0,7,7,1.0,0.0,1,7
568,7,9,block_decomposition,improved,3,articulation_separator,1,4,0,3,3,1.0,0.29014923226590483,3,3 3 1
568,7,9,block_decomposition,improved,3,fiedler_median,,2,2,3,4,0.75,0.20311139511097703,2,3 4
568,7,9,block_decomposition,improved,3,fiedler_sign,,2,2,3,4,0.75,0.22864925222045937,2,4 3
568,7,9,block_decomposition,improved,3,bfs_balanced,,4,4,3,4,0.75,0.29014923226590483,2,3 4
569,7,9,block_decomposition,regressed,-2,connected_components,,0,0,7,7,1.0,0.0,1,7
569,7,9,block_decomposition,regressed,-2,articulation_separator,0,4,0,2,4,0.5,0.46891042176951203,3,2 4 1
569,7,9,block_decomposition,regressed,-2,fiedler_median,,2,2,3,4,0.75,0.3005630666043687,2,3 4
569,7,9,block_decomposition,regressed,-2,fiedler_sign,,2,2,3,4,0.75,0.3005630666043687,2,3 4
569,7,9,block_decomposition,regressed,-2,bfs_balanced,,5,5,3,4,0.75,0.5179312432706005,2,3 4
570,7,9,block_decomposition,improved,4,connected_components,,0,0,7,7,1.0,0.0,1,7
570,7,9,block_decomposition,improved,4,articulation_separator,2,4,0,2,4,0.5,0.36960103439363073,3,4 2 1
570,7,9,block_decomposition,improved,4,fiedler_median,,3,3,3,4,0.75,0.3975618074807991,2,3 4
570,7,9,block_decomposition,improved,4,fiedler_sign,,2,2,3,4,0.75,0.2857142857142857,2,4 3
570,7,9,block_decomposition,improved,4,bfs_balanced,,6,6,3,4,0.75,0.536968588001318,2,3 4
571,7,9,triangle_free_non_bipartite,tied,0,connected_components,,0,0,7,7,1.0,0.0,1,7
571,7,9,triangle_free_non_bipartite,tied,0,fiedler_median,,3,3,3,4,0.75,0.37811550745327954,2,3 4
571,7,9,triangle_free_non_bipartite,tied,0,fiedler_sign,,3,3,3,4,0.75,0.37811550745327954,2,4 3
571,7,9,triangle_free_non_bipartite,tied,0,bfs_balanced,,4,4,3,4,0.75,0.4872486535247381,2,3 4
572,7,9,generic_planar_three_color_yes,tied,0,connected_components,,0,0,7,7,1.0,0.0,1,7
572,7,9,generic_planar_three_color_yes,tied,0,fiedler_median,,3,3,3,4,0.75,0.4820508068290518,2,3 4
572,7,9,generic_planar_three_color_yes,tied,0,fiedler_sign,,2,2,2,5,0.4,0.18798310481257058,2,2 5
572,7,9,generic_planar_three_color_yes,tied,0,bfs_balanced,,4,4,3,4,0.75,0.5586077189522298,2,3 4
573,7,9,triangle_free_non_bipartite,tied,0,connected_components,,0,0,7,7,1.0,0.0,1,7
573,7,9,triangle_free_non_bipartite,tied,0,fiedler_median,,4,4,3,4,0.75,0.4491121226741184,2,3 4
573,7,9,triangle_free_non_bipartite,tied,0,fiedler_sign,,4,4,3,4,0.75,0.4491121226741184,2,4 3
573,7,9,triangle_free_non_bipartite,tied,0,bfs_balanced,,5,5,3,4,0.75,0.6756938853754901,2,3 4
574,7,9,generic_planar_three_color_yes,tied,0,connected_components,,0,0,7,7,1.0,0.0,1,7
574,7,9,generic_planar_three_color_yes,tied,0,fiedler_median,,2,2,3,4,0.75,0.31124126655421175,2,3 4
574,7,9,generic_planar_three_color_yes,tied,0,fiedler_sign,,2,2,3,4,0.75,0.31124126655421175,2,3 4
574,7,9,generic_planar_three_color_yes,tied,0,bfs_balanced,,4,4,3,4,0.75,0.39484743178574416,2,3 4
575,7,9,generic_planar_three_color_yes,tied,0,connected_components,,0,0,7,7,1.0,0.0,1,7
575,7,9,generic_planar_three_color_yes,tied,0,fiedler_median,,2,2,3,4,0.75,0.3698624433269134,2,3 4
575,7,9,generic_planar_three_color_yes,tied,0,fiedler_sign,,2,2,3,4,0.75,0.36986244332691326,2,4 3
575,7,9,generic_planar_three_color_yes,tied,0,bfs_balanced,,2,2,3,4,0.75,0.36986244332691326,2,3 4
576,7,9,block_decomposition,regressed,-1,connected_components,,0,0,7,7,1.0,0.0,1,7
576,7,9,block_decomposition,regressed,-1,articulation_separator,1,3,0,3,3,1.0,0.25806055026044383,3,3 3 1
576,7,9,block_decomposition,regressed,-1,fiedler_median,,2,2,3,4,0.75,0.15405396366025403,2,3 4
576,7,9,block_decomposition,regressed,-1,fiedler_sign,,1,1,3,4,0.75,0.09761688945792098,2,4 3
576,7,9,block_decomposition,regressed,-1,bfs_balanced,,5,5,3,4,0.75,0.6557319420182365,2,3 4
577,7,9,generic_planar_three_color_yes,tied,0,connected_components,,0,0,7,7,1.0,0.0,1,7
577,7,9,generic_planar_three_color_yes,tied,0,fiedler_median,,3,3,3,4,0.75,0.32672091230914146,2,3 4
577,7,9,generic_planar_three_color_yes,tied,0,fiedler_sign,,2,2,3,4,0.75,0.4612051232560441,2,4 3
577,7,9,generic_planar_three_color_yes,tied,0,bfs_balanced,,5,5,3,4,0.75,0.789016337666254,2,3 4
578,7,9,triangle_free_non_bipartite,tied,0,connected_components,,0,0,7,7,1.0,0.0,1,7
578,7,9,triangle_free_non_bipartite,tied,0,fiedler_median,,4,4,3,4,0.75,0.4043534528174977,2,3 4
578,7,9,triangle_free_non_bipartite,tied,0,fiedler_sign,,3,3,3,4,0.75,0.369168590967147,2,4 3
578,7,9,triangle_free_non_bipartite,tied,0,bfs_balanced,,4,4,3,4,0.75,0.4043534528174976,2,3 4
579,7,9,generic_planar_three_color_yes,tied,0,connected_components,,0,0,7,7,1.0,0.0,1,7
579,7,9,generic_planar_three_color_yes,tied,0,fiedler_median,,2,2,3,4,0.75,0.3858308226153212,2,3 4
579,7,9,generic_planar_three_color_yes,tied,0,fiedler_sign,,2,2,3,4,0.75,0.3858308226153212,2,3 4
579,7,9,generic_planar_three_color_yes,tied,0,bfs_balanced,,4,4,3,4,0.75,0.31550543723987606,2,3 4
580,7,9,generic_planar_three_color_yes,tied,0,connected_components,,0,0,7,7,1.0,0.0,1,7
580,7,9,generic_planar_three_color_yes,tied,0,fiedler_median,,3,3,3,4,0.75,0.40294744427360124,2,3 4
580,7,9,generic_planar_three_color_yes,tied,0,fiedler_sign,,3,3,3,4,0.75,0.40294744427360124,2,3 4
580,7,9,generic_planar_three_color_yes,tied,0,bfs_balanced,,3,3,3,4,0.75,0.40294744427360124,2,3 4
581,7,9,bipartite,tied,0,connected_components,,0,0,7,7,1.0,0.0,1,7
581,7,9,bipartite,tied,0,fiedler_median,,3,3,3,4,0.75,0.5885613924107674,2,3 4
581,7,9,bipartite,tied,0,fiedler_sign,,3,3,3,4,0.75,0.5885613924107674,2,3 4
581,7,9,bipartite,tied,0,bfs_balanced,,3,3,3,4,0.75,0.5885613924107674,2,3 4
582,7,9,block_decomposition,improved,3,connected_components,,0,0,3,4,0.75,2.220446049250313e-16,2,3 4
584,7,10,block_decomposition,improved,6,connected_components,,0,0,1,6,0.16666666666666666,0.0,2,6 1
584,7,10,block_decomposition,improved,6,articulation_separator,4,5,0,1,4,0.25,0.45418605711810817,4,4 1 1 1
585,7,10,block_decomposition,improved,6,connected_components,,0,0,1,6,0.16666666666666666,0.0,2,6 1
585,7,10,block_decomposition,improved,6,articulation_separator,0,4,0,1,4,0.25,0.41249940691131476,4,4 1 1 1
586,7,10,block_decomposition,improved,1,connected_components,,0,0,1,6,0.16666666666666666,0.0,2,6 1
587,7,10,block_decomposition,improved,1,connected_components,,0,0,1,6,0.16666666666666666,2.8945100284870153e-16,2,6 1
588,7,10,block_decomposition,improved,1,connected_components,,0,0,1,6,0.16666666666666666,0.0,2,6 1
589,7,10,block_decomposition,improved,1,connected_components,,0,0,1,6,0.16666666666666666,0.0,2,6 1
590,7,10,block_decomposition,improved,1,connected_components,,0,0,1,6,0.16666666666666666,2.5376913492208035e-16,2,6 1
591,7,10,block_decomposition,improved,1,connected_components,,0,0,1,6,0.16666666666666666,0.0,2,6 1
592,7,10,block_decomposition,improved,1,connected_components,,0,0,1,6,0.16666666666666666,2.065560024612538e-16,2,6 1
593,7,10,block_decomposition,improved,1,connected_components,,0,0,1,6,0.16666666666666666,4.856640032594534e-18,2,6 1
594,7,10,block_decomposition,improved,1,connected_components,,0,0,1,6,0.16666666666666666,5.233908544661452e-16,2,6 1
595,7,10,block_decomposition,improved,1,connected_components,,0,0,1,6,0.16666666666666666,0.0,2,6 1
597,7,10,block_decomposition,improved,1,connected_components,,0,0,1,6,0.16666666666666666,0.0,2,6 1
598,7,10,block_decomposition,improved,2,connected_components,,0,0,7,7,1.0,0.0,1,7
598,7,10,block_decomposition,improved,2,articulation_separator,2,6,0,1,4,0.25,0.5676818939395367,4,4 1 1 1
598,7,10,block_decomposition,improved,2,fiedler_median,,6,6,3,4,0.75,0.6862333154803741,2,3 4
598,7,10,block_decomposition,improved,2,fiedler_sign,,1,1,1,6,0.16666666666666666,0.09242144572437214,2,1 6
598,7,10,block_decomposition,improved,2,bfs_balanced,,7,7,3,4,0.75,0.7051659808229696,2,3 4
599,7,10,block_decomposition,improved,2,connected_components,,0,0,7,7,1.0,0.0,1,7
599,7,10,block_decomposition,improved,2,articulation_separator,1,5,0,1,5,0.2,0.4942429725369348,3,5 1 1
599,7,10,block_decomposition,improved,2,fiedler_median,,5,5,3,4,0.75,0.6266777457739513,2,3 4
599,7,10,block_decomposition,improved,2,fiedler_sign,,4,4,3,4,0.75,0.4126367467673407,2,4 3
599,7,10,block_decomposition,improved,2,bfs_balanced,,7,7,3,4,0.75,0.7267019732936006,2,3 4
600,7,10,block_decomposition,improved,2,connected_components,,0,0,7,7,1.0,0.0,1,7
600,7,10,block_decomposition,improved,2,articulation_separator,0,4,0,1,5,0.2,0.4475493691367402,3,5 1 1
600,7,10,block_decomposition,improved,2,fiedler_median,,4,4,3,4,0.75,0.3746876304432933,2,3 4
600,7,10,block_decomposition,improved,2,fiedler_sign,,3,3,2,5,0.4,0.22105783027105477,2,5 2
600,7,10,block_decomposition,improved,2,bfs_balanced,,7,7,3,4,0.75,0.7391059171493742,2,3 4
601,7,10,block_decomposition,improved,2,connected_components,,0,0,7,7,1.0,0.0,1,7
601,7,10,block_decomposition,improved,2,articulation_separator,0,5,0,1,4,0.25,0.5394105514212424,4,4 1 1 1
601,7,10,block_decomposition,improved,2,fiedler_median,,3,3,3,4,0.75,0.2536962657069569,2,3 4
601,7,10,block_decomposition,improved,2,fiedler_sign,,3,3,3,4,0.75,0.2536962657069569,2,3 4
601,7,10,block_decomposition,improved,2,bfs_balanced,,7,7,3,4,0.75,0.6998542122237651,2,3 4
602,7,10,block_decomposition,improved,2,connected_components,,0,0,7,7,1.0,0.0,1,7
602,7,10,block_decomposition,improved,2,articulation_separator,0,4,0,1,5,0.2,0.42507346482636893,3,5 1 1
602,7,10,block_decomposition,improved,2,fiedler_median,,5,5,3,4,0.75,0.4508597302993209,2,3 4
602,7,10,block_decomposition,improved,2,fiedler_sign,,3,3,2,5,0.4,0.28290602040278123,2,5 2
602,7,10,block_decomposition,improved,2,bfs_balanced,,6,6,3,4,0.75,0.5883438171827539,2,3 4
603,7,10,block_decomposition,improved,2,connected_components,,0,0,7,7,1.0,0.0,1,7
603,7,10,block_decomposition,improved,2,articulation_separator,4,6,0,1,4,0.25,0.5714285714285714,4,4 1 1 1
603,7,10,block_decomposition,improved,2,fiedler_median,,5,5,3,4,0.75,0.48061792994406216,2,3 4
603,7,10,block_decomposition,improved,2,fiedler_sign,,2,2,2,5,0.4,0.2182662921429173,2,5 2
603,7,10,block_decomposition,improved,2,bfs_balanced,,6,6,3,4,0.75,0.6897753035351697,2,3 4
604,7,10,block_decomposition,improved,2,connected_components,,0,0,7,7,1.0,0.0,1,7
604,7,10,block_decomposition,improved,2,articulation_separator,2,4,0,1,5,0.2,0.4171776580581489,3,1 5 1
604,7,10,block_decomposition,improved,2,fiedler_median,,5,5,3,4,0.75,0.5640667252768,2,3 4
604,7,10,block_decomposition,improved,2,fiedler_sign,,3,3,2,5,0.4,0.30118009769728155,2,5 2
604,7,10,block_decomposition,improved,2,bfs_balanced,,6,6,3,4,0.75,0.5911528546867365,2,3 4
605,7,10,block_decomposition,improved,2,connected_components,,0,0,7,7,1.0,0.0,1,7
605,7,10,block_decomposition,improved,2,articulation_separator,2,5,0,1,5,0.2,0.4679910851185644,3,5 1 1
605,7,10,block_decomposition,improved,2,fiedler_median,,4,4,3,4,0.75,0.415369338220989,2,3 4
605,7,10,block_decomposition,improved,2,fiedler_sign,,2,2,2,5,0.4,0.23577009530722592,2,2 5
605,7,10,block_decomposition,improved,2,bfs_balanced,,6,6,3,4,0.75,0.5292252975121458,2,3 4
606,7,10,block_decomposition,improved,2,connected_components,,0,0,7,7,1.0,0.0,1,7
606,7,10,block_decomposition,improved,2,articulation_separator,2,5,0,1,4,0.25,0.5225784394323535,4,1 4 1 1
606,7,10,block_decomposition,improved,2,fiedler_median,,5,5,3,4,0.75,0.48501677709171137,2,3 4
606,7,10,block_decomposition,improved,2,fiedler_sign,,3,3,3,4,0.75,0.3202318708506021,2,4 3
606,7,10,block_decomposition,improved,2,bfs_balanced,,5,5,3,4,0.75,0.4605607922385933,2,3 4
607,7,10,block_decomposition,improved,2,connected_components,,0,0,7,7,1.0,0.0,1,7
607,7,10,block_decomposition,improved,2,articulation_separator,2,4,0,1,5,0.2,0.4173472798110815,3,5 1 1
607,7,10,block_decomposition,improved,2,fiedler_median,,4,4,3,4,0.75,0.5522912166517366,2,3 4
607,7,10,block_decomposition,improved,2,fiedler_sign,,4,4,3,4,0.75,0.5522912166517366,2,4 3
607,7,10,block_decomposition,improved,2,bfs_balanced,,5,5,3,4,0.75,0.6807609315819739,2,3 4
608,7,10,block_decomposition,improved,2,connected_components,,0,0,7,7,1.0,0.0,1,7
608,7,10,block_decomposition,improved,2,articulation_separator,0,4,0,1,5,0.2,0.4328813765730409,3,5 1 1
608,7,10,block_decomposition,improved,2,fiedler_median,,4,4,3,4,0.75,0.376180870841762,2,3 4
608,7,10,block_decomposition,improved,2,fiedler_sign,,2,2,2,5,0.4,0.25296942542062223,2,2 5
608,7,10,block_decomposition,improved,2,bfs_balanced,,6,6,3,4,0.75,0.5371466905199594,2,3 4
609,7,10,block_decomposition,improved,2,connected_components,,0,0,7,7,1.0,0.0,1,7
609,7,10,block_decomposition,improved,2,articulation_separator,2,4,0,1,5,0.2,0.4375446504985299,3,1 5 1
609,7,10,block_decomposition,improved,2,fiedler_median,,5,5,3,4,0.75,0.5505817450819662,2,3 4
609,7,10,block_decomposition,improved,2,fiedler_sign,,3,3,2,5,0.4,0.18934967763174404,2,5 2
609,7,10,block_decomposition,improved,2,bfs_balanced,,4,4,3,4,0.75,0.3672611538064424,2,3 4
610,7,10,block_decomposition,improved,4,connected_components,,0,0,7,7,1.0,0.0,1,7
610,7,10,block_decomposition,improved,4,articulation_separator,5,4,0,1,4,0.25,0.49157402650396936,4,4 1 1 1
610,7,10,block_decomposition,improved,4,fiedler_median,,2,2,3,4,0.75,0.21436606014447435,2,3 4
610,7,10,block_decomposition,improved,4,fiedler_sign,,2,2,3,4,0.75,0.21436606014447435,2,3 4
610,7,10,block_decomposition,improved,4,bfs_balanced,,5,5,3,4,0.75,0.39684551060170153,2,3 4
611,7,10,block_decomposition,improved,6,connected_components,,0,0,2,5,0.4,0.0,2,5 2
612,7,10,block_decomposition,improved,1,connected_components,,0,0,7,7,1.0,0.0,1,7
612,7,10,block_decomposition,improved,1,articulation_separator,5,6,0,1,5,0.2,0.5171980243306935,3,5 1 1
612,7,10,block_decomposition,improved,1,fiedler_median,,5,5,3,4,0.75,0.5155194891638698,2,3 4
612,7,10,block_decomposition,improved,1,fiedler_sign,,5,5,2,5,0.4,0.4173906642237433,2,5 2
612,7,10,block_decomposition,improved,1,bfs_balanced,,6,6,3,4,0.75,0.6063301306483788,2,3 4
613,7,10,block_decomposition,improved,1,connected_components,,0,0,7,7,1.0,0.0,1,7
613,7,10,block_decomposition,improved,1,articulation_separator,0,6,0,1,5,0.2,0.5335553689985677,3,5 1 1
613,7,10,block_decomposition,improved,1,fiedler_median,,6,6,3,4,0.75,0.5640667252768001,2,3 4
613,7,10,block_decomposition,improved,1,fiedler_sign,,5,5,2,5,0.4,0.4735091640911097,2,5 2
613,7,10,block_decomposition,improved,1,bfs_balanced,,6,6,3,4,0.75,0.5911528546867367,2,3 4
614,7,10,block_decomposition,improved,1,connected_components,,0,0,7,7,1.0,0.0,1,7
614,7,10,block_decomposition,improved,1,articulation_separator,2,5,0,1,5,0.2,0.48917287821583894,3,5 1 1
614,7,10,block_decomposition,improved,1,fiedler_median,,4,4,3,4,0.75,0.5321783635128261,2,3 4
614,7,10,block_decomposition,improved,1,fiedler_sign,,4,4,2,5,0.4,0.3634933066765716,2,5 2
614,7,10,block_decomposition,improved,1,bfs_balanced,,6,6,3,4,0.75,0.5321783635128261,2,3 4
615,7,10,block_decomposition,improved,1,connected_components,,0,0,7,7,1.0,0.0,1,7
615,7,10,block_decomposition,improved,1,articulation_separator,1,3,0,1,5,0.2,0.36371997079112056,3,5 1 1
615,7,10,block_decomposition,improved,1,fiedler_median,,6,6,3,4,0.75,0.5119501696219734,2,3 4
615,7,10,block_decomposition,improved,1,fiedler_sign,,2,2,2,5,0.4,0.16387307730409853,2,5 2
615,7,10,block_decomposition,improved,1,bfs_balanced,,6,6,3,4,0.75,0.6871313280153741,2,3 4
616,7,10,block_decomposition,improved,1,connected_components,,0,0,7,7,1.0,0.0,1,7
616,7,10,block_decomposition,improved,1,articulation_separator,3,4,0,1,5,0.2,0.44282693000148704,3,5 1 1
616,7,10,block_decomposition,improved,1,fiedler_median,,4,4,3,4,0.75,0.3734178169218695,2,3 4
616,7,10,block_decomposition,improved,1,fiedler_sign,,3,3,2,5,0.4,0.23632426640698487,2,5 2
616,7,10,block_decomposition,improved,1,bfs_balanced,,5,5,3,4,0.75,0.47915522605996397,2,3 4
617,7,10,block_decomposition,improved,1,connected_components,,0,0,7,7,1.0,0.0,1,7
617,7,10,block_decomposition,improved,1,articulation_separator,0,5,0,1,5,0.2,0.5370545708138162,3,5 1 1
617,7,10,block_decomposition,improved,1,fiedler_median,,4,4,3,4,0.75,0.414299670699295,2,3 4
617,7,10,block_decomposition,improved,1,fiedler_sign,,4,4,2,5,0.4,0.2886952928736167,2,2 5
617,7,10,block_decomposition,improved,1,bfs_balanced,,5,5,3,4,0.75,0.5517837575827279,2,3 4
618,7,10,block_decomposition,improved,1,connected_components,,0,0,7,7,1.0,0.0,1,7
618,7,10,block_decomposition,improved,1,articulation_separator,1,6,0,1,5,0.2,0.5569370960103143,3,5 1 1
618,7,10,block_decomposition,improved,1,fiedler_median,,6,6,3,4,0.75,0.5569370960103144,2,3 4
618,7,10,block_decomposition,improved,1,fiedler_sign,,1,1,1,6,0.16666666666666666,0.09891389096843872,2,6 1
618,7,10,block_decomposition,improved,1,bfs_balanced,,5,5,3,4,0.75,0.4803801838871364,2,3 4
619,7,10,block_decomposition,improved,3,connected_components,,0,0,7,7,1.0,0.0,1,7
619,7,10,block_decomposition,improved,3,articulation_separator,0,6,0,1,3,0.3333333333333333,0.5571903822295734,4,3 2 1 1
619,7,10,block_decomposition,improved,3,fiedler_median,,3,3,3,4,0.75,0.3391348857025677,2,3 4
619,7,10,block_decomposition,improved,3,fiedler_sign,,3,3,3,4,0.75,0.3391348857025677,2,3 4
619,7,10,block_decomposition,improved,3,bfs_balanced,,6,6,3,4,0.75,0.5571903822295734,2,3 4
620,7,10,block_decomposition,improved,1,connected_components,,0,0,7,7,1.0,0.0,1,7
620,7,10,block_decomposition,improved,1,articulation_separator,3,5,0,1,5,0.2,0.4903291146609981,3,5 1 1
620,7,10,block_decomposition,improved,1,fiedler_median,,4,4,3,4,0.75,0.4328068680344056,2,3 4
620,7,10,block_decomposition,improved,1,fiedler_sign,,4,4,2,5,0.4,0.3367799984376326,2,5 2
620,7,10,block_decomposition,improved,1,bfs_balanced,,7,7,3,4,0.75,0.6702422187768783,2,3 4
621,7,10,block_decomposition,improved,1,connected_components,,0,0,7,7,1.0,0.0,1,7
621,7,10,block_decomposition,improved,1,articulation_separator,5,3,0,1,5,0.2,0.3781354858380209,3,5 1 1
621,7,10,block_decomposition,improved,1,fiedler_median,,5,5,3,4,0.75,0.461209304075801,2,3 4
621,7,10,block_decomposition,improved,1,fiedler_sign,,2,2,2,5,0.4,0.19069144270648616,2,5 2
621,7,10,block_decomposition,improved,1,bfs_balanced,,5,5,3,4,0.75,0.6115011309908451,2,3 4
622,7,10,block_decomposition,improved,1,connected_components,,0,0,7,7,1.0,0.0,1,7
622,7,10,block_decomposition,improved,1,articulation_separator,3,5,0,1,5,0.2,0.4877670217640397,3,5 1 1
622,7,10,block_decomposition,improved,1,fiedler_median,,4,4,3,4,0.75,0.39823109219964764,2,3 4
622,7,10,block_decomposition,improved,1,fiedler_sign,,4,4,3,4,0.75,0.39823109219964764,2,3 4
622,7,10,block_decomposition,improved,1,bfs_balanced,,7,7,3,4,0.75,0.7163687877653082,2,3 4
623,7,10,block_decomposition,improved,1,connected_components,,0,0,7,7,1.0,0.0,1,7
623,7,10,block_decomposition,improved,1,articulation_separator,0,4,0,1,5,0.2,0.48369525858103696,3,5 1 1
623,7,10,block_decomposition,improved,1,fiedler_median,,3,3,3,4,0.75,0.26248951224544975,2,3 4
623,7,10,block_decomposition,improved,1,fiedler_sign,,3,3,3,4,0.75,0.26248951224544975,2,3 4
623,7,10,block_decomposition,improved,1,bfs_balanced,,5,5,3,4,0.75,0.4229331730479727,2,3 4
624,7,10,block_decomposition,improved,1,connected_components,,0,0,7,7,1.0,0.0,1,7
624,7,10,block_decomposition,improved,1,articulation_separator,2,5,0,1,5,0.2,0.5078264272924761,3,5 1 1
624,7,10,block_decomposition,improved,1,fiedler_median,,5,5,3,4,0.75,0.5832390297376472,2,3 4
624,7,10,block_decomposition,improved,1,fiedler_sign,,4,4,2,5,0.4,0.3499526140835943,2,5 2
624,7,10,block_decomposition,improved,1,bfs_balanced,,6,6,3,4,0.75,0.6740496712221563,2,3 4
625,7,10,block_decomposition,improved,2,connected_components,,0,0,7,7,1.0,0.0,1,7
625,7,10,block_decomposition,improved,2,articulation_separator,2,5,0,2,4,0.5,0.39966260363652634,3,4 2 1
625,7,10,block_decomposition,improved,2,fiedler_median,,4,4,3,4,0.75,0.42066073646903324,2,3 4
625,7,10,block_decomposition,improved,2,fiedler_sign,,1,1,2,5,0.4,0.1851768315820557,2,5 2
625,7,10,block_decomposition,improved,2,bfs_balanced,,6,6,3,4,0.75,0.5371466905199592,2,3 4
626,7,10,block_decomposition,improved,1,connected_components,,0,0,7,7,1.0,0.0,1,7
626,7,10,block_decomposition,improved,1,articulation_separator,2,5,0,1,5,0.2,0.47911794334535945,3,5 1 1
626,7,10,block_decomposition,improved,1,fiedler_median,,4,4,3,4,0.75,0.4084070725517889,2,3 4
626,7,10,block_decomposition,improved,1,fiedler_sign,,4,4,2,5,0.4,0.36871381436265643,2,5 2
626,7,10,block_decomposition,improved,1,bfs_balanced,,6,6,3,4,0.75,0.5403521557389407,2,3 4
627,7,10,block_decomposition,improved,1,connected_components,,0,0,7,7,1.0,0.0,1,7
627,7,10,block_decomposition,improved,1,articulation_separator,5,4,0,1,5,0.2,0.42620505657738755,3,5 1 1
627,7,10,block_decomposition,improved,1,fiedler_median,,5,5,3,4,0.75,0.663205629503088,2,3 4
627,7,10,block_decomposition,improved,1,fiedler_sign,,3,3,2,5,0.4,0.3449587013219996,2,5 2
627,7,10,block_decomposition,improved,1,bfs_balanced,,4,4,3,4,0.75,0.4402241539066753,2,3 4
628,7,10,block_decomposition,improved,1,connected_components,,0,0,7,7,1.0,0.0,1,7
628,7,10,block_decomposition,improved,1,articulation_separator,4,3,0,1,5,0.2,0.4260856768648576,3,5 1 1
628,7,10,block_decomposition,improved,1,fiedler_median,,3,3,3,4,0.75,0.2928921605984132,2,3 4
628,7,10,block_decomposition,improved,1,fiedler_sign,,2,2,2,5,0.4,0.21948799149001372,2,2 5
628,7,10,block_decomposition,improved,1,bfs_balanced,,5,5,3,4,0.75,0.45333582140093576,2,3 4
629,7,10,block_decomposition,improved,1,connected_components,,0,0,7,7,1.0,0.0,1,7
629,7,10,block_decomposition,improved,1,articulation_separator,3,5,0,1,5,0.2,0.4821738673985426,3,5 1 1
629,7,10,block_decomposition,improved,1,fiedler_median,,4,4,3,4,0.75,0.4275279230715275,2,3 4
629,7,10,block_decomposition,improved,1,fiedler_sign,,4,4,2,5,0.4,0.32772584252905457,2,5 2
629,7,10,block_decomposition,improved,1,bfs_balanced,,6,6,3,4,0.75,0.6316325109435585,2,3 4
630,7,10,block_decomposition,improved,3,connected_components,,0,0,7,7,1.0,0.0,1,7
630,7,10,block_decomposition,improved,3,articulation_separator,0,5,0,2,4,0.5,0.46124282911030223,3,4 2 1
630,7,10,block_decomposition,improved,3,fiedler_median,,4,4,3,4,0.75,0.34289609700370377,2,3 4
630,7,10,block_decomposition,improved,3,fiedler_sign,,3,3,3,4,0.75,0.34289609700370377,2,4 3
630,7,10,block_decomposition,improved,3,bfs_balanced,,6,6,3,4,0.75,0.5987269159937352,2,3 4
631,7,10,block_decomposition,improved,1,connected_components,,0,0,7,7,1.0,0.0,1,7
631,7,10,block_decomposition,improved,1,articulation_separator,5,5,0,1,5,0.2,0.4553071929963409,3,5 1 1
631,7,10,block_decomposition,improved,1,fiedler_median,,4,4,3,4,0.75,0.5522912166517372,2,3 4
631,7,10,block_decomposition,improved,1,fiedler_sign,,4,4,2,5,0.4,0.34179022572392015,2,2 5
631,7,10,block_decomposition,improved,1,bfs_balanced,,6,6,3,4,0.75,0.7643231058761847,2,3 4
632,7,10,block_decomposition,improved,1,connected_components,,0,0,7,7,1.0,0.0,1,7
632,7,10,block_decomposition,improved,1,articulation_separator,2,4,0,1,5,0.2,0.4515878581549807,3,5 1 1
632,7,10,block_decomposition,improved,1,fiedler_median,,3,3,3,4,0.75,0.36197834895745046,2,3 4
632,7,10,block_decomposition,improved,1,fiedler_sign,,3,3,3,4,0.75,0.36197834895745046,2,3 4
632,7,10,block_decomposition,improved,1,bfs_balanced,,6,6,3,4,0.75,0.6343738314340551,2,3 4
633,7,10,block_decomposition,improved,1,connected_components,,0,0,7,7,1.0,0.0,1,7
633,7,10,block_decomposition,improved,1,articulation_separator,0,4,0,1,5,0.2,0.4365075765447114,3,5 1 1
633,7,10,block_decomposition,improved,1,fiedler_median,,4,4,3,4,0.75,0.4480869344386113,2,3 4
633,7,10,block_decomposition,improved,1,fiedler_sign,,3,3,2,5,0.4,0.2715057947957844,2,2 5
633,7,10,block_decomposition,improved,1,bfs_balanced,,5,5,3,4,0.75,0.5855710213220444,2,3 4
634,7,10,block_decomposition,improved,1,connected_components,,0,0,7,7,1.0,0.0,1,7
634,7,10,block_decomposition,improved,1,articulation_separator,1,4,0,1,5,0.2,0.45787876072290773,3,5 1 1
634,7,10,block_decomposition,improved,1,fiedler_median,,4,4,3,4,0.75,0.5074447109372847,2,3 4
634,7,10,block_decomposition,improved,1,fiedler_sign,,3,3,2,5,0.4,0.24677677752220145,2,5 2
634,7,10,block_decomposition,improved,1,bfs_balanced,,8,8,3,4,0.75,0.916802862343229,2,3 4
635,7,10,block_decomposition,improved,1,connected_components,,0,0,7,7,1.0,0.0,1,7
635,7,10,block_decomposition,improved,1,articulation_separator,4,4,0,1,5,0.2,0.41685195584734297,3,5 1 1
635,7,10,block_decomposition,improved,1,fiedler_median,,5,5,3,4,0.75,0.716020914024038,2,3 4
635,7,10,block_decomposition,improved,1,fiedler_sign,,3,3,2,5,0.4,0.24714604843545654,2,5 2
635,7,10,block_decomposition,improved,1,bfs_balanced,,5,5,3,4,0.75,0.716020914024038,2,3 4
636,7,10,block_decomposition,improved,2,connected_components,,0,0,7,7,1.0,0.0,1,7
636,7,10,block_decomposition,improved,2,articulation_separator,0,4,0,2,4,0.5,0.38476115568255825,3,4 2 1
636,7,10,block_decomposition,improved,2,fiedler_median,,3,3,3,4,0.75,0.32334791733871865,2,3 4
636,7,10,block_decomposition,improved,2,fiedler_sign,,1,1,2,5,0.4,0.19691368991420982,2,2 5
636,7,10,block_decomposition,improved,2,bfs_balanced,,6,6,3,4,0.75,0.5452048164850811,2,3 4
637,7,10,block_decomposition,improved,1,connected_components,,0,0,7,7,1.0,0.0,1,7
637,7,10,block_decomposition,improved,1,articulation_separator,5,4,0,1,5,0.2,0.4416858149170446,3,5 1 1
637,7,10,block_decomposition,improved,1,fiedler_median,,4,4,3,4,0.75,0.323018142332253,2,3 4
637,7,10,block_decomposition,improved,1,fiedler_sign,,3,3,2,5,0.4,0.26640081212410127,2,5 2
637,7,10,block_decomposition,improved,1,bfs_balanced,,5,5,3,4,0.75,0.6895991847218198,2,3 4
638,7,10,block_decomposition,improved,1,connected_components,,0,0,7,7,1.0,0.0,1,7
638,7,10,block_decomposition,improved,1,articulation_separator,5,3,0,1,5,0.2,0.4116088262242741,3,5 1 1
638,7,10,block_decomposition,improved,1,fiedler_median,,4,4,3,4,0.75,0.40105295457267154,2,3 4
638,7,10,block_decomposition,improved,1,fiedler_sign,,2,2,2,5,0.4,0.19335366935929965,2,2 5
638,7,10,block_decomposition,improved,1,bfs_balanced,,4,4,3,4,0.75,0.4738251923126232,2,3 4
639,7,10,block_decomposition,improved,1,connected_components,,0,0,7,7,1.0,0.0,1,7
639,7,10,block_decomposition,improved,1,articulation_separator,0,4,0,1,5,0.2,0.4572432738901678,3,5 1 1
639,7,10,block_decomposition,improved,1,fiedler_median,,4,4,3,4,0.75,0.5890499826902413,2,3 4
639,7,10,block_decomposition,improved,1,fiedler_sign,,3,3,2,5,0.4,0.21597574758154847,2,5 2
639,7,10,block_decomposition,improved,1,bfs_balanced,,5,5,3,4,0.75,0.6301156740910275,2,3 4
640,7,10,block_decomposition,improved,1,connected_components,,0,0,7,7,1.0,0.0,1,7
640,7,10,block_decomposition,improved,1,articulation_separator,2,3,0,1,5,0.2,0.40466453442936523,3,5 1 1
640,7,10,block_decomposition,improved,1,fiedler_median,,4,4,3,4,0.75,0.3494133271665329,2,3 4
640,7,10,block_decomposition,improved,1,fiedler_sign,,2,2,2,5,0.4,0.21260231853843584,2,5 2
640,7,10,block_decomposition,improved,1,bfs_balanced,,5,5,3,4,0.75,0.4868974140499659,2,3 4
641,7,10,block_decomposition,improved,1,connected_components,,0,0,7,7,1.0,0.0,1,7
641,7,10,block_decomposition,improved,1,articulation_separator,2,5,0,1,5,0.2,0.4779046513212556,3,5 1 1
641,7,10,block_decomposition,improved,1,fiedler_median,,5,5,3,4,0.75,0.5634478233992285,2,3 4
641,7,10,block_decomposition,improved,1,fiedler_sign,,4,4,2,5,0.4,0.3698368787215131,2,2 5
641,7,10,block_decomposition,improved,1,bfs_balanced,,6,6,3,4,0.75,0.6542584648837375,2,3 4
642,7,10,block_decomposition,improved,1,connected_components,,0,0,7,7,1.0,0.0,1,7
642,7,10,block_decomposition,improved,1,articulation_separator,5,5,0,1,5,0.2,0.48626720393696143,3,5 1 1
642,7,10,block_decomposition,improved,1,fiedler_median,,4,4,3,4,0.75,0.47080795793982777,2,3 4
642,7,10,block_decomposition,improved,1,fiedler_sign,,4,4,2,5,0.4,0.34430015793773233,2,5 2
642,7,10,block_decomposition,improved,1,bfs_balanced,,7,7,3,4,0.75,0.7756595984309479,2,3 4
643,7,10,block_decomposition,improved,1,connected_components,,0,0,7,7,1.0,0.0,1,7
643,7,10,block_decomposition,improved,1,articulation_separator,0,5,0,1,5,0.2,0.49171531843379995,3,5 1 1
643,7,10,block_decomposition,improved,1,fiedler_median,,3,3,3,4,0.75,0.5534284846740546,2,3 4
643,7,10,block_decomposition,improved,1,fiedler_sign,,4,4,2,5,0.4,0.3980442999673115,2,5 2
643,7,10,block_decomposition,improved,1,bfs_balanced,,7,7,3,4,0.75,0.7203170844350685,2,3 4
644,7,10,block_decomposition,improved,3,connected_components,,0,0,7,7,1.0,0.0,1,7
644,7,10,block_decomposition,improved,3,articulation_separator,0,5,0,3,3,1.0,0.4636534432757639,3,3 3 1
644,7,10,block_decomposition,improved,3,fiedler_median,,2,2,3,4,0.75,0.17793915756147852,2,3 4
644,7,10,block_decomposition,improved,3,fiedler_sign,,2,2,3,4,0.75,0.17793915756147852,2,3 4
644,7,10,block_decomposition,improved,3,bfs_balanced,,5,5,3,4,0.75,0.4636534432757639,2,3 4
645,7,10,block_decomposition,improved,2,connected_components,,0,0,7,7,1.0,0.0,1,7
645,7,10,block_decomposition,improved,2,articulation_separator,4,5,0,2,4,0.5,0.4077240254023087,3,4 2 1
645,7,10,block_decomposition,improved,2,fiedler_median,,5,5,3,4,0.75,0.49487165930539356,2,3 4
645,7,10,block_decomposition,improved,2,fiedler_sign,,1,1,2,5,0.4,0.16879154794633225,2,5 2
645,7,10,block_decomposition,improved,2,bfs_balanced,,5,5,3,4,0.75,0.8076681129462714,2,3 4
646,7,10,block_decomposition,improved,1,connected_components,,0,0,7,7,1.0,0.0,1,7
646,7,10,block_decomposition,improved,1,articulation_separator,1,3,0,1,5,0.2,0.4070204396977942,3,5 1 1
646,7,10,block_decomposition,improved,1,fiedler_median,,3,3,3,4,0.75,0.28636328128008,2,3 4
646,7,10,block_decomposition,improved,1,fiedler_sign,,2,2,2,5,0.4,0.21256749053122878,2,2 5
646,7,10,block_decomposition,improved,1,bfs_balanced,,5,5,3,4,0.75,0.6333771788155876,2,3 4
647,7,10,block_decomposition,improved,1,connected_components,,0,0,7,7,1.0,0.0,1,7
647,7,10,block_decomposition,improved,1,articulation_separator,4,3,0,1,5,0.2,0.41842525173457334,3,5 1 1
647,7,10,block_decomposition,improved,1,fiedler_median,,4,4,3,4,0.75,0.37879277759638874,2,3 4
647,7,10,block_decomposition,improved,1,fiedler_sign,,2,2,2,5,0.4,0.22053586478303172,2,5 2
647,7,10,block_decomposition,improved,1,bfs_balanced,,7,7,3,4,0.75,0.6364812855991989,2,3 4
648,7,10,block_decomposition,improved,1,connected_components,,0,0,7,7,1.0,0.0,1,7
648,7,10,block_decomposition,improved,1,articulation_separator,4,4,0,1,5,0.2,0.48162457714570106,3,5 1 1
648,7,10,block_decomposition,improved,1,fiedler_median,,4,4,3,4,0.75,0.530220716181711,2,3 4
648,7,10,block_decomposition,improved,1,fiedler_sign,,3,3,2,5,0.4,0.19891867908779112,2,2 5
648,7,10,block_decomposition,improved,1,bfs_balanced,,6,6,3,4,0.75,0.6975882697893981,2,3 4
649,7,10,block_decomposition,improved,1,connected_components,,0,0,7,7,1.0,0.0,1,7
649,7,10,block_decomposition,improved,1,articulation_separator,2,3,0,1,5,0.2,0.3813629957990822,3,5 1 1
649,7,10,block_decomposition,improved,1,fiedler_median,,5,5,3,4,0.75,0.5841042652894463,2,3 4
649,7,10,block_decomposition,improved,1,fiedler_sign,,2,2,2,5,0.4,0.22007274021922069,2,5 2
649,7,10,block_decomposition,improved,1,bfs_balanced,,7,7,3,4,0.75,0.7068637838981765,2,3 4
650,7,10,block_decomposition,improved,1,connected_components,,0,0,7,7,1.0,0.0,1,7
650,7,10,block_decomposition,improved,1,articulation_separator,0,4,0,1,5,0.2,0.4579744196099753,3,5 1 1
650,7,10,block_decomposition,improved,1,fiedler_median,,4,4,3,4,0.75,0.5715157642910672,2,3 4
650,7,10,block_decomposition,improved,1,fiedler_sign,,3,3,2,5,0.4,0.3021540452162267,2,5 2
650,7,10,block_decomposition,improved,1,bfs_balanced,,5,5,3,4,0.75,0.5715157642910673,2,3 4
651,7,10,block_decomposition,improved,1,connected_components,,0,0,7,7,1.0,0.0,1,7
651,7,10,block_decomposition,improved,1,articulation_separator,5,4,0,1,5,0.2,0.41346125991888316,3,5 1 1
651,7,10,block_decomposition,improved,1,fiedler_median,,4,4,3,4,0.75,0.5404779814755496,2,3 4
651,7,10,block_decomposition,improved,1,fiedler_sign,,3,3,2,5,0.4,0.2792587694513044,2,2 5
651,7,10,block_decomposition,improved,1,bfs_balanced,,5,5,3,4,0.75,0.6170348935987275,2,3 4
652,7,10,block_decomposition,improved,1,connected_components,,0,0,7,7,1.0,0.0,1,7
652,7,10,block_decomposition,improved,1,articulation_separator,1,4,0,1,5,0.2,0.4615859556356824,3,5 1 1
652,7,10,block_decomposition,improved,1,fiedler_median,,3,3,3,4,0.75,0.5739789017042963,2,3 4
652,7,10,block_decomposition,improved,1,fiedler_sign,,3,3,2,5,0.4,0.27551193416494735,2,5 2
652,7,10,block_decomposition,improved,1,bfs_balanced,,7,7,3,4,0.75,0.6775496482793791,2,3 4
653,7,10,block_decomposition,improved,1,connected_components,,0,0,7,7,1.0,0.0,1,7
653,7,10,block_decomposition,improved,1,articulation_separator,3,3,0,1,5,0.2,0.40526519832775204,3,5 1 1
653,7,10,block_decomposition,improved,1,fiedler_median,,4,4,3,4,0.75,0.449173725717503,2,3 4
653,7,10,block_decomposition,improved,1,fiedler_sign,,2,2,3,4,0.75,0.30078822025934787,2,4 3
653,7,10,block_decomposition,improved,1,bfs_balanced,,5,5,3,4,0.75,0.4491737257175031,2,3 4
654,7,10,block_decomposition,improved,2,connected_components,,0,0,7,7,1.0,0.0,1,7
654,7,10,block_decomposition,improved,2,articulation_separator,2,4,0,2,4,0.5,0.27765288199818455,3,2 4 1
654,7,10,block_decomposition,improved,2,fiedler_median,,5,5,3,4,0.75,0.49836423181336137,2,3 4
654,7,10,block_decomposition,improved,2,fiedler_sign,,1,1,2,5,0.4,0.08493426351505365,2,5 2
654,7,10,block_decomposition,improved,2,bfs_balanced,,5,5,3,4,0.75,0.7238108285149931,2,3 4
655,7,10,block_decomposition,improved,1,connected_components,,0,0,7,7,1.0,0.0,1,7
655,7,10,block_decomposition,improved,1,articulation_separator,1,4,0,1,5,0.2,0.4876672662501383,3,1 5 1
655,7,10,block_decomposition,improved,1,fiedler_median,,5,5,3,4,0.75,0.4069355334542243,2,3 4
655,7,10,block_decomposition,improved,1,fiedler_sign,,3,3,2,5,0.4,0.20195298053585267,2,5 2
655,7,10,block_decomposition,improved,1,bfs_balanced,,5,5,3,4,0.75,0.4069355334542243,2,3 4
656,7,10,block_decomposition,improved,1,connected_components,,0,0,7,7,1.0,0.0,1,7
656,7,10,block_decomposition,improved,1,articulation_separator,0,4,0,1,5,0.2,0.4273789332304168,3,5 1 1
656,7,10,block_decomposition,improved,1,fiedler_median,,4,4,3,4,0.75,0.5157668002481514,2,3 4
656,7,10,block_decomposition,improved,1,fiedler_sign,,3,3,2,5,0.4,0.26746490175218735,2,5 2
656,7,10,block_decomposition,improved,1,bfs_balanced,,5,5,3,4,0.75,0.5157668002481514,2,3 4
657,7,10,block_decomposition,improved,1,connected_components,,0,0,7,7,1.0,0.0,1,7
657,7,10,block_decomposition,improved,1,articulation_separator,3,4,0,1,5,0.2,0.45325556847562615,3,5 1 1
657,7,10,block_decomposition,improved,1,fiedler_median,,3,3,3,4,0.75,0.32390808692031686,2,3 4
657,7,10,block_decomposition,improved,1,fiedler_sign,,3,3,2,5,0.4,0.31371253570705326,2,2 5
657,7,10,block_decomposition,improved,1,bfs_balanced,,7,7,3,4,0.75,0.7248884360302318,2,3 4
658,7,10,block_decomposition,improved,1,connected_components,,0,0,7,7,1.0,0.0,1,7
658,7,10,block_decomposition,improved,1,articulation_separator,2,4,0,1,5,0.2,0.4296031660796948,3,5 1 1
658,7,10,block_decomposition,improved,1,fiedler_median,,3,3,3,4,0.75,0.5120166552601032,2,3 4
658,7,10,block_decomposition,improved,1,fiedler_sign,,3,3,2,5,0.4,0.3691370708646828,2,5 2
658,7,10,block_decomposition,improved,1,bfs_balanced,,6,6,3,4,0.75,0.7431046509100108,2,3 4
659,7,10,block_decomposition,improved,2,connected_components,,0,0,7,7,1.0,0.0,1,7
659,7,10,block_decomposition,improved,2,articulation_separator,5,3,0,2,4,0.5,0.27147609651528753,3,4 2 1
659,7,10,block_decomposition,improved,2,fiedler_median,,4,4,3,4,0.75,0.3877310247385771,2,3 4
659,7,10,block_decomposition,improved,2,fiedler_sign,,1,1,2,5,0.4,0.11537113091166418,2,5 2
659,7,10,block_decomposition,improved,2,bfs_balanced,,5,5,3,4,0.75,0.451434768603207,2,3 4
660,7,10,block_decomposition,improved,1,connected_components,,0,0,7,7,1.0,0.0,1,7
660,7,10,block_decomposition,improved,1,articulation_separator,1,3,0,1,5,0.2,0.39825414696937517,3,5 1 1
660,7,10,block_decomposition,improved,1,fiedler_median,,4,4,3,4,0.75,0.38285497034480503,2,3 4
660,7,10,block_decomposition,improved,1,fiedler_sign,,2,2,2,5,0.4,0.1486139823997086,2,5 2
660,7,10,block_decomposition,improved,1,bfs_balanced,,6,6,3,4,0.75,0.6546408773476814,2,3 4
661,7,10,block_decomposition,improved,1,connected_components,,0,0,7,7,1.0,0.0,1,7
661,7,10,block_decomposition,improved,1,articulation_separator,5,3,0,1,5,0.2,0.4202558617974338,3,5 1 1
661,7,10,block_decomposition,improved,1,fiedler_median,,4,4,3,4,0.75,0.34576689425239177,2,3 4
661,7,10,block_decomposition,improved,1,fiedler_sign,,2,2,2,5,0.4,0.13454157608314815,2,5 2
661,7,10,block_decomposition,improved,1,bfs_balanced,,5,5,3,4,0.75,0.5732467724304486,2,3 4
662,7,10,block_decomposition,improved,1,connected_components,,0,0,7,7,1.0,0.0,1,7
662,7,10,block_decomposition,improved,1,articulation_separator,1,3,0,1,5,0.2,0.3698536291511772,3,5 1 1
662,7,10,block_decomposition,improved,1,fiedler_median,,4,4,3,4,0.75,0.4669839772988419,2,3 4
662,7,10,block_decomposition,improved,1,fiedler_sign,,2,2,2,5,0.4,0.15272695376082765,2,2 5
662,7,10,block_decomposition,improved,1,bfs_balanced,,6,6,3,4,0.75,0.7062563951224011,2,3 4
663,7,10,block_decomposition,improved,1,connected_components,,0,0,7,7,1.0,0.0,1,7
663,7,10,block_decomposition,improved,1,articulation_separator,1,3,0,1,5,0.2,0.4119186025673212,3,5 1 1
663,7,10,block_decomposition,improved,1,fiedler_median,,4,4,3,4,0.75,0.5013187171709731,2,3 4
663,7,10,block_decomposition,improved,1,fiedler_sign,,2,2,2,5,0.4,0.18964217495807265,2,5 2
663,7,10,block_decomposition,improved,1,bfs_balanced,,6,6,3,4,0.75,0.5608382510235884,2,3 4
664,7,10,block_decomposition,improved,1,connected_components,,0,0,7,7,1.0,0.0,1,7
664,7,10,block_decomposition,improved,1,articulation_separator,1,3,0,1,5,0.2,0.38866645199669886,3,5 1 1
664,7,10,block_decomposition,improved,1,fiedler_median,,5,5,3,4,0.75,0.4796706806943524,2,3 4
664,7,10,block_decomposition,improved,1,fiedler_sign,,2,2,2,5,0.4,0.23928702955516837,2,5 2
664,7,10,block_decomposition,improved,1,bfs_balanced,,6,6,3,4,0.75,0.5704813221788615,2,3 4
665,7,10,block_decomposition,improved,1,connected_components,,0,0,7,7,1.0,0.0,1,7
665,7,10,block_decomposition,improved,1,articulation_separator,4,3,0,1,5,0.2,0.44797150612833425,3,5 1 1
665,7,10,block_decomposition,improved,1,fiedler_median,,3,3,3,4,0.75,0.21986959347615115,2,3 4
665,7,10,block_decomposition,improved,1,fiedler_sign,,2,2,2,5,0.4,0.19789448603263862,2,2 5
665,7,10,block_decomposition,improved,1,bfs_balanced,,6,6,3,4,0.75,0.6097684701077511,2,3 4
666,7,10,block_decomposition,improved,1,connected_components,,0,0,7,7,1.0,0.0,1,7
666,7,10,block_decomposition,improved,1,articulation_separator,4,4,0,1,5,0.2,0.44115833967218565,3,5 1 1
666,7,10,block_decomposition,improved,1,fiedler_median,,3,3,3,4,0.75,0.715576324654435,2,3 4
666,7,10,block_decomposition,improved,1,fiedler_sign,,3,3,2,5,0.4,0.34945239481003126,2,5 2
666,7,10,block_decomposition,improved,1,bfs_balanced,,6,6,3,4,0.75,0.6037989915410679,2,3 4
668,7,10,block_decomposition,regressed,-2,connected_components,,0,0,7,7,1.0,0.0,1,7
668,7,10,block_decomposition,regressed,-2,articulation_separator,1,6,0,2,4,0.5,0.514653454923886,3,4 2 1
668,7,10,block_decomposition,regressed,-2,fiedler_median,,4,4,3,4,0.75,0.371726064219526,2,3 4
668,7,10,block_decomposition,regressed,-2,fiedler_sign,,4,4,3,4,0.75,0.371726064219526,2,3 4
668,7,10,block_decomposition,regressed,-2,bfs_balanced,,8,8,3,4,0.75,0.891178382122681,2,3 4
669,7,10,generic_planar_three_color_yes,tied,0,connected_components,,0,0,7,7,1.0,0.0,1,7
669,7,10,generic_planar_three_color_yes,tied,0,fiedler_median,,5,5,3,4,0.75,0.44029201585679684,2,3 4
669,7,10,generic_planar_three_color_yes,tied,0,fiedler_sign,,2,2,2,5,0.4,0.36373510373361906,2,2 5
669,7,10,generic_planar_three_color_yes,tied,0,bfs_balanced,,5,5,3,4,0.75,0.6494493894479045,2,3 4
670,7,10,bipartite,tied,0,connected_components,,0,0,7,7,1.0,0.0,1,7
670,7,10,bipartite,tied,0,fiedler_median,,8,8,3,4,0.75,0.4994468850843669,2,3 4
670,7,10,bipartite,tied,0,fiedler_sign,,2,2,1,6,0.16666666666666666,0.09538586726348254,2,1 6
670,7,10,bipartite,tied,0,bfs_balanced,,5,5,3,4,0.75,0.8126972614207421,2,3 4
671,7,10,block_decomposition,regressed,-2,connected_components,,0,0,7,7,1.0,0.0,1,7
671,7,10,block_decomposition,regressed,-2,articulation_separator,6,6,0,2,4,0.5,0.524372484318433,3,4 2 1
671,7,10,block_decomposition,regressed,-2,fiedler_median,,4,4,3,4,0.75,0.39776913544139353,2,3 4
671,7,10,block_decomposition,regressed,-2,fiedler_sign,,4,4,3,4,0.75,0.3825269820626658,2,4 3
671,7,10,block_decomposition,regressed,-2,bfs_balanced,,6,6,3,4,0.75,0.7026207759325133,2,3 4
672,7,10,block_decomposition,regressed,-2,connected_components,,0,0,7,7,1.0,0.0,1,7
672,7,10,block_decomposition,regressed,-2,articulation_separator,6,6,0,3,3,1.0,0.5205298328933418,3,3 3 1
672,7,10,block_decomposition,regressed,-2,fiedler_median,,3,3,3,4,0.75,0.1927186184831318,2,3 4
672,7,10,block_decomposition,regressed,-2,fiedler_sign,,3,3,3,4,0.75,0.1927186184831318,2,3 4
672,7,10,block_decomposition,regressed,-2,bfs_balanced,,5,5,3,4,0.75,0.35316227928565436,2,3 4
673,7,10,generic_planar_three_color_yes,tied,0,connected_components,,0,0,7,7,1.0,0.0,1,7
673,7,10,generic_planar_three_color_yes,tied,0,fiedler_median,,4,4,3,4,0.75,0.3801211857487789,2,3 4
673,7,10,generic_planar_three_color_yes,tied,0,fiedler_sign,,2,2,2,5,0.4,0.2483457374439753,2,2 5
673,7,10,generic_planar_three_color_yes,tied,0,bfs_balanced,,6,6,3,4,0.75,0.5345361711362209,2,3 4
674,7,10,generic_planar_three_color_yes,tied,0,connected_components,,0,0,7,7,1.0,0.0,1,7
674,7,10,generic_planar_three_color_yes,tied,0,fiedler_median,,3,3,3,4,0.75,0.2976009657618888,2,3 4
674,7,10,generic_planar_three_color_yes,tied,0,fiedler_sign,,3,3,3,4,0.75,0.2976009657618888,2,3 4
674,7,10,generic_planar_three_color_yes,tied,0,bfs_balanced,,6,6,3,4,0.75,0.5035352722844192,2,3 4
675,7,10,block_decomposition,regressed,-2,connected_components,,0,0,7,7,1.0,0.0,1,7
675,7,10,block_decomposition,regressed,-2,articulation_separator,6,5,0,2,4,0.5,0.46538295434611443,3,4 2 1
675,7,10,block_decomposition,regressed,-2,fiedler_median,,3,3,3,4,0.75,0.40610336556096743,2,3 4
675,7,10,block_decomposition,regressed,-2,fiedler_sign,,3,3,3,4,0.75,0.40610336556096743,2,3 4
675,7,10,block_decomposition,regressed,-2,bfs_balanced,,3,3,3,4,0.75,0.40610336556096743,2,3 4
676,7,10,generic_planar_three_color_yes,tied,0,connected_components,,0,0,7,7,1.0,0.0,1,7
676,7,10,generic_planar_three_color_yes,tied,0,fiedler_median,,4,4,3,4,0.75,0.3486259718782092,2,3 4
676,7,10,generic_planar_three_color_yes,tied,0,fiedler_sign,,3,3,3,4,0.75,0.3256663979591193,2,4 3
676,7,10,generic_planar_three_color_yes,tied,0,bfs_balanced,,4,4,3,4,0.75,0.4861100587616421,2,3 4
677,7,10,generic_planar_three_color_yes,tied,0,connected_components,,0,0,7,7,1.0,0.0,1,7
677,7,10,generic_planar_three_color_yes,tied,0,fiedler_median,,4,4,3,4,0.75,0.3254349705676557,2,3 4
677,7,10,generic_planar_three_color_yes,tied,0,fiedler_sign,,3,3,3,4,0.75,0.4507055954794184,2,4 3
677,7,10,generic_planar_three_color_yes,tied,0,bfs_balanced,,5,5,3,4,0.75,0.6111492562819413,2,3 4
678,7,10,generic_planar_three_color_yes,tied,0,connected_components,,0,0,7,7,1.0,0.0,1,7
678,7,10,generic_planar_three_color_yes,tied,0,fiedler_median,,6,6,3,4,0.75,0.4461604186833381,2,3 4
678,7,10,generic_planar_three_color_yes,tied,0,fiedler_sign,,4,4,3,4,0.75,0.5997299347832243,2,4 3
678,7,10,generic_planar_three_color_yes,tied,0,bfs_balanced,,5,5,3,4,0.75,0.6595406832651391,2,3 4
679,7,10,generic_planar_three_color_yes,tied,0,connected_components,,0,0,7,7,1.0,0.0,1,7
679,7,10,generic_planar_three_color_yes,tied,0,fiedler_median,,4,4,3,4,0.75,0.4881346499736231,2,3 4
679,7,10,generic_planar_three_color_yes,tied,0,fiedler_sign,,2,2,2,5,0.4,0.21183739903098192,2,2 5
679,7,10,generic_planar_three_color_yes,tied,0,bfs_balanced,,6,6,3,4,0.75,0.6556849192366743,2,3 4
680,7,10,generic_planar_three_color_yes,tied,0,connected_components,,0,0,7,7,1.0,0.0,1,7
680,7,10,generic_planar_three_color_yes,tied,0,fiedler_median,,4,4,3,4,0.75,0.535527208992406,2,3 4
680,7,10,generic_planar_three_color_yes,tied,0,fiedler_sign,,4,4,3,4,0.75,0.535527208992406,2,3 4
680,7,10,generic_planar_three_color_yes,tied,0,bfs_balanced,,4,4,3,4,0.75,0.5259494466995962,2,3 4
681,7,10,block_decomposition,regressed,-2,connected_components,,0,0,7,7,1.0,0.0,1,7
681,7,10,block_decomposition,regressed,-2,articulation_separator,2,4,0,2,4,0.5,0.36893595956272984,3,4 2 1
681,7,10,block_decomposition,regressed,-2,fiedler_median,,2,2,3,4,0.75,0.2590517824628691,2,3 4
681,7,10,block_decomposition,regressed,-2,fiedler_sign,,2,2,3,4,0.75,0.2590517824628691,2,3 4
681,7,10,block_decomposition,regressed,-2,bfs_balanced,,6,6,3,4,0.75,0.5293796203652529,2,3 4
682,7,10,generic_planar_three_color_yes,tied,0,connected_components,,0,0,7,7,1.0,0.0,1,7
682,7,10,generic_planar_three_color_yes,tied,0,fiedler_median,,3,3,3,4,0.75,0.39586735969256404,2,3 4
682,7,10,generic_planar_three_color_yes,tied,0,fiedler_sign,,3,3,3,4,0.75,0.39586735969256404,2,3 4
682,7,10,generic_planar_three_color_yes,tied,0,bfs_balanced,,4,4,3,4,0.75,0.47908275316610965,2,3 4
683,7,10,generic_planar_three_color_yes,tied,0,connected_components,,0,0,7,7,1.0,0.0,1,7
683,7,10,generic_planar_three_color_yes,tied,0,fiedler_median,,3,3,3,4,0.75,0.39335263027318573,2,3 4
683,7,10,generic_planar_three_color_yes,tied,0,fiedler_sign,,3,3,3,4,0.75,0.39335263027318573,2,3 4
683,7,10,generic_planar_three_color_yes,tied,0,bfs_balanced,,5,5,3,4,0.75,0.48634829750434,2,3 4
684,7,10,generic_planar_three_color_yes,tied,0,connected_components,,0,0,7,7,1.0,0.0,1,7
684,7,10,generic_planar_three_color_yes,tied,0,fiedler_median,,3,3,3,4,0.75,0.32794150976134734,2,3 4
684,7,10,generic_planar_three_color_yes,tied,0,fiedler_sign,,3,3,3,4,0.75,0.32794150976134734,2,3 4
684,7,10,generic_planar_three_color_yes,tied,0,bfs_balanced,,4,4,3,4,0.75,0.46846316181744985,2,3 4
685,7,10,generic_planar_three_color_yes,tied,0,connected_components,,0,0,7,7,1.0,0.0,1,7
685,7,10,generic_planar_three_color_yes,tied,0,fiedler_median,,4,4,3,4,0.75,0.5259494466995954,2,3 4
685,7,10,generic_planar_three_color_yes,tied,0,fiedler_sign,,4,4,3,4,0.75,0.5259494466995954,2,3 4
685,7,10,generic_planar_three_color_yes,tied,0,bfs_balanced,,7,7,3,4,0.75,0.6933170003072828,2,3 4
686,7,10,block_decomposition,regressed,-2,connected_components,,0,0,7,7,1.0,0.0,1,7
686,7,10,block_decomposition,regressed,-2,articulation_separator,0,5,0,2,4,0.5,0.48208183584021835,3,4 2 1
686,7,10,block_decomposition,regressed,-2,fiedler_median,,4,4,3,4,0.75,0.27501457341537333,2,3 4
686,7,10,block_decomposition,regressed,-2,fiedler_sign,,3,3,3,4,0.75,0.36373510373361967,2,4 3
686,7,10,block_decomposition,regressed,-2,bfs_balanced,,7,7,3,4,0.75,0.6494493894479055,2,3 4
687,7,10,block_decomposition,regressed,-2,connected_components,,0,0,7,7,1.0,0.0,1,7
687,7,10,block_decomposition,regressed,-2,articulation_separator,0,5,0,2,4,0.5,0.4169453650173121,3,4 2 1
687,7,10,block_decomposition,regressed,-2,fiedler_median,,3,3,3,4,0.75,0.3903737491145377,2,3 4
687,7,10,block_decomposition,regressed,-2,fiedler_sign,,3,3,3,4,0.75,0.3903737491145377,2,4 3
687,7,10,block_decomposition,regressed,-2,bfs_balanced,,6,6,3,4,0.75,0.632398708578012,2,3 4
688,7,10,block_decomposition,regressed,-2,connected_components,,0,0,7,7,1.0,0.0,1,7
688,7,10,block_decomposition,regressed,-2,articulation_separator,6,5,0,3,3,1.0,0.423026689079686,3,3 3 1
688,7,10,block_decomposition,regressed,-2,fiedler_median,,3,3,3,4,0.75,0.27560136841597976,2,3 4
688,7,10,block_decomposition,regressed,-2,fiedler_sign,,2,2,3,4,0.75,0.2912531319005402,2,4 3
688,7,10,block_decomposition,regressed,-2,bfs_balanced,,4,4,3,4,0.75,0.451696792703063,2,3 4
689,7,10,block_decomposition,improved,7,connected_components,,0,0,7,7,1.0,0.0,1,7
689,7,10,block_decomposition,improved,7,articulation_separator,1,5,0,3,3,1.0,0.38607873200107096,3,3 3 1
689,7,10,block_decomposition,improved,7,fiedler_median,,3,3,3,4,0.75,0.34929995580132916,2,3 4
689,7,10,block_decomposition,improved,7,fiedler_sign,,2,2,3,4,0.75,0.23095322369473054,2,4 3
689,7,10,block_decomposition,improved,7,bfs_balanced,,6,6,3,4,0.75,0.6717930177153565,2,3 4
690,7,10,generic_planar_three_color_yes,tied,0,connected_components,,0,0,7,7,1.0,0.0,1,7
690,7,10,generic_planar_three_color_yes,tied,0,fiedler_median,,3,3,3,4,0.75,0.374977388803232,2,3 4
690,7,10,generic_planar_three_color_yes,tied,0,fiedler_sign,,3,3,3,4,0.75,0.21986959347615112,2,4 3
690,7,10,generic_planar_three_color_yes,tied,0,bfs_balanced,,6,6,3,4,0.75,0.5476808078863611,2,3 4
691,7,10,generic_planar_three_color_yes,tied,0,connected_components,,0,0,7,7,1.0,0.0,1,7
691,7,10,generic_planar_three_color_yes,tied,0,fiedler_median,,5,5,3,4,0.75,0.4904844979971012,2,3 4
691,7,10,generic_planar_three_color_yes,tied,0,fiedler_sign,,3,3,3,4,0.75,0.3974888307659468,2,4 3
691,7,10,generic_planar_three_color_yes,tied,0,bfs_balanced,,5,5,3,4,0.75,0.4904844979971012,2,3 4
692,7,10,generic_planar_three_color_yes,tied,0,connected_components,,0,0,7,7,1.0,0.0,1,7
692,7,10,generic_planar_three_color_yes,tied,0,fiedler_median,,4,4,3,4,0.75,0.4440434744702912,2,3 4
692,7,10,generic_planar_three_color_yes,tied,0,fiedler_sign,,4,4,3,4,0.75,0.5815275613537244,2,4 3
692,7,10,generic_planar_three_color_yes,tied,0,bfs_balanced,,4,4,3,4,0.75,0.4869155251018843,2,3 4
693,7,10,generic_planar_three_color_yes,tied,0,connected_components,,0,0,7,7,1.0,0.0,1,7
693,7,10,generic_planar_three_color_yes,tied,0,fiedler_median,,4,4,3,4,0.75,0.45633065053550625,2,3 4
693,7,10,generic_planar_three_color_yes,tied,0,fiedler_sign,,2,2,2,5,0.4,0.22028995642425855,2,5 2
693,7,10,generic_planar_three_color_yes,tied,0,bfs_balanced,,6,6,3,4,0.75,0.6236982041431933,2,3 4
694,7,10,generic_planar_three_color_yes,tied,0,connected_components,,0,0,7,7,1.0,0.0,1,7
694,7,10,generic_planar_three_color_yes,tied,0,fiedler_median,,3,3,3,4,0.75,0.4555436233940423,2,3 4
694,7,10,generic_planar_three_color_yes,tied,0,fiedler_sign,,3,3,3,4,0.75,0.4555436233940423,2,3 4
694,7,10,generic_planar_three_color_yes,tied,0,bfs_balanced,,3,3,3,4,0.75,0.4555436233940422,2,3 4
695,7,10,generic_planar_three_color_yes,tied,0,connected_components,,0,0,7,7,1.0,0.0,1,7
695,7,10,generic_planar_three_color_yes,tied,0,fiedler_median,,3,3,3,4,0.75,0.36438739226762984,2,3 4
695,7,10,generic_planar_three_color_yes,tied,0,fiedler_sign,,4,4,3,4,0.75,0.5248310530701528,2,4 3
695,7,10,generic_planar_three_color_yes,tied,0,bfs_balanced,,4,4,3,4,0.75,0.4773412981228625,2,3 4
696,7,10,block_decomposition,regressed,-2,connected_components,,0,0,7,7,1.0,0.0,1,7
696,7,10,block_decomposition,regressed,-2,articulation_separator,0,4,0,2,4,0.5,0.4284277200587607,3,2 4 1
696,7,10,block_decomposition,regressed,-2,fiedler_median,,3,3,3,4,0.75,0.3563972443922553,2,3 4
696,7,10,block_decomposition,regressed,-2,fiedler_sign,,2,2,3,4,0.75,0.29861541289793914,2,4 3
696,7,10,block_decomposition,regressed,-2,bfs_balanced,,6,6,3,4,0.75,0.637892202362372,2,3 4
697,7,10,generic_planar_three_color_yes,tied,0,connected_components,,0,0,7,7,1.0,0.0,1,7
697,7,10,generic_planar_three_color_yes,tied,0,fiedler_median,,5,5,3,4,0.75,0.6050504121698933,2,3 4
697,7,10,generic_planar_three_color_yes,tied,0,fiedler_sign,,3,3,2,5,0.4,0.29098518564363324,2,5 2
697,7,10,generic_planar_three_color_yes,tied,0,bfs_balanced,,4,4,3,4,0.75,0.4675663252864604,2,3 4
698,7,10,generic_planar_three_color_yes,tied,0,connected_components,,0,0,7,7,1.0,0.0,1,7
698,7,10,generic_planar_three_color_yes,tied,0,fiedler_median,,3,3,3,4,0.75,0.4141399265094793,2,3 4
698,7,10,generic_planar_three_color_yes,tied,0,fiedler_sign,,3,3,3,4,0.75,0.4141399265094793,2,3 4
698,7,10,generic_planar_three_color_yes,tied,0,bfs_balanced,,5,5,3,4,0.75,0.4514061206904803,2,3 4
699,7,10,generic_planar_three_color_yes,tied,0,connected_components,,0,0,7,7,1.0,0.0,1,7
699,7,10,generic_planar_three_color_yes,tied,0,fiedler_median,,3,3,3,4,0.75,0.5243060439241689,2,3 4
699,7,10,generic_planar_three_color_yes,tied,0,fiedler_sign,,3,3,3,4,0.75,0.5243060439241689,2,3 4
699,7,10,generic_planar_three_color_yes,tied,0,bfs_balanced,,4,4,3,4,0.75,0.3760758450933165,2,3 4
700,7,10,generic_planar_three_color_yes,tied,0,connected_components,,0,0,7,7,1.0,0.0,1,7
700,7,10,generic_planar_three_color_yes,tied,0,fiedler_median,,5,5,3,4,0.75,0.4751035030147337,2,3 4
700,7,10,generic_planar_three_color_yes,tied,0,fiedler_sign,,5,5,3,4,0.75,0.4751035030147337,2,3 4
700,7,10,generic_planar_three_color_yes,tied,0,bfs_balanced,,4,4,3,4,0.75,0.6236994699299929,2,3 4
701,7,10,generic_planar_three_color_yes,tied,0,connected_components,,0,0,7,7,1.0,0.0,1,7
701,7,10,generic_planar_three_color_yes,tied,0,fiedler_median,,4,4,3,4,0.75,0.48248570887384495,2,3 4
701,7,10,generic_planar_three_color_yes,tied,0,fiedler_sign,,4,4,3,4,0.75,0.48248570887384495,2,3 4
701,7,10,generic_planar_three_color_yes,tied,0,bfs_balanced,,4,4,3,4,0.75,0.4824857088738449,2,3 4
702,7,10,generic_planar_three_color_yes,tied,0,connected_components,,0,0,7,7,1.0,0.0,1,7
702,7,10,generic_planar_three_color_yes,tied,0,fiedler_median,,3,3,3,4,0.75,0.5650945849234926,2,3 4
702,7,10,generic_planar_three_color_yes,tied,0,fiedler_sign,,3,3,3,4,0.75,0.5650945849234925,2,4 3
702,7,10,generic_planar_three_color_yes,tied,0,bfs_balanced,,5,5,3,4,0.75,0.45588568617913366,2,3 4
703,7,10,generic_planar_three_color_yes,tied,0,connected_components,,0,0,7,7,1.0,0.0,1,7
703,7,10,generic_planar_three_color_yes,tied,0,fiedler_median,,4,4,3,4,0.75,0.4325855972832176,2,3 4
703,7,10,generic_planar_three_color_yes,tied,0,fiedler_sign,,3,3,3,4,0.75,0.34087505636844995,2,4 3
703,7,10,generic_planar_three_color_yes,tied,0,bfs_balanced,,5,5,3,4,0.75,0.43387072359960405,2,3 4
704,7,10,generic_planar_three_color_no,tied,0,connected_components,,0,0,7,7,1.0,0.0,1,7
704,7,10,generic_planar_three_color_no,tied,0,fiedler_median,,4,4,3,4,0.75,0.3437877735702562,2,3 4
704,7,10,generic_planar_three_color_no,tied,0,fiedler_sign,,2,2,3,4,0.75,0.3049583840436618,2,4 3
704,7,10,generic_planar_three_color_no,tied,0,bfs_balanced,,6,6,3,4,0.75,0.6161477018885674,2,3 4
705,7,10,generic_planar_three_color_yes,tied,0,connected_components,,0,0,7,7,1.0,0.0,1,7
705,7,10,generic_planar_three_color_yes,tied,0,fiedler_median,,4,4,3,4,0.75,0.31507858545618317,2,3 4
705,7,10,generic_planar_three_color_yes,tied,0,fiedler_sign,,4,4,3,4,0.75,0.3150785854561833,2,4 3
705,7,10,generic_planar_three_color_yes,tied,0,bfs_balanced,,6,6,3,4,0.75,0.4824461390638704,2,3 4
706,7,10,generic_planar_three_color_yes,tied,0,connected_components,,0,0,7,7,1.0,0.0,1,7
706,7,10,generic_planar_three_color_yes,tied,0,fiedler_median,,2,2,3,4,0.75,0.4554769289195361,2,3 4
706,7,10,generic_planar_three_color_yes,tied,0,fiedler_sign,,2,2,3,4,0.75,0.4554769289195361,2,3 4
706,7,10,generic_planar_three_color_yes,tied,0,bfs_balanced,,5,5,3,4,0.75,0.47338005089108565,2,3 4
707,7,10,generic_planar_three_color_yes,tied,0,connected_components,,0,0,7,7,1.0,0.0,1,7
707,7,10,generic_planar_three_color_yes,tied,0,fiedler_median,,6,6,3,4,0.75,0.4938366288050081,2,3 4
707,7,10,generic_planar_three_color_yes,tied,0,fiedler_sign,,2,2,2,5,0.4,0.2248818564051529,2,5 2
707,7,10,generic_planar_three_color_yes,tied,0,bfs_balanced,,5,5,3,4,0.75,0.6378415344995546,2,3 4
708,7,10,bipartite,tied,0,connected_components,,0,0,7,7,1.0,0.0,1,7
708,7,10,bipartite,tied,0,fiedler_median,,4,4,3,4,0.75,0.4280671701408697,2,3 4
708,7,10,bipartite,tied,0,fiedler_sign,,4,4,3,4,0.75,0.4280671701408697,2,3 4
708,7,10,bipartite,tied,0,bfs_balanced,,5,5,3,4,0.75,0.7137814558551553,2,3 4
709,7,10,generic_planar_three_color_yes,tied,0,connected_components,,0,0,7,7,1.0,0.0,1,7
709,7,10,generic_planar_three_color_yes,tied,0,fiedler_median,,4,4,3,4,0.75,0.5547853210168227,2,3 4
709,7,10,generic_planar_three_color_yes,tied,0,fiedler_sign,,3,3,3,4,0.75,0.39434166021429956,2,4 3
709,7,10,generic_planar_three_color_yes,tied,0,bfs_balanced,,4,4,3,4,0.75,0.5547853210168227,2,3 4
710,7,10,generic_planar_three_color_yes,tied,0,connected_components,,0,0,7,7,1.0,0.0,1,7
710,7,10,generic_planar_three_color_yes,tied,0,fiedler_median,,2,2,3,4,0.75,0.3625093806119333,2,3 4
710,7,10,generic_planar_three_color_yes,tied,0,fiedler_sign,,2,2,3,4,0.75,0.3625093806119333,2,3 4
710,7,10,generic_planar_three_color_yes,tied,0,bfs_balanced,,4,4,3,4,0.75,0.5229530414144562,2,3 4
711,7,10,generic_planar_three_color_yes,tied,0,connected_components,,0,0,7,7,1.0,0.0,1,7
711,7,10,generic_planar_three_color_yes,tied,0,fiedler_median,,3,3,3,4,0.75,0.48342312916658126,2,3 4
711,7,10,generic_planar_three_color_yes,tied,0,fiedler_sign,,3,3,3,4,0.75,0.48342312916658126,2,3 4
711,7,10,generic_planar_three_color_yes,tied,0,bfs_balanced,,5,5,3,4,0.75,0.5599800412897594,2,3 4
712,7,10,generic_planar_three_color_yes,tied,0,connected_components,,0,0,7,7,1.0,0.0,1,7
712,7,10,generic_planar_three_color_yes,tied,0,fiedler_median,,5,5,3,4,0.75,0.46492600004012824,2,3 4
712,7,10,generic_planar_three_color_yes,tied,0,fiedler_sign,,4,4,3,4,0.75,0.48200783232390654,2,4 3
712,7,10,generic_planar_three_color_yes,tied,0,bfs_balanced,,6,6,3,4,0.75,0.6493753859315936,2,3 4
713,7,10,generic_planar_three_color_yes,tied,0,connected_components,,0,0,7,7,1.0,0.0,1,7
713,7,10,generic_planar_three_color_yes,tied,0,fiedler_median,,4,4,3,4,0.75,0.3760119295717053,2,3 4
713,7,10,generic_planar_three_color_yes,tied,0,fiedler_sign,,3,3,3,4,0.75,0.5914275388573137,2,4 3
713,7,10,generic_planar_three_color_yes,tied,0,bfs_balanced,,5,5,3,4,0.75,0.5134960164551384,2,3 4
714,7,10,generic_planar_three_color_yes,tied,0,connected_components,,0,0,7,7,1.0,0.0,1,7
714,7,10,generic_planar_three_color_yes,tied,0,fiedler_median,,4,4,3,4,0.75,0.4138292718658964,2,3 4
714,7,10,generic_planar_three_color_yes,tied,0,fiedler_sign,,2,2,2,5,0.4,0.21004614125657264,2,5 2
714,7,10,generic_planar_three_color_yes,tied,0,bfs_balanced,,6,6,3,4,0.75,0.535546929355667,2,3 4
715,7,10,generic_planar_three_color_yes,tied,0,connected_components,,0,0,7,7,1.0,0.0,1,7
715,7,10,generic_planar_three_color_yes,tied,0,fiedler_median,,5,5,3,4,0.75,0.4176313224724822,2,3 4
715,7,10,generic_planar_three_color_yes,tied,0,fiedler_sign,,3,3,3,4,0.75,0.36637379475401854,2,4 3
715,7,10,generic_planar_three_color_yes,tied,0,bfs_balanced,,5,5,3,4,0.75,0.5616362281670287,2,3 4
716,7,10,generic_planar_three_color_yes,tied,0,connected_components,,0,0,7,7,1.0,0.0,1,7
716,7,10,generic_planar_three_color_yes,tied,0,fiedler_median,,3,3,3,4,0.75,0.44430163929597727,2,3 4
716,7,10,generic_planar_three_color_yes,tied,0,fiedler_sign,,3,3,3,4,0.75,0.44430163929597727,2,3 4
716,7,10,generic_planar_three_color_yes,tied,0,bfs_balanced,,3,3,3,4,0.75,0.44430163929597705,2,3 4
717,7,10,generic_planar_three_color_yes,tied,0,connected_components,,0,0,7,7,1.0,0.0,1,7
717,7,10,generic_planar_three_color_yes,tied,0,fiedler_median,,4,4,3,4,0.75,0.6158808088771475,2,3 4
717,7,10,generic_planar_three_color_yes,tied,0,fiedler_sign,,4,4,3,4,0.75,0.47839672199371464,2,4 3
717,7,10,generic_planar_three_color_yes,tied,0,bfs_balanced,,4,4,3,4,0.75,0.46328213651191863,2,3 4
718,7,10,generic_planar_three_color_yes,tied,0,connected_components,,0,0,7,7,1.0,0.0,1,7
718,7,10,generic_planar_three_color_yes,tied,0,fiedler_median,,3,3,3,4,0.75,0.4347177652111734,2,3 4
718,7,10,generic_planar_three_color_yes,tied,0,fiedler_sign,,3,3,3,4,0.75,0.39262083651524904,2,4 3
718,7,10,generic_planar_three_color_yes,tied,0,bfs_balanced,,5,5,3,4,0.75,0.43471776521117345,2,3 4
719,7,10,generic_planar_three_color_yes,tied,0,connected_components,,0,0,7,7,1.0,0.0,1,7
719,7,10,generic_planar_three_color_yes,tied,0,fiedler_median,,4,4,3,4,0.75,0.6061483900200254,2,3 4
719,7,10,generic_planar_three_color_yes,tied,0,fiedler_sign,,4,4,3,4,0.75,0.6061483900200254,2,4 3
719,7,10,generic_planar_three_color_yes,tied,0,bfs_balanced,,4,4,3,4,0.75,0.6061483900200254,2,3 4
720,7,10,generic_planar_three_color_yes,tied,0,connected_components,,0,0,7,7,1.0,0.0,1,7
720,7,10,generic_planar_three_color_yes,tied,0,fiedler_median,,4,4,3,4,0.75,0.40218110380796096,2,3 4
720,7,10,generic_planar_three_color_yes,tied,0,fiedler_sign,,3,3,3,4,0.75,0.47439936807948513,2,4 3
720,7,10,generic_planar_three_color_yes,tied,0,bfs_balanced,,6,6,3,4,0.75,0.5723298524831799,2,3 4
721,7,10,generic_planar_three_color_yes,tied,0,connected_components,,0,0,7,7,1.0,0.0,1,7
721,7,10,generic_planar_three_color_yes,tied,0,fiedler_median,,3,3,3,4,0.75,0.46611468901754755,2,3 4
721,7,10,generic_planar_three_color_yes,tied,0,fiedler_sign,,3,3,3,4,0.75,0.46611468901754755,2,3 4
721,7,10,generic_planar_three_color_yes,tied,0,bfs_balanced,,5,5,3,4,0.75,0.398666695446179,2,3 4
722,7,10,generic_planar_three_color_yes,tied,0,connected_components,,0,0,7,7,1.0,0.0,1,7
722,7,10,generic_planar_three_color_yes,tied,0,fiedler_median,,4,4,3,4,0.75,0.5714285714285715,2,3 4
722,7,10,generic_planar_three_color_yes,tied,0,fiedler_sign,,4,4,3,4,0.75,0.5714285714285715,2,4 3
722,7,10,generic_planar_three_color_yes,tied,0,bfs_balanced,,4,4,3,4,0.75,0.5714285714285714,2,3 4
723,7,10,bipartite,tied,0,connected_components,,0,0,7,7,1.0,0.0,1,7
723,7,10,bipartite,tied,0,fiedler_median,,5,5,3,4,0.75,0.6061173717759559,2,3 4
723,7,10,bipartite,tied,0,fiedler_sign,,5,5,3,4,0.75,0.6061173717759559,2,3 4
723,7,10,bipartite,tied,0,bfs_balanced,,6,6,3,4,0.75,0.5914432842839241,2,3 4
724,7,10,block_decomposition,regressed,-2,connected_components,,0,0,7,7,1.0,0.0,1,7
724,7,10,block_decomposition,regressed,-2,articulation_separator,6,4,0,3,3,1.0,0.28571428571428553,3,3 3 1
724,7,10,block_decomposition,regressed,-2,fiedler_median,,2,2,3,4,0.75,0.12527062491176294,2,3 4
724,7,10,block_decomposition,regressed,-2,fiedler_sign,,2,2,3,4,0.75,0.12527062491176294,2,3 4
724,7,10,block_decomposition,regressed,-2,bfs_balanced,,6,6,3,4,0.75,0.7387961250362584,2,3 4
725,7,10,block_decomposition,regressed,-2,connected_components,,0,0,7,7,1.0,0.0,1,7
725,7,10,block_decomposition,regressed,-2,articulation_separator,2,4,0,2,4,0.5,0.3577296256684293,3,4 2 1
725,7,10,block_decomposition,regressed,-2,fiedler_median,,2,2,3,4,0.75,0.2765039335200027,2,3 4
725,7,10,block_decomposition,regressed,-2,fiedler_sign,,2,2,3,4,0.75,0.2765039335200027,2,3 4
725,7,10,block_decomposition,regressed,-2,bfs_balanced,,6,6,3,4,0.75,0.6855408400786392,2,3 4
726,7,10,block_decomposition,improved,3,connected_components,,0,0,7,7,1.0,0.0,1,7
726,7,10,block_decomposition,improved,3,articulation_separator,1,4,0,3,3,1.0,0.32139583421845,3,3 3 1
726,7,10,block_decomposition,improved,3,fiedler_median,,1,1,3,4,0.75,0.21758776623768308,2,3 4
726,7,10,block_decomposition,improved,3,fiedler_sign,,1,1,3,4,0.75,0.21758776623768308,2,3 4
726,7,10,block_decomposition,improved,3,bfs_balanced,,6,6,3,4,0.75,0.7744776735404221,2,3 4
727,7,10,generic_planar_three_color_yes,tied,0,connected_components,,0,0,7,7,1.0,0.0,1,7
727,7,10,generic_planar_three_color_yes,tied,0,fiedler_median,,3,3,3,4,0.75,0.5436925016061236,2,3 4
727,7,10,generic_planar_three_color_yes,tied,0,fiedler_sign,,4,4,3,4,0.75,0.40620841472269037,2,4 3
727,7,10,generic_planar_three_color_yes,tied,0,bfs_balanced,,5,5,3,4,0.75,0.44124867378037863,2,3 4
728,7,10,generic_planar_three_color_yes,tied,0,connected_components,,0,0,7,7,1.0,0.0,1,7
728,7,10,generic_planar_three_color_yes,tied,0,fiedler_median,,3,3,3,4,0.75,0.35661522925072664,2,3 4
728,7,10,generic_planar_three_color_yes,tied,0,fiedler_sign,,2,2,3,4,0.75,0.3336556553316367,2,4 3
728,7,10,generic_planar_three_color_yes,tied,0,bfs_balanced,,5,5,3,4,0.75,0.5468397994861832,2,3 4
729,7,10,generic_planar_three_color_yes,tied,0,connected_components,,0,0,7,7,1.0,0.0,1,7
729,7,10,generic_planar_three_color_yes,tied,0,fiedler_median,,3,3,3,4,0.75,0.6365945872414019,2,3 4
729,7,10,generic_planar_three_color_yes,tied,0,fiedler_sign,,3,3,3,4,0.75,0.6365945872414019,2,3 4
729,7,10,generic_planar_three_color_yes,tied,0,bfs_balanced,,5,5,3,4,0.75,0.4209163948391809,2,3 4
732,7,11,block_decomposition,improved,1,connected_components,,0,0,1,6,0.16666666666666666,0.0,2,6 1
733,7,11,block_decomposition,improved,1,connected_components,,0,0,1,6,0.16666666666666666,0.0,2,6 1
735,7,11,block_decomposition,improved,1,connected_components,,0,0,1,6,0.16666666666666666,0.0,2,6 1
736,7,11,block_decomposition,improved,1,connected_components,,0,0,1,6,0.16666666666666666,0.0,2,1 6
738,7,11,block_decomposition,improved,1,connected_components,,0,0,1,6,0.16666666666666666,0.0,2,6 1
740,7,11,block_decomposition,improved,6,connected_components,,0,0,7,7,1.0,0.0,1,7
740,7,11,block_decomposition,improved,6,articulation_separator,4,6,0,1,4,0.25,0.5507816454289283,4,4 1 1 1
740,7,11,block_decomposition,improved,6,fiedler_median,,7,7,3,4,0.75,0.6754981588243693,2,3 4
740,7,11,block_decomposition,improved,6,fiedler_sign,,5,5,2,5,0.4,0.4196687582188172,2,2 5
740,7,11,block_decomposition,improved,6,bfs_balanced,,7,7,3,4,0.75,0.5081306052166824,2,3 4
741,7,11,block_decomposition,improved,6,connected_components,,0,0,7,7,1.0,0.0,1,7
741,7,11,block_decomposition,improved,6,articulation_separator,3,5,0,1,5,0.2,0.4604866413847667,3,5 1 1
741,7,11,block_decomposition,improved,6,fiedler_median,,6,6,3,4,0.75,0.6520189618777515,2,3 4
741,7,11,block_decomposition,improved,6,fiedler_sign,,4,4,2,5,0.4,0.31017203663568743,2,2 5
741,7,11,block_decomposition,improved,6,bfs_balanced,,6,6,3,4,0.75,0.5754620497545736,2,3 4
742,7,11,block_decomposition,improved,6,connected_components,,0,0,7,7,1.0,0.0,1,7
742,7,11,block_decomposition,improved,6,articulation_separator,2,4,0,1,5,0.2,0.41090502105389864,3,5 1 1
742,7,11,block_decomposition,improved,6,fiedler_median,,5,5,3,4,0.75,0.48380416465849435,2,3 4
742,7,11,block_decomposition,improved,6,fiedler_sign,,3,3,2,5,0.4,0.3085296633374285,2,2 5
742,7,11,block_decomposition,improved,6,bfs_balanced,,6,6,3,4,0.75,0.6212882515419273,2,3 4
743,7,11,block_decomposition,improved,6,connected_components,,0,0,7,7,1.0,0.0,1,7
743,7,11,block_decomposition,improved,6,articulation_separator,2,5,0,1,4,0.25,0.5164431025290995,4,4 1 1 1
743,7,11,block_decomposition,improved,6,fiedler_median,,3,3,3,4,0.75,0.2913923223541391,2,3 4
743,7,11,block_decomposition,improved,6,fiedler_sign,,3,3,3,4,0.75,0.2913923223541391,2,3 4
743,7,11,block_decomposition,improved,6,bfs_balanced,,7,7,3,4,0.75,0.5164431025290995,2,3 4
744,7,11,block_decomposition,improved,6,connected_components,,0,0,7,7,1.0,0.0,1,7
744,7,11,block_decomposition,improved,6,articulation_separator,0,4,0,1,5,0.2,0.4245323059042025,3,5 1 1
744,7,11,block_decomposition,improved,6,fiedler_median,,5,5,3,4,0.75,0.5646222523759824,2,3 4
744,7,11,block_decomposition,improved,6,fiedler_sign,,3,3,2,5,0.4,0.18454874569068105,2,2 5
744,7,11,block_decomposition,improved,6,bfs_balanced,,6,6,3,4,0.75,0.5714285714285714,2,3 4
746,7,11,block_decomposition,improved,1,connected_components,,0,0,7,7,1.0,0.0,1,7
746,7,11,block_decomposition,improved,1,articulation_separator,4,6,0,1,5,0.2,0.507052948536115,3,5 1 1
746,7,11,block_decomposition,improved,1,fiedler_median,,6,6,3,4,0.75,0.43831447812170016,2,3 4
746,7,11,block_decomposition,improved,1,fiedler_sign,,5,5,2,5,0.4,0.38799431015949254,2,5 2
746,7,11,block_decomposition,improved,1,bfs_balanced,,6,6,3,4,0.75,0.575798565005133,2,3 4
747,7,11,block_decomposition,improved,1,connected_components,,0,0,7,7,1.0,0.0,1,7
747,7,11,block_decomposition,improved,1,articulation_separator,1,6,0,1,5,0.2,0.526379158133836,3,5 1 1
747,7,11,block_decomposition,improved,1,fiedler_median,,5,5,3,4,0.75,0.4754023963166873,2,3 4
747,7,11,block_decomposition,improved,1,fiedler_sign,,1,1,1,6,0.16666666666666666,0.11244874847225494,2,6 1
747,7,11,block_decomposition,improved,1,bfs_balanced,,6,6,3,4,0.75,0.6128864832001201,2,3 4
748,7,11,block_decomposition,improved,1,connected_components,,0,0,7,7,1.0,0.0,1,7
748,7,11,block_decomposition,improved,1,articulation_separator,4,5,0,1,5,0.2,0.4975047182866007,3,5 1 1
748,7,11,block_decomposition,improved,1,fiedler_median,,5,5,3,4,0.75,0.5463194039500141,2,3 4
748,7,11,block_decomposition,improved,1,fiedler_sign,,4,4,2,5,0.4,0.27652407575837656,2,5 2
748,7,11,block_decomposition,improved,1,bfs_balanced,,5,5,3,4,0.75,0.4237976317711652,2,3 4
749,7,11,block_decomposition,improved,1,connected_components,,0,0,7,7,1.0,0.0,1,7
749,7,11,block_decomposition,improved,1,articulation_separator,1,4,0,1,5,0.2,0.44913741429288223,3,5 1 1
749,7,11,block_decomposition,improved,1,fiedler_median,,5,5,3,4,0.75,0.43937941582188816,2,3 4
749,7,11,block_decomposition,improved,1,fiedler_sign,,3,3,2,5,0.4,0.19159799346036177,2,5 2
749,7,11,block_decomposition,improved,1,bfs_balanced,,6,6,3,4,0.75,0.47731227917464736,2,3 4
750,7,11,block_decomposition,improved,1,connected_components,,0,0,7,7,1.0,0.0,1,7
750,7,11,block_decomposition,improved,1,articulation_separator,2,5,0,1,5,0.2,0.47493750200804474,3,5 1 1
750,7,11,block_decomposition,improved,1,fiedler_median,,4,4,3,4,0.75,0.5352857003516316,2,3 4
750,7,11,block_decomposition,improved,1,fiedler_sign,,4,4,2,5,0.4,0.31067463410649687,2,5 2
750,7,11,block_decomposition,improved,1,bfs_balanced,,7,7,3,4,0.75,0.7403456364125844,2,3 4
751,7,11,block_decomposition,improved,1,connected_components,,0,0,7,7,1.0,0.0,1,7
751,7,11,block_decomposition,improved,1,articulation_separator,5,4,0,1,5,0.2,0.4221060769402247,3,5 1 1
751,7,11,block_decomposition,improved,1,fiedler_median,,5,5,3,4,0.75,0.507441111295205,2,3 4
751,7,11,block_decomposition,improved,1,fiedler_sign,,3,3,2,5,0.4,0.24412787130437774,2,5 2
751,7,11,block_decomposition,improved,1,bfs_balanced,,5,5,3,4,0.75,0.507441111295205,2,3 4
752,7,11,block_decomposition,improved,1,connected_components,,0,0,7,7,1.0,0.0,1,7
752,7,11,block_decomposition,improved,1,articulation_separator,2,6,0,1,5,0.2,0.5189892930122669,3,5 1 1
752,7,11,block_decomposition,improved,1,fiedler_median,,7,7,3,4,0.75,0.7217449250596991,2,3 4
752,7,11,block_decomposition,improved,1,fiedler_sign,,1,1,1,6,0.16666666666666666,0.12311173851465165,2,1 6
752,7,11,block_decomposition,improved,1,bfs_balanced,,7,7,3,4,0.75,0.7217449250596991,2,3 4
753,7,11,block_decomposition,improved,1,connected_components,,0,0,7,7,1.0,0.0,1,7
753,7,11,block_decomposition,improved,1,articulation_separator,1,6,0,1,5,0.2,0.5232013942547623,3,5 1 1
753,7,11,block_decomposition,improved,1,fiedler_median,,4,4,3,4,0.75,0.5667679058499479,2,3 4
753,7,11,block_decomposition,improved,1,fiedler_sign,,1,1,1,6,0.16666666666666666,0.12238795826320817,2,6 1
753,7,11,block_decomposition,improved,1,bfs_balanced,,7,7,3,4,0.75,0.7232536957558692,2,3 4
754,7,11,block_decomposition,improved,1,connected_components,,0,0,7,7,1.0,0.0,1,7
754,7,11,block_decomposition,improved,1,articulation_separator,3,5,0,1,5,0.2,0.47548547669435726,3,5 1 1
754,7,11,block_decomposition,improved,1,fiedler_median,,5,5,3,4,0.75,0.4412634131848847,2,3 4
754,7,11,block_decomposition,improved,1,fiedler_sign,,4,4,2,5,0.4,0.2939898571720967,2,5 2
754,7,11,block_decomposition,improved,1,bfs_balanced,,6,6,3,4,0.75,0.5588619029554128,2,3 4
755,7,11,block_decomposition,improved,1,connected_components,,0,0,7,7,1.0,0.0,1,7
755,7,11,block_decomposition,improved,1,articulation_separator,4,5,0,1,5,0.2,0.46289035176007015,3,5 1 1
755,7,11,block_decomposition,improved,1,fiedler_median,,5,5,3,4,0.75,0.4534367497751785,2,3 4
755,7,11,block_decomposition,improved,1,fiedler_sign,,4,4,2,5,0.4,0.4092383805614362,2,2 5
755,7,11,block_decomposition,improved,1,bfs_balanced,,6,6,3,4,0.75,0.6674777487817896,2,3 4
756,7,11,block_decomposition,improved,1,connected_components,,0,0,7,7,1.0,0.0,1,7
756,7,11,block_decomposition,improved,1,articulation_separator,4,3,0,1,5,0.2,0.37119938258924423,3,1 5 1
756,7,11,block_decomposition,improved,1,fiedler_median,,6,6,3,4,0.75,0.42838119387866175,2,3 4
756,7,11,block_decomposition,improved,1,fiedler_sign,,2,2,2,5,0.4,0.16770161611825427,2,5 2
756,7,11,block_decomposition,improved,1,bfs_balanced,,6,6,3,4,0.75,0.6988772225488854,2,3 4
757,7,11,block_decomposition,improved,1,connected_components,,0,0,7,7,1.0,0.0,1,7
757,7,11,block_decomposition,improved,1,articulation_separator,0,5,0,1,5,0.2,0.47822300382807914,3,5 1 1
757,7,11,block_decomposition,improved,1,fiedler_median,,4,4,3,4,0.75,0.6559345725152319,2,3 4
757,7,11,block_decomposition,improved,1,fiedler_sign,,4,4,2,5,0.4,0.3675292997441973,2,5 2
757,7,11,block_decomposition,improved,1,bfs_balanced,,8,8,3,4,0.75,0.7498558713826847,2,3 4
758,7,11,block_decomposition,improved,1,connected_components,,0,0,7,7,1.0,0.0,1,7
758,7,11,block_decomposition,improved,1,articulation_separator,0,4,0,1,5,0.2,0.4109167068365812,3,5 1 1
758,7,11,block_decomposition,improved,1,fiedler_median,,4,4,3,4,0.75,0.5057825754589718,2,3 4
758,7,11,block_decomposition,improved,1,fiedler_sign,,3,3,2,5,0.4,0.24809644171957188,2,2 5
758,7,11,block_decomposition,improved,1,bfs_balanced,,7,7,3,4,0.75,0.7729870469206036,2,3 4
759,7,11,block_decomposition,improved,1,connected_components,,0,0,7,7,1.0,0.0,1,7
759,7,11,block_decomposition,improved,1,articulation_separator,1,5,0,1,5,0.2,0.47436022235872743,3,5 1 1
759,7,11,block_decomposition,improved,1,fiedler_median,,5,5,3,4,0.75,0.45161699695355834,2,3 4
759,7,11,block_decomposition,improved,1,fiedler_sign,,4,4,2,5,0.4,0.3098950419447875,2,5 2
759,7,11,block_decomposition,improved,1,bfs_balanced,,7,7,3,4,0.75,0.5872119699952021,2,3 4
760,7,11,block_decomposition,improved,1,connected_components,,0,0,7,7,1.0,0.0,1,7
760,7,11,block_decomposition,improved,1,articulation_separator,5,4,0,1,5,0.2,0.44276522776686156,3,5 1 1
760,7,11,block_decomposition,improved,1,fiedler_median,,4,4,3,4,0.75,0.3698892003936124,2,3 4
760,7,11,block_decomposition,improved,1,fiedler_sign,,3,3,2,5,0.4,0.2599295179184279,2,2 5
760,7,11,block_decomposition,improved,1,bfs_balanced,,6,6,3,4,0.75,0.5607472849014342,2,3 4
761,7,11,block_decomposition,improved,1,connected_components,,0,0,7,7,1.0,0.0,1,7
761,7,11,block_decomposition,improved,1,articulation_separator,0,3,0,1,5,0.2,0.3897697084754936,3,5 1 1
761,7,11,block_decomposition,improved,1,fiedler_median,,4,4,3,4,0.75,0.3954424813456594,2,3 4
761,7,11,block_decomposition,improved,1,fiedler_sign,,2,2,2,5,0.4,0.2601342637108462,2,2 5
761,7,11,block_decomposition,improved,1,bfs_balanced,,6,6,3,4,0.75,0.5558861421481822,2,3 4
762,7,11,block_decomposition,improved,1,connected_components,,0,0,7,7,1.0,0.0,1,7
762,7,11,block_decomposition,improved,1,articulation_separator,2,5,0,1,5,0.2,0.4501948491512846,3,5 1 1
762,7,11,block_decomposition,improved,1,fiedler_median,,5,5,3,4,0.75,0.5067156497059145,2,3 4
762,7,11,block_decomposition,improved,1,fiedler_sign,,4,4,2,5,0.4,0.33584185478372913,2,5 2
762,7,11,block_decomposition,improved,1,bfs_balanced,,6,6,3,4,0.75,0.626337832362448,2,3 4
763,7,11,block_decomposition,improved,3,connected_components,,0,0,7,7,1.0,0.0,1,7
763,7,11,block_decomposition,improved,3,articulation_separator,3,4,0,1,5,0.2,0.4561124393914648,3,5 1 1
763,7,11,block_decomposition,improved,3,fiedler_median,,4,4,3,4,0.75,0.4938714418223856,2,3 4
763,7,11,block_decomposition,improved,3,fiedler_sign,,3,3,2,5,0.4,0.32433402193070243,2,5 2
763,7,11,block_decomposition,improved,3,bfs_balanced,,6,6,3,4,0.75,0.5582429837445358,2,3 4
764,7,11,block_decomposition,improved,1,connected_components,,0,0,7,7,1.0,0.0,1,7
764,7,11,block_decomposition,improved,1,articulation_separator,2,5,0,1,5,0.2,0.4686704208071322,3,5 1 1
764,7,11,block_decomposition,improved,1,fiedler_median,,5,5,3,4,0.75,0.5214399396793788,2,3 4
764,7,11,block_decomposition,improved,1,fiedler_sign,,4,4,2,5,0.4,0.3315595532960152,2,5 2
764,7,11,block_decomposition,improved,1,bfs_balanced,,7,7,3,4,0.75,0.6390691785377156,2,3 4
765,7,11,block_decomposition,improved,1,connected_components,,0,0,7,7,1.0,0.0,1,7
765,7,11,block_decomposition,improved,1,articulation_separator,5,4,0,1,5,0.2,0.45953502725807244,3,5 1 1
765,7,11,block_decomposition,improved,1,fiedler_median,,5,5,3,4,0.75,0.522008899999223,2,3 4
765,7,11,block_decomposition,improved,1,fiedler_sign,,3,3,2,5,0.4,0.25143164176709837,2,5 2
765,7,11,block_decomposition,improved,1,bfs_balanced,,6,6,3,4,0.75,0.5535311458473698,2,3 4
766,7,11,block_decomposition,improved,1,connected_components,,0,0,7,7,1.0,0.0,1,7
766,7,11,block_decomposition,improved,1,articulation_separator,5,5,0,1,5,0.2,0.47809085734504037,3,5 1 1
766,7,11,block_decomposition,improved,1,fiedler_median,,4,4,3,4,0.75,0.6761551813085058,2,3 4
766,7,11,block_decomposition,improved,1,fiedler_sign,,4,4,2,5,0.4,0.30155294774679703,2,5 2
766,7,11,block_decomposition,improved,1,bfs_balanced,,6,6,3,4,0.75,0.5266869963810497,2,3 4
767,7,11,block_decomposition,improved,1,connected_components,,0,0,7,7,1.0,0.0,1,7
767,7,11,block_decomposition,improved,1,articulation_separator,5,5,0,1,5,0.2,0.4989783348084165,3,5 1 1
767,7,11,block_decomposition,improved,1,fiedler_median,,6,6,3,4,0.75,0.5138132510962915,2,3 4
767,7,11,block_decomposition,improved,1,fiedler_sign,,4,4,2,5,0.4,0.30883069817791986,2,5 2
767,7,11,block_decomposition,improved,1,bfs_balanced,,9,9,3,4,0.75,0.7947715292112972,2,3 4
768,7,11,block_decomposition,improved,6,connected_components,,0,0,7,7,1.0,0.0,1,7
768,7,11,block_decomposition,improved,6,articulation_separator,4,5,0,2,4,0.5,0.3689103433841415,3,4 2 1
768,7,11,block_decomposition,improved,6,fiedler_median,,5,5,3,4,0.75,0.5190404403039263,2,3 4
768,7,11,block_decomposition,improved,6,fiedler_sign,,1,1,2,5,0.4,0.19712831415098006,2,5 2
768,7,11,block_decomposition,improved,6,bfs_balanced,,6,6,3,4,0.75,0.6673429744551485,2,3 4
769,7,11,block_decomposition,improved,1,connected_components,,0,0,7,7,1.0,0.0,1,7
769,7,11,block_decomposition,improved,1,articulation_separator,1,4,0,1,5,0.2,0.4334348235147396,3,5 1 1
769,7,11,block_decomposition,improved,1,fiedler_median,,4,4,3,4,0.75,0.6044929103578279,2,3 4
769,7,11,block_decomposition,improved,1,fiedler_sign,,3,3,2,5,0.4,0.23468308261739548,2,5 2
769,7,11,block_decomposition,improved,1,bfs_balanced,,8,8,3,4,0.75,0.7589356116138338,2,3 4
770,7,11,block_decomposition,improved,1,connected_components,,0,0,7,7,1.0,0.0,1,7
770,7,11,block_decomposition,improved,1,articulation_separator,4,4,0,1,5,0.2,0.431294765521279,3,5 1 1
770,7,11,block_decomposition,improved,1,fiedler_median,,3,3,3,4,0.75,0.4087974985176706,2,3 4
770,7,11,block_decomposition,improved,1,fiedler_sign,,3,3,2,5,0.4,0.3101651557767323,2,2 5
770,7,11,block_decomposition,improved,1,bfs_balanced,,6,6,3,4,0.75,0.5450963886808846,2,3 4
771,7,11,block_decomposition,improved,1,connected_components,,0,0,7,7,1.0,0.0,1,7
771,7,11,block_decomposition,improved,1,articulation_separator,5,4,0,1,5,0.2,0.46039780334011526,3,5 1 1
771,7,11,block_decomposition,improved,1,fiedler_median,,5,5,3,4,0.75,0.39339000883116654,2,3 4
771,7,11,block_decomposition,improved,1,fiedler_sign,,3,3,2,5,0.4,0.19747971739975118,2,5 2
771,7,11,block_decomposition,improved,1,bfs_balanced,,6,6,3,4,0.75,0.7277004335814616,2,3 4
772,7,11,block_decomposition,improved,1,connected_components,,0,0,7,7,1.0,0.0,1,7
772,7,11,block_decomposition,improved,1,articulation_separator,4,4,0,1,5,0.2,0.41127680233890757,3,5 1 1
772,7,11,block_decomposition,improved,1,fiedler_median,,5,5,3,4,0.75,0.49499811139941746,2,3 4
772,7,11,block_decomposition,improved,1,fiedler_sign,,3,3,2,5,0.4,0.29774143116779633,2,5 2
772,7,11,block_decomposition,improved,1,bfs_balanced,,5,5,3,4,0.75,0.49499811139941746,2,3 4
773,7,11,block_decomposition,improved,1,connected_components,,0,0,7,7,1.0,0.0,1,7
773,7,11,block_decomposition,improved,1,articulation_separator,1,3,0,1,5,0.2,0.40481526974443566,3,5 1 1
773,7,11,block_decomposition,improved,1,fiedler_median,,4,4,3,4,0.75,0.4678057364343739,2,3 4
773,7,11,block_decomposition,improved,1,fiedler_sign,,2,2,2,5,0.4,0.16348334698899677,2,2 5
773,7,11,block_decomposition,improved,1,bfs_balanced,,6,6,3,4,0.75,0.5415988544422758,2,3 4
774,7,11,block_decomposition,improved,6,connected_components,,0,0,7,7,1.0,0.0,1,7
774,7,11,block_decomposition,improved,6,articulation_separator,2,4,0,2,4,0.5,0.27028434349373137,3,4 2 1
774,7,11,block_decomposition,improved,6,fiedler_median,,3,3,3,4,0.75,0.19828423344444218,2,3 4
774,7,11,block_decomposition,improved,6,fiedler_sign,,1,1,2,5,0.4,0.08578396890384865,2,2 5
774,7,11,block_decomposition,improved,6,bfs_balanced,,7,7,3,4,0.75,0.7233661828157041,2,3 4
775,7,11,block_decomposition,improved,1,connected_components,,0,0,7,7,1.0,0.0,1,7
775,7,11,block_decomposition,improved,1,articulation_separator,5,6,0,1,5,0.2,0.5266869963810495,3,5 1 1
775,7,11,block_decomposition,improved,1,fiedler_median,,6,6,3,4,0.75,0.6358201424525081,2,3 4
775,7,11,block_decomposition,improved,1,fiedler_sign,,5,5,2,5,0.4,0.4390370346302293,2,2 5
775,7,11,block_decomposition,improved,1,bfs_balanced,,6,6,3,4,0.75,0.7032681360238765,2,3 4
776,7,11,block_decomposition,improved,1,connected_components,,0,0,7,7,1.0,0.0,1,7
776,7,11,block_decomposition,improved,1,articulation_separator,1,5,0,1,5,0.2,0.48021991650309465,3,5 1 1
776,7,11,block_decomposition,improved,1,fiedler_median,,4,4,3,4,0.75,0.7543517252009201,2,3 4
776,7,11,block_decomposition,improved,1,fiedler_sign,,4,4,2,5,0.4,0.3280612422882746,2,5 2
776,7,11,block_decomposition,improved,1,bfs_balanced,,6,6,3,4,0.75,0.6061215263700672,2,3 4
777,7,11,block_decomposition,improved,1,connected_components,,0,0,7,7,1.0,0.0,1,7
777,7,11,block_decomposition,improved,1,articulation_separator,1,4,0,1,5,0.2,0.45840357720970376,3,5 1 1
777,7,11,block_decomposition,improved,1,fiedler_median,,5,5,3,4,0.75,0.6030509872935854,2,3 4
777,7,11,block_decomposition,improved,1,fiedler_sign,,3,3,2,5,0.4,0.24800771762659196,2,5 2
777,7,11,block_decomposition,improved,1,bfs_balanced,,6,6,3,4,0.75,0.6030509872935854,2,3 4
778,7,11,block_decomposition,improved,1,connected_components,,0,0,7,7,1.0,0.0,1,7
778,7,11,block_decomposition,improved,1,articulation_separator,2,3,0,1,5,0.2,0.41612801771285507,3,5 1 1
778,7,11,block_decomposition,improved,1,fiedler_median,,4,4,3,4,0.75,0.48095900511697287,2,3 4
778,7,11,block_decomposition,improved,1,fiedler_sign,,2,2,2,5,0.4,0.26230935976793823,2,5 2
778,7,11,block_decomposition,improved,1,bfs_balanced,,7,7,3,4,0.75,0.6672917464251579,2,3 4
779,7,11,block_decomposition,improved,1,connected_components,,0,0,7,7,1.0,0.0,1,7
779,7,11,block_decomposition,improved,1,articulation_separator,1,3,0,1,5,0.2,0.40839102756899476,3,5 1 1
779,7,11,block_decomposition,improved,1,fiedler_median,,5,5,3,4,0.75,0.43246744838880286,2,3 4
779,7,11,block_decomposition,improved,1,fiedler_sign,,2,2,2,5,0.4,0.16433202532674995,2,5 2
779,7,11,block_decomposition,improved,1,bfs_balanced,,7,7,3,4,0.75,0.6067758575604589,2,3 4
781,7,11,block_decomposition,improved,1,connected_components,,0,0,7,7,1.0,0.0,1,7
781,7,11,block_decomposition,improved,1,articulation_separator,1,5,0,1,5,0.2,0.45436517692392114,3,5 1 1
781,7,11,block_decomposition,improved,1,fiedler_median,,6,6,3,4,0.75,0.8097124819562206,2,3 4
781,7,11,block_decomposition,improved,1,fiedler_sign,,4,4,2,5,0.4,0.34982766230191015,2,5 2
781,7,11,block_decomposition,improved,1,bfs_balanced,,5,5,3,4,0.75,0.7147913854011191,2,3 4
782,7,11,block_decomposition,improved,1,connected_components,,0,0,7,7,1.0,0.0,1,7
782,7,11,block_decomposition,improved,1,articulation_separator,5,4,0,1,5,0.2,0.42616421236313967,3,5 1 1
782,7,11,block_decomposition,improved,1,fiedler_median,,4,4,3,4,0.75,0.48133376429172764,2,3 4
782,7,11,block_decomposition,improved,1,fiedler_sign,,3,3,2,5,0.4,0.27122893932220005,2,2 5
782,7,11,block_decomposition,improved,1,bfs_balanced,,5,5,3,4,0.75,0.5585116294106783,2,3 4
783,7,11,block_decomposition,improved,1,connected_components,,0,0,7,7,1.0,0.0,1,7
783,7,11,block_decomposition,improved,1,articulation_separator,3,4,0,1,5,0.2,0.46412399840795937,3,5 1 1
783,7,11,block_decomposition,improved,1,fiedler_median,,4,4,3,4,0.75,0.7201326630708691,2,3 4
783,7,11,block_decomposition,improved,1,fiedler_sign,,3,3,2,5,0.4,0.2685326409203369,2,5 2
783,7,11,block_decomposition,improved,1,bfs_balanced,,5,5,3,4,0.75,0.65959565603542,2,3 4
784,7,11,block_decomposition,improved,1,connected_components,,0,0,7,7,1.0,0.0,1,7
784,7,11,block_decomposition,improved,1,articulation_separator,4,3,0,1,5,0.2,0.4406826116453141,3,5 1 1
784,7,11,block_decomposition,improved,1,fiedler_median,,4,4,3,4,0.75,0.6626291671954411,2,3 4
784,7,11,block_decomposition,improved,1,fiedler_sign,,2,2,2,5,0.4,0.1549683259310286,2,5 2
784,7,11,block_decomposition,improved,1,bfs_balanced,,7,7,3,4,0.75,0.6754981588243696,2,3 4
785,7,11,block_decomposition,improved,1,connected_components,,0,0,7,7,1.0,0.0,1,7
785,7,11,block_decomposition,improved,1,articulation_separator,3,3,0,1,5,0.2,0.39052559327871844,3,5 1 1
785,7,11,block_decomposition,improved,1,fiedler_median,,3,3,3,4,0.75,0.37911447113450336,2,3 4
785,7,11,block_decomposition,improved,1,fiedler_sign,,2,2,2,5,0.4,0.25453892954715385,2,2 5
785,7,11,block_decomposition,improved,1,bfs_balanced,,6,6,3,4,0.75,0.5249435545945689,2,3 4
787,7,11,block_decomposition,improved,1,connected_components,,0,0,7,7,1.0,0.0,1,7
787,7,11,block_decomposition,improved,1,articulation_separator,2,4,0,1,5,0.2,0.46292373981117313,3,5 1 1
787,7,11,block_decomposition,improved,1,fiedler_median,,4,4,3,4,0.75,0.2971392736330069,2,3 4
787,7,11,block_decomposition,improved,1,fiedler_sign,,3,3,2,5,0.4,0.228520975156071,2,2 5
787,7,11,block_decomposition,improved,1,bfs_balanced,,5,5,3,4,0.75,0.7315488444391042,2,3 4
788,7,11,block_decomposition,improved,1,connected_components,,0,0,7,7,1.0,0.0,1,7
788,7,11,block_decomposition,improved,1,articulation_separator,0,3,0,1,5,0.2,0.37261900396651754,3,5 1 1
788,7,11,block_decomposition,improved,1,fiedler_median,,4,4,3,4,0.75,0.3836104494247217,2,3 4
788,7,11,block_decomposition,improved,1,fiedler_sign,,2,2,2,5,0.4,0.19505168466611794,2,2 5
788,7,11,block_decomposition,improved,1,bfs_balanced,,6,6,3,4,0.75,0.5313252205029765,2,3 4
790,7,11,generic_planar_three_color_yes,tied,0,connected_components,,0,0,7,7,1.0,0.0,1,7
790,7,11,generic_planar_three_color_yes,tied,0,fiedler_median,,6,6,3,4,0.75,0.3257169445450269,2,3 4
790,7,11,generic_planar_three_color_yes,tied,0,fiedler_sign,,4,4,2,5,0.4,0.20044631963326437,2,5 2
790,7,11,generic_planar_three_color_yes,tied,0,bfs_balanced,,6,6,3,4,0.75,0.6810642495773264,2,3 4
791,7,11,generic_planar_three_color_yes,tied,0,connected_components,,0,0,7,7,1.0,0.0,1,7
791,7,11,generic_planar_three_color_yes,tied,0,fiedler_median,,5,5,3,4,0.75,0.590778626609988,2,3 4
791,7,11,generic_planar_three_color_yes,tied,0,fiedler_sign,,3,3,2,5,0.4,0.30506434089570217,2,2 5
791,7,11,generic_planar_three_color_yes,tied,0,bfs_balanced,,7,7,3,4,0.75,0.590778626609988,2,3 4
792,7,11,generic_planar_three_color_yes,tied,0,connected_components,,0,0,7,7,1.0,0.0,1,7
792,7,11,generic_planar_three_color_yes,tied,0,fiedler_median,,4,4,3,4,0.75,0.4109849106260484,2,3 4
792,7,11,generic_planar_three_color_yes,tied,0,fiedler_sign,,4,4,3,4,0.75,0.4109849106260484,2,3 4
792,7,11,generic_planar_three_color_yes,tied,0,bfs_balanced,,6,6,3,4,0.75,0.5714285714285714,2,3 4
793,7,11,generic_planar_three_color_yes,tied,0,connected_components,,0,0,7,7,1.0,0.0,1,7
793,7,11,generic_planar_three_color_yes,tied,0,fiedler_median,,4,4,3,4,0.75,0.452971180924408,2,3 4
793,7,11,generic_planar_three_color_yes,tied,0,fiedler_sign,,4,4,3,4,0.75,0.452971180924408,2,3 4
793,7,11,generic_planar_three_color_yes,tied,0,bfs_balanced,,5,5,3,4,0.75,0.4759307548434979,2,3 4
794,7,11,generic_planar_three_color_yes,tied,0,connected_components,,0,0,7,7,1.0,0.0,1,7
794,7,11,generic_planar_three_color_yes,tied,0,fiedler_median,,4,4,3,4,0.75,0.3073607000035997,2,3 4
794,7,11,generic_planar_three_color_yes,tied,0,fiedler_sign,,4,4,3,4,0.75,0.3073607000035997,2,3 4
794,7,11,generic_planar_three_color_yes,tied,0,bfs_balanced,,5,5,3,4,0.75,0.4678043608061226,2,3 4
795,7,11,generic_planar_three_color_yes,tied,0,connected_components,,0,0,7,7,1.0,0.0,1,7
795,7,11,generic_planar_three_color_yes,tied,0,fiedler_median,,5,5,3,4,0.75,0.5297434189284811,2,3 4
795,7,11,generic_planar_three_color_yes,tied,0,fiedler_sign,,3,3,2,5,0.4,0.2180668767155807,2,2 5
795,7,11,generic_planar_three_color_yes,tied,0,bfs_balanced,,5,5,3,4,0.75,0.5297434189284811,2,3 4
796,7,11,block_decomposition,regressed,-2,connected_components,,0,0,7,7,1.0,0.0,1,7
796,7,11,block_decomposition,regressed,-2,articulation_separator,2,6,0,2,4,0.5,0.501011348829543,3,4 2 1
796,7,11,block_decomposition,regressed,-2,fiedler_median,,5,5,3,4,0.75,0.4342805349927402,2,3 4
796,7,11,block_decomposition,regressed,-2,fiedler_sign,,2,2,2,5,0.4,0.1655304310728478,2,5 2
796,7,11,block_decomposition,regressed,-2,bfs_balanced,,6,6,3,4,0.75,0.543645938526127,2,3 4
797,7,11,generic_planar_three_color_yes,tied,0,connected_components,,0,0,7,7,1.0,0.0,1,7
797,7,11,generic_planar_three_color_yes,tied,0,fiedler_median,,4,4,3,4,0.75,0.5925039508558154,2,3 4
797,7,11,generic_planar_three_color_yes,tied,0,fiedler_sign,,4,4,3,4,0.75,0.5925039508558154,2,3 4
797,7,11,generic_planar_three_color_yes,tied,0,bfs_balanced,,5,5,3,4,0.75,0.4339444845451384,2,3 4
798,7,11,generic_planar_three_color_yes,tied,0,connected_components,,0,0,7,7,1.0,0.0,1,7
798,7,11,generic_planar_three_color_yes,tied,0,fiedler_median,,4,4,3,4,0.75,0.4795137924605167,2,3 4
798,7,11,generic_planar_three_color_yes,tied,0,fiedler_sign,,4,4,3,4,0.75,0.4795137924605167,2,3 4
798,7,11,generic_planar_three_color_yes,tied,0,bfs_balanced,,5,5,3,4,0.75,0.5105638013197513,2,3 4
799,7,11,generic_planar_three_color_no,tied,0,connected_components,,0,0,7,7,1.0,0.0,1,7
799,7,11,generic_planar_three_color_no,tied,0,fiedler_median,,6,6,3,4,0.75,0.5266869963810499,2,3 4
799,7,11,generic_planar_three_color_no,tied,0,fiedler_sign,,2,2,2,5,0.4,0.3466358128912363,2,5 2
799,7,11,generic_planar_three_color_no,tied,0,bfs_balanced,,7,7,3,4,0.75,0.52668699638105,2,3 4
800,7,11,generic_planar_three_color_yes,tied,0,connected_components,,0,0,7,7,1.0,0.0,1,7
800,7,11,generic_planar_three_color_yes,tied,0,fiedler_median,,4,4,3,4,0.75,0.4264812047019739,2,3 4
800,7,11,generic_planar_three_color_yes,tied,0,fiedler_sign,,4,4,3,4,0.75,0.4264812047019739,2,3 4
800,7,11,generic_planar_three_color_yes,tied,0,bfs_balanced,,5,5,3,4,0.75,0.5482508331317548,2,3 4
801,7,11,generic_planar_three_color_yes,tied,0,connected_components,,0,0,7,7,1.0,0.0,1,7
801,7,11,generic_planar_three_color_yes,tied,0,fiedler_median,,6,6,3,4,0.75,0.40406101782088477,2,3 4
801,7,11,generic_planar_three_color_yes,tied,0,fiedler_sign,,4,4,2,5,0.4,0.23502580545734783,2,5 2
801,7,11,generic_planar_three_color_yes,tied,0,bfs_balanced,,5,5,3,4,0.75,0.7595258966057593,2,3 4
802,7,11,generic_planar_three_color_no,tied,0,connected_components,,0,0,7,7,1.0,0.0,1,7
802,7,11,generic_planar_three_color_no,tied,0,fiedler_median,,4,4,3,4,0.75,0.4165625229958595,2,3 4
802,7,11,generic_planar_three_color_no,tied,0,fiedler_sign,,2,2,2,5,0.4,0.3145387069537834,2,2 5
802,7,11,generic_planar_three_color_no,tied,0,bfs_balanced,,5,5,3,4,0.75,0.4395220969149494,2,3 4
803,7,11,generic_planar_three_color_yes,tied,0,connected_components,,0,0,7,7,1.0,0.0,1,7
803,7,11,generic_planar_three_color_yes,tied,0,fiedler_median,,5,5,3,4,0.75,0.602343366660924,2,3 4
803,7,11,generic_planar_three_color_yes,tied,0,fiedler_sign,,5,5,3,4,0.75,0.5633631748854289,2,4 3
803,7,11,generic_planar_three_color_yes,tied,0,bfs_balanced,,5,5,3,4,0.75,0.6023433666609238,2,3 4
804,7,11,generic_planar_three_color_yes,tied,0,connected_components,,0,0,7,7,1.0,0.0,1,7
804,7,11,generic_planar_three_color_yes,tied,0,fiedler_median,,4,4,3,4,0.75,0.4289761464446795,2,3 4
804,7,11,generic_planar_three_color_yes,tied,0,fiedler_sign,,4,4,3,4,0.75,0.574319187064304,2,4 3
804,7,11,generic_planar_three_color_yes,tied,0,bfs_balanced,,7,7,3,4,0.75,0.6690698921038202,2,3 4
805,7,11,generic_planar_three_color_yes,tied,0,connected_components,,0,0,7,7,1.0,0.0,1,7
805,7,11,generic_planar_three_color_yes,tied,0,fiedler_median,,5,5,3,4,0.75,0.6593869136982894,2,3 4
805,7,11,generic_planar_three_color_yes,tied,0,fiedler_sign,,4,4,3,4,0.75,0.4989432528957667,2,4 3
805,7,11,generic_planar_three_color_yes,tied,0,bfs_balanced,,5,5,3,4,0.75,0.5219028268148564,2,3 4
806,7,11,generic_planar_three_color_yes,tied,0,connected_components,,0,0,7,7,1.0,0.0,1,7
806,7,11,generic_planar_three_color_yes,tied,0,fiedler_median,,4,4,3,4,0.75,0.3451137668658593,2,3 4
806,7,11,generic_planar_three_color_yes,tied,0,fiedler_sign,,3,3,3,4,0.75,0.47940239803697565,2,4 3
806,7,11,generic_planar_three_color_yes,tied,0,bfs_balanced,,6,6,3,4,0.75,0.5451111787708997,2,3 4
807,7,11,generic_planar_three_color_yes,tied,0,connected_components,,0,0,7,7,1.0,0.0,1,7
807,7,11,generic_planar_three_color_yes,tied,0,fiedler_median,,4,4,3,4,0.75,0.39893651968144767,2,3 4
807,7,11,generic_planar_three_color_yes,tied,0,fiedler_sign,,5,5,3,4,0.75,0.5593801804839705,2,4 3
807,7,11,generic_planar_three_color_yes,tied,0,bfs_balanced,,5,5,3,4,0.75,0.5593801804839705,2,3 4
808,7,11,generic_planar_three_color_yes,tied,0,connected_components,,0,0,7,7,1.0,0.0,1,7
808,7,11,generic_planar_three_color_yes,tied,0,fiedler_median,,6,6,3,4,0.75,0.6651012259988186,2,3 4
808,7,11,generic_planar_three_color_yes,tied,0,fiedler_sign,,3,3,2,5,0.4,0.35342468378591846,2,5 2
808,7,11,generic_planar_three_color_yes,tied,0,bfs_balanced,,5,5,3,4,0.75,0.5276171391153857,2,3 4
809,7,11,block_decomposition,regressed,-2,connected_components,,0,0,7,7,1.0,0.0,1,7
809,7,11,block_decomposition,regressed,-2,articulation_separator,2,5,0,2,4,0.5,0.4703693985665657,3,4 2 1
809,7,11,block_decomposition,regressed,-2,fiedler_median,,3,3,3,4,0.75,0.31136736759991723,2,3 4
809,7,11,block_decomposition,regressed,-2,fiedler_sign,,3,3,3,4,0.75,0.31136736759991723,2,3 4
809,7,11,block_decomposition,regressed,-2,bfs_balanced,,6,6,3,4,0.75,0.589101918745681,2,3 4
810,7,11,generic_planar_three_color_yes,tied,0,connected_components,,0,0,7,7,1.0,0.0,1,7
810,7,11,generic_planar_three_color_yes,tied,0,fiedler_median,,4,4,3,4,0.75,0.6550876141608899,2,3 4
810,7,11,generic_planar_three_color_yes,tied,0,fiedler_sign,,4,4,3,4,0.75,0.6550876141608899,2,3 4
810,7,11,generic_planar_three_color_yes,tied,0,bfs_balanced,,6,6,3,4,0.75,0.5095630551676339,2,3 4
811,7,11,generic_planar_three_color_no,tied,0,connected_components,,0,0,7,7,1.0,0.0,1,7
811,7,11,generic_planar_three_color_no,tied,0,fiedler_median,,4,4,3,4,0.75,0.2650673597146426,2,3 4
811,7,11,generic_planar_three_color_no,tied,0,fiedler_sign,,4,4,3,4,0.75,0.42551102051716544,2,4 3
811,7,11,generic_planar_three_color_no,tied,0,bfs_balanced,,6,6,3,4,0.75,0.534644166588624,2,3 4
812,7,11,generic_planar_three_color_yes,tied,0,connected_components,,0,0,7,7,1.0,0.0,1,7
812,7,11,generic_planar_three_color_yes,tied,0,fiedler_median,,4,4,3,4,0.75,0.4256479273402181,2,3 4
812,7,11,generic_planar_three_color_yes,tied,0,fiedler_sign,,4,4,3,4,0.75,0.4677448560361425,2,4 3
812,7,11,generic_planar_three_color_yes,tied,0,bfs_balanced,,6,6,3,4,0.75,0.4677448560361425,2,3 4
813,7,11,generic_planar_three_color_yes,tied,0,connected_components,,0,0,7,7,1.0,0.0,1,7
813,7,11,generic_planar_three_color_yes,tied,0,fiedler_median,,4,4,3,4,0.75,0.41139627382393257,2,3 4
813,7,11,generic_planar_three_color_yes,tied,0,fiedler_sign,,4,4,3,4,0.75,0.41139627382393257,2,3 4
813,7,11,generic_planar_three_color_yes,tied,0,bfs_balanced,,5,5,3,4,0.75,0.4675880085296372,2,3 4
814,7,11,block_decomposition,improved,10,connected_components,,0,0,7,7,1.0,0.0,1,7
814,7,11,block_decomposition,improved,10,articulation_separator,1,6,0,3,3,1.0,0.4962403271076382,3,3 3 1
814,7,11,block_decomposition,improved,10,fiedler_median,,3,3,3,4,0.75,0.2105260413933527,2,3 4
814,7,11,block_decomposition,improved,10,fiedler_sign,,3,3,3,4,0.75,0.2601081576255327,2,4 3
814,7,11,block_decomposition,improved,10,bfs_balanced,,8,8,3,4,0.75,0.7819546128219239,2,3 4
815,7,11,block_decomposition,regressed,-2,connected_components,,0,0,7,7,1.0,0.0,1,7
815,7,11,block_decomposition,regressed,-2,articulation_separator,4,6,0,2,4,0.5,0.5081306052166824,3,4 2 1
815,7,11,block_decomposition,regressed,-2,fiedler_median,,4,4,3,4,0.75,0.42551102051716544,2,3 4
815,7,11,block_decomposition,regressed,-2,fiedler_sign,,2,2,2,5,0.4,0.15496832593102836,2,2 5
815,7,11,block_decomposition,regressed,-2,bfs_balanced,,6,6,3,4,0.75,0.7938448909309679,2,3 4
816,7,11,generic_planar_three_color_yes,tied,0,connected_components,,0,0,7,7,1.0,0.0,1,7
816,7,11,generic_planar_three_color_yes,tied,0,fiedler_median,,5,5,3,4,0.75,0.5497801967218697,2,3 4
816,7,11,generic_planar_three_color_yes,tied,0,fiedler_sign,,4,4,3,4,0.75,0.5130478202907885,2,4 3
816,7,11,generic_planar_three_color_yes,tied,0,bfs_balanced,,5,5,3,4,0.75,0.6914289535786199,2,3 4
817,7,11,generic_planar_three_color_yes,tied,0,connected_components,,0,0,7,7,1.0,0.0,1,7
817,7,11,generic_planar_three_color_yes,tied,0,fiedler_median,,4,4,3,4,0.75,0.641366733368882,2,3 4
817,7,11,generic_planar_three_color_yes,tied,0,fiedler_sign,,4,4,3,4,0.75,0.641366733368882,2,3 4
817,7,11,generic_planar_three_color_yes,tied,0,bfs_balanced,,4,4,3,4,0.75,0.641366733368882,2,3 4
818,7,11,generic_planar_three_color_yes,tied,0,connected_components,,0,0,7,7,1.0,0.0,1,7
818,7,11,generic_planar_three_color_yes,tied,0,fiedler_median,,4,4,3,4,0.75,0.44709036488886855,2,3 4
818,7,11,generic_planar_three_color_yes,tied,0,fiedler_sign,,4,4,3,4,0.75,0.44709036488886855,2,3 4
818,7,11,generic_planar_three_color_yes,tied,0,bfs_balanced,,5,5,3,4,0.75,0.6075340256913914,2,3 4
819,7,11,generic_planar_three_color_yes,tied,0,connected_components,,0,0,7,7,1.0,0.0,1,7
819,7,11,generic_planar_three_color_yes,tied,0,fiedler_median,,4,4,3,4,0.75,0.6121271966657578,2,3 4
819,7,11,generic_planar_three_color_yes,tied,0,fiedler_sign,,4,4,3,4,0.75,0.6121271966657578,2,3 4
819,7,11,generic_planar_three_color_yes,tied,0,bfs_balanced,,7,7,3,4,0.75,0.7451659005572082,2,3 4
820,7,11,generic_planar_three_color_yes,tied,0,connected_components,,0,0,7,7,1.0,0.0,1,7
820,7,11,generic_planar_three_color_yes,tied,0,fiedler_median,,5,5,3,4,0.75,0.5466822884190498,2,3 4
820,7,11,generic_planar_three_color_yes,tied,0,fiedler_sign,,4,4,3,4,0.75,0.4551716871463171,2,4 3
820,7,11,generic_planar_three_color_yes,tied,0,bfs_balanced,,7,7,3,4,0.75,0.7557683023641998,2,3 4
821,7,11,generic_planar_three_color_yes,tied,0,connected_components,,0,0,7,7,1.0,0.0,1,7
821,7,11,generic_planar_three_color_yes,tied,0,fiedler_median,,4,4,3,4,0.75,0.34640362740145186,2,3 4
821,7,11,generic_planar_three_color_yes,tied,0,fiedler_sign,,3,3,3,4,0.75,0.4214526504986943,2,4 3
821,7,11,generic_planar_three_color_yes,tied,0,bfs_balanced,,6,6,3,4,0.75,0.5068472882039748,2,3 4
822,7,11,generic_planar_three_color_yes,tied,0,connected_components,,0,0,7,7,1.0,0.0,1,7
822,7,11,generic_planar_three_color_yes,tied,0,fiedler_median,,4,4,3,4,0.75,0.4855078865287757,2,3 4
822,7,11,generic_planar_three_color_yes,tied,0,fiedler_sign,,4,4,3,4,0.75,0.4855078865287757,2,3 4
822,7,11,generic_planar_three_color_yes,tied,0,bfs_balanced,,5,5,3,4,0.75,0.5751377588250073,2,3 4
823,7,11,generic_planar_three_color_yes,tied,0,connected_components,,0,0,7,7,1.0,0.0,1,7
823,7,11,generic_planar_three_color_yes,tied,0,fiedler_median,,4,4,3,4,0.75,0.4145703605891464,2,3 4
823,7,11,generic_planar_three_color_yes,tied,0,fiedler_sign,,5,5,3,4,0.75,0.5512524284035366,2,4 3
823,7,11,generic_planar_three_color_yes,tied,0,bfs_balanced,,7,7,3,4,0.75,0.6750377565033003,2,3 4
824,7,11,generic_planar_three_color_yes,tied,0,connected_components,,0,0,7,7,1.0,0.0,1,7
824,7,11,generic_planar_three_color_yes,tied,0,fiedler_median,,6,6,3,4,0.75,0.38546530562599546,2,3 4
824,7,11,generic_planar_three_color_yes,tied,0,fiedler_sign,,4,4,3,4,0.75,0.6257616271047945,2,4 3
824,7,11,generic_planar_three_color_yes,tied,0,bfs_balanced,,4,4,3,4,0.75,0.6257616271047945,2,3 4
825,7,11,generic_planar_three_color_no,tied,0,connected_components,,0,0,7,7,1.0,0.0,1,7
825,7,11,generic_planar_three_color_no,tied,0,fiedler_median,,4,4,3,4,0.75,0.49345147812486095,2,3 4
825,7,11,generic_planar_three_color_no,tied,0,fiedler_sign,,3,3,3,4,0.75,0.32901280781534625,2,4 3
825,7,11,generic_planar_three_color_no,tied,0,bfs_balanced,,6,6,3,4,0.75,0.6484631118122504,2,3 4
826,7,11,generic_planar_three_color_no,tied,0,connected_components,,0,0,7,7,1.0,0.0,1,7
826,7,11,generic_planar_three_color_no,tied,0,fiedler_median,,4,4,3,4,0.75,0.43394448454513845,2,3 4
826,7,11,generic_planar_three_color_no,tied,0,fiedler_sign,,3,3,3,4,0.75,0.28571428571428586,2,4 3
826,7,11,generic_planar_three_color_no,tied,0,bfs_balanced,,4,4,3,4,0.75,0.4339444845451383,2,3 4
827,7,11,generic_planar_three_color_yes,tied,0,connected_components,,0,0,7,7,1.0,0.0,1,7
827,7,11,generic_planar_three_color_yes,tied,0,fiedler_median,,4,4,3,4,0.75,0.47851214055907,2,3 4
827,7,11,generic_planar_three_color_yes,tied,0,fiedler_sign,,4,4,3,4,0.75,0.47851214055907,2,3 4
827,7,11,generic_planar_three_color_yes,tied,0,bfs_balanced,,6,6,3,4,0.75,0.8425746657168692,2,3 4
828,7,11,generic_planar_three_color_yes,tied,0,connected_components,,0,0,7,7,1.0,0.0,1,7
828,7,11,generic_planar_three_color_yes,tied,0,fiedler_median,,5,5,3,4,0.75,0.46325307775760777,2,3 4
828,7,11,generic_planar_three_color_yes,tied,0,fiedler_sign,,2,2,2,5,0.4,0.2445508630631817,2,5 2
828,7,11,generic_planar_three_color_yes,tied,0,bfs_balanced,,6,6,3,4,0.75,0.8297719410125107,2,3 4
829,7,11,block_decomposition,regressed,-2,connected_components,,0,0,7,7,1.0,0.0,1,7
829,7,11,block_decomposition,regressed,-2,articulation_separator,2,5,0,2,4,0.5,0.41424007039918836,3,4 2 1
829,7,11,block_decomposition,regressed,-2,fiedler_median,,3,3,3,4,0.75,0.3832001800849528,2,3 4
829,7,11,block_decomposition,regressed,-2,fiedler_sign,,3,3,3,4,0.75,0.3832001800849528,2,3 4
829,7,11,block_decomposition,regressed,-2,bfs_balanced,,6,6,3,4,0.75,0.7135332932843115,2,3 4
830,7,11,generic_planar_three_color_yes,tied,0,connected_components,,0,0,7,7,1.0,0.0,1,7
830,7,11,generic_planar_three_color_yes,tied,0,fiedler_median,,4,4,3,4,0.75,0.5128191494294135,2,3 4
830,7,11,generic_planar_three_color_yes,tied,0,fiedler_sign,,4,4,3,4,0.75,0.5128191494294135,2,3 4
830,7,11,generic_planar_three_color_yes,tied,0,bfs_balanced,,5,5,3,4,0.75,0.6670647163483895,2,3 4
831,7,11,generic_planar_three_color_yes,tied,0,connected_components,,0,0,7,7,1.0,0.0,1,7
831,7,11,generic_planar_three_color_yes,tied,0,fiedler_median,,3,3,3,4,0.75,0.5413040719311378,2,3 4
831,7,11,generic_planar_three_color_yes,tied,0,fiedler_sign,,3,3,3,4,0.75,0.5413040719311378,2,3 4
831,7,11,generic_planar_three_color_yes,tied,0,bfs_balanced,,5,5,3,4,0.75,0.7017477327336606,2,3 4
832,7,11,generic_planar_three_color_no,tied,0,connected_components,,0,0,7,7,1.0,0.0,1,7
832,7,11,generic_planar_three_color_no,tied,0,fiedler_median,,3,3,3,4,0.75,0.4023602563955727,2,3 4
832,7,11,generic_planar_three_color_no,tied,0,fiedler_sign,,3,3,3,4,0.75,0.4023602563955727,2,3 4
832,7,11,generic_planar_three_color_no,tied,0,bfs_balanced,,5,5,3,4,0.75,0.40236025639557277,2,3 4
833,7,11,generic_planar_three_color_yes,tied,0,connected_components,,0,0,7,7,1.0,0.0,1,7
833,7,11,generic_planar_three_color_yes,tied,0,fiedler_median,,4,4,3,4,0.75,0.6752098916732981,2,3 4
833,7,11,generic_planar_three_color_yes,tied,0,fiedler_sign,,4,4,3,4,0.75,0.6752098916732981,2,4 3
833,7,11,generic_planar_three_color_yes,tied,0,bfs_balanced,,4,4,3,4,0.75,0.37958652920241814,2,3 4
834,7,11,generic_planar_three_color_yes,tied,0,connected_components,,0,0,7,7,1.0,0.0,1,7
834,7,11,generic_planar_three_color_yes,tied,0,fiedler_median,,5,5,3,4,0.75,0.5551912545681702,2,3 4
834,7,11,generic_planar_three_color_yes,tied,0,fiedler_sign,,3,3,2,5,0.4,0.35627257548037894,2,2 5
834,7,11,generic_planar_three_color_yes,tied,0,bfs_balanced,,4,4,3,4,0.75,0.53223168064908,2,3 4
835,7,11,generic_planar_three_color_yes,tied,0,connected_components,,0,0,7,7,1.0,0.0,1,7
835,7,11,generic_planar_three_color_yes,tied,0,fiedler_median,,4,4,3,4,0.75,0.4359987856269279,2,3 4
835,7,11,generic_planar_three_color_yes,tied,0,fiedler_sign,,4,4,3,4,0.75,0.5915511211518917,2,4 3
835,7,11,generic_planar_three_color_yes,tied,0,bfs_balanced,,4,4,3,4,0.75,0.4359987856269278,2,3 4
836,7,11,generic_planar_three_color_yes,tied,0,connected_components,,0,0,7,7,1.0,0.0,1,7
836,7,11,generic_planar_three_color_yes,tied,0,fiedler_median,,3,3,3,4,0.75,0.5340378224834758,2,3 4
836,7,11,generic_planar_three_color_yes,tied,0,fiedler_sign,,3,3,3,4,0.75,0.5340378224834758,2,3 4
836,7,11,generic_planar_three_color_yes,tied,0,bfs_balanced,,6,6,3,4,0.75,0.5027346349160997,2,3 4
837,7,11,generic_planar_three_color_yes,tied,0,connected_components,,0,0,7,7,1.0,0.0,1,7
837,7,11,generic_planar_three_color_yes,tied,0,fiedler_median,,4,4,3,4,0.75,0.5652778291202257,2,3 4
837,7,11,generic_planar_three_color_yes,tied,0,fiedler_sign,,4,4,3,4,0.75,0.5652778291202257,2,3 4
837,7,11,generic_planar_three_color_yes,tied,0,bfs_balanced,,7,7,3,4,0.75,0.6545700936938472,2,3 4
838,7,11,generic_planar_three_color_yes,tied,0,connected_components,,0,0,7,7,1.0,0.0,1,7
838,7,11,generic_planar_three_color_yes,tied,0,fiedler_median,,4,4,3,4,0.75,0.40512855489339733,2,3 4
838,7,11,generic_planar_three_color_yes,tied,0,fiedler_sign,,4,4,3,4,0.75,0.40512855489339733,2,3 4
838,7,11,generic_planar_three_color_yes,tied,0,bfs_balanced,,5,5,3,4,0.75,0.4280881288124872,2,3 4
839,7,11,generic_planar_three_color_yes,tied,0,connected_components,,0,0,7,7,1.0,0.0,1,7
839,7,11,generic_planar_three_color_yes,tied,0,fiedler_median,,5,5,3,4,0.75,0.5051626708011208,2,3 4
839,7,11,generic_planar_three_color_yes,tied,0,fiedler_sign,,5,5,3,4,0.75,0.5051626708011208,2,4 3
839,7,11,generic_planar_three_color_yes,tied,0,bfs_balanced,,6,6,3,4,0.75,0.5364010702000108,2,3 4
840,7,11,generic_planar_three_color_yes,tied,0,connected_components,,0,0,7,7,1.0,0.0,1,7
840,7,11,generic_planar_three_color_yes,tied,0,fiedler_median,,3,3,3,4,0.75,0.3759574093974886,2,3 4
840,7,11,generic_planar_three_color_yes,tied,0,fiedler_sign,,3,3,3,4,0.75,0.3759574093974886,2,3 4
840,7,11,generic_planar_three_color_yes,tied,0,bfs_balanced,,6,6,3,4,0.75,0.5867597262504903,2,3 4
841,7,11,generic_planar_three_color_no,tied,0,connected_components,,0,0,7,7,1.0,0.0,1,7
841,7,11,generic_planar_three_color_no,tied,0,fiedler_median,,3,3,3,4,0.75,0.5130434799722777,2,3 4
841,7,11,generic_planar_three_color_no,tied,0,fiedler_sign,,3,3,3,4,0.75,0.5130434799722777,2,3 4
841,7,11,generic_planar_three_color_no,tied,0,bfs_balanced,,6,6,3,4,0.75,0.5049831574512923,2,3 4
842,7,11,generic_planar_three_color_yes,tied,0,connected_components,,0,0,7,7,1.0,0.0,1,7
842,7,11,generic_planar_three_color_yes,tied,0,fiedler_median,,6,6,3,4,0.75,0.5580311124385127,2,3 4
842,7,11,generic_planar_three_color_yes,tied,0,fiedler_sign,,5,5,3,4,0.75,0.5230728868624046,2,4 3
842,7,11,generic_planar_three_color_yes,tied,0,bfs_balanced,,8,8,3,4,0.75,0.683617208967793,2,3 4
843,7,11,generic_planar_three_color_yes,tied,0,connected_components,,0,0,7,7,1.0,0.0,1,7
843,7,11,generic_planar_three_color_yes,tied,0,fiedler_median,,3,3,3,4,0.75,0.43861695289051006,2,3 4
843,7,11,generic_planar_three_color_yes,tied,0,fiedler_sign,,3,3,3,4,0.75,0.43861695289051006,2,3 4
843,7,11,generic_planar_three_color_yes,tied,0,bfs_balanced,,3,3,3,4,0.75,0.43861695289051006,2,3 4
844,7,11,generic_planar_three_color_no,tied,0,connected_components,,0,0,7,7,1.0,0.0,1,7
844,7,11,generic_planar_three_color_no,tied,0,fiedler_median,,3,3,3,4,0.75,0.39097907766281625,2,3 4
844,7,11,generic_planar_three_color_no,tied,0,fiedler_sign,,3,3,3,4,0.75,0.39097907766281625,2,3 4
844,7,11,generic_planar_three_color_no,tied,0,bfs_balanced,,5,5,3,4,0.75,0.4462221940995464,2,3 4
845,7,11,generic_planar_three_color_yes,tied,0,connected_components,,0,0,7,7,1.0,0.0,1,7
845,7,11,generic_planar_three_color_yes,tied,0,fiedler_median,,4,4,3,4,0.75,0.5180317668776616,2,3 4
845,7,11,generic_planar_three_color_yes,tied,0,fiedler_sign,,2,2,2,5,0.4,0.24097508025283682,2,5 2
845,7,11,generic_planar_three_color_yes,tied,0,bfs_balanced,,5,5,3,4,0.75,0.4749837715243171,2,3 4
846,7,11,generic_planar_three_color_yes,tied,0,connected_components,,0,0,7,7,1.0,0.0,1,7
846,7,11,generic_planar_three_color_yes,tied,0,fiedler_median,,4,4,3,4,0.75,0.5740075490411736,2,3 4
846,7,11,generic_planar_three_color_yes,tied,0,fiedler_sign,,4,4,3,4,0.75,0.5740075490411736,2,3 4
846,7,11,generic_planar_three_color_yes,tied,0,bfs_balanced,,5,5,3,4,0.75,0.4365234621577406,2,3 4
847,7,11,generic_planar_three_color_yes,tied,0,connected_components,,0,0,7,7,1.0,0.0,1,7
847,7,11,generic_planar_three_color_yes,tied,0,fiedler_median,,6,6,3,4,0.75,0.6253596625465748,2,3 4
847,7,11,generic_planar_three_color_yes,tied,0,fiedler_sign,,6,6,3,4,0.75,0.6253596625465748,2,3 4
847,7,11,generic_planar_three_color_yes,tied,0,bfs_balanced,,5,5,3,4,0.75,0.5488027504233969,2,3 4
848,7,11,generic_planar_three_color_yes,tied,0,connected_components,,0,0,7,7,1.0,0.0,1,7
848,7,11,generic_planar_three_color_yes,tied,0,fiedler_median,,4,4,3,4,0.75,0.5199562630503781,2,3 4
848,7,11,generic_planar_three_color_yes,tied,0,fiedler_sign,,4,4,3,4,0.75,0.5199562630503779,2,4 3
848,7,11,generic_planar_three_color_yes,tied,0,bfs_balanced,,4,4,3,4,0.75,0.5199562630503779,2,3 4
849,7,11,generic_planar_three_color_yes,tied,0,connected_components,,0,0,7,7,1.0,0.0,1,7
849,7,11,generic_planar_three_color_yes,tied,0,fiedler_median,,5,5,3,4,0.75,0.5568153738055647,2,3 4
849,7,11,generic_planar_three_color_yes,tied,0,fiedler_sign,,5,5,3,4,0.75,0.5568153738055647,2,3 4
849,7,11,generic_planar_three_color_yes,tied,0,bfs_balanced,,5,5,3,4,0.75,0.47906648816380004,2,3 4
850,7,11,generic_planar_three_color_yes,tied,0,connected_components,,0,0,7,7,1.0,0.0,1,7
850,7,11,generic_planar_three_color_yes,tied,0,fiedler_median,,6,6,3,4,0.75,0.5077788932494325,2,3 4
850,7,11,generic_planar_three_color_yes,tied,0,fiedler_sign,,2,2,2,5,0.4,0.23854565704247646,2,5 2
850,7,11,generic_planar_three_color_yes,tied,0,bfs_balanced,,6,6,3,4,0.75,0.6517837989439789,2,3 4
851,7,11,block_decomposition,tied,0,connected_components,,0,0,7,7,1.0,0.0,1,7
851,7,11,block_decomposition,tied,0,articulation_separator,2,4,0,2,4,0.5,0.36244499184573964,3,4 2 1
851,7,11,block_decomposition,tied,0,fiedler_median,,4,4,3,4,0.75,0.357672211790844,2,3 4
851,7,11,block_decomposition,tied,0,fiedler_sign,,2,2,3,4,0.75,0.3131721006597897,2,4 3
851,7,11,block_decomposition,tied,0,bfs_balanced,,7,7,3,4,0.75,0.8155268311677124,2,3 4
852,7,11,generic_planar_three_color_yes,tied,0,connected_components,,0,0,7,7,1.0,0.0,1,7
852,7,11,generic_planar_three_color_yes,tied,0,fiedler_median,,6,6,3,4,0.75,0.48453195243566916,2,3 4
852,7,11,generic_planar_three_color_yes,tied,0,fiedler_sign,,3,3,2,5,0.4,0.2809113606671773,2,2 5
852,7,11,generic_planar_three_color_yes,tied,0,bfs_balanced,,7,7,3,4,0.75,0.5833743168449376,2,3 4
853,7,11,generic_planar_three_color_yes,tied,0,connected_components,,0,0,7,7,1.0,0.0,1,7
853,7,11,generic_planar_three_color_yes,tied,0,fiedler_median,,3,3,3,4,0.75,0.42213991173747306,2,3 4
853,7,11,generic_planar_three_color_yes,tied,0,fiedler_sign,,3,3,3,4,0.75,0.42213991173747306,2,3 4
853,7,11,generic_planar_three_color_yes,tied,0,bfs_balanced,,7,7,3,4,0.75,0.7020674142010892,2,3 4
854,7,11,generic_planar_three_color_yes,tied,0,connected_components,,0,0,7,7,1.0,0.0,1,7
854,7,11,generic_planar_three_color_yes,tied,0,fiedler_median,,4,4,3,4,0.75,0.5269796928424456,2,3 4
854,7,11,generic_planar_three_color_yes,tied,0,fiedler_sign,,4,4,3,4,0.75,0.5269796928424456,2,3 4
854,7,11,generic_planar_three_color_yes,tied,0,bfs_balanced,,7,7,3,4,0.75,0.7073977436126283,2,3 4
855,7,11,generic_planar_three_color_yes,tied,0,connected_components,,0,0,7,7,1.0,0.0,1,7
855,7,11,generic_planar_three_color_yes,tied,0,fiedler_median,,4,4,3,4,0.75,0.5098042748792265,2,3 4
855,7,11,generic_planar_three_color_yes,tied,0,fiedler_sign,,4,4,3,4,0.75,0.5098042748792265,2,3 4
855,7,11,generic_planar_three_color_yes,tied,0,bfs_balanced,,5,5,3,4,0.75,0.49366679603892244,2,3 4
856,7,11,block_decomposition,improved,2,connected_components,,0,0,7,7,1.0,0.0,1,7
856,7,11,block_decomposition,improved,2,articulation_separator,1,5,0,3,3,1.0,0.38681593869452235,3,3 3 1
856,7,11,block_decomposition,improved,2,fiedler_median,,3,3,3,4,0.75,0.22637227789199943,2,3 4
856,7,11,block_decomposition,improved,2,fiedler_sign,,2,2,3,4,0.75,0.2506867844857248,2,4 3
856,7,11,block_decomposition,improved,2,bfs_balanced,,7,7,3,4,0.75,0.8398977780164951,2,3 4
857,7,11,generic_planar_three_color_yes,tied,0,connected_components,,0,0,7,7,1.0,0.0,1,7
857,7,11,generic_planar_three_color_yes,tied,0,fiedler_median,,4,4,3,4,0.75,0.6072991701168446,2,3 4
857,7,11,generic_planar_three_color_yes,tied,0,fiedler_sign,,5,5,3,4,0.75,0.46981508323341165,2,4 3
857,7,11,generic_planar_three_color_yes,tied,0,bfs_balanced,,5,5,3,4,0.75,0.6072991701168446,2,3 4
858,7,11,generic_planar_three_color_yes,tied,0,connected_components,,0,0,7,7,1.0,0.0,1,7
858,7,11,generic_planar_three_color_yes,tied,0,fiedler_median,,4,4,3,4,0.75,0.5663226640753976,2,3 4
858,7,11,generic_planar_three_color_yes,tied,0,fiedler_sign,,5,5,3,4,0.75,0.46082178281742575,2,4 3
858,7,11,generic_planar_three_color_yes,tied,0,bfs_balanced,,6,6,3,4,0.75,0.5017851617499712,2,3 4
859,7,11,generic_planar_three_color_yes,tied,0,connected_components,,0,0,7,7,1.0,0.0,1,7
859,7,11,generic_planar_three_color_yes,tied,0,fiedler_median,,4,4,3,4,0.75,0.6950733790403006,2,3 4
859,7,11,generic_planar_three_color_yes,tied,0,fiedler_sign,,3,3,2,5,0.4,0.2685385496155472,2,5 2
859,7,11,generic_planar_three_color_yes,tied,0,bfs_balanced,,6,6,3,4,0.75,0.4793951866380798,2,3 4
860,7,11,generic_planar_three_color_yes,tied,0,connected_components,,0,0,7,7,1.0,0.0,1,7
860,7,11,generic_planar_three_color_yes,tied,0,fiedler_median,,3,3,3,4,0.75,0.47169780596823385,2,3 4
860,7,11,generic_planar_three_color_yes,tied,0,fiedler_sign,,3,3,3,4,0.75,0.47169780596823385,2,3 4
860,7,11,generic_planar_three_color_yes,tied,0,bfs_balanced,,6,6,3,4,0.75,0.5821127550515733,2,3 4
861,7,11,generic_planar_three_color_yes,tied,0,connected_components,,0,0,7,7,1.0,0.0,1,7
861,7,11,generic_planar_three_color_yes,tied,0,fiedler_median,,4,4,3,4,0.75,0.6198591676237861,2,3 4
861,7,11,generic_planar_three_color_yes,tied,0,fiedler_sign,,4,4,3,4,0.75,0.4594155068212632,2,4 3
861,7,11,generic_planar_three_color_yes,tied,0,bfs_balanced,,6,6,3,4,0.75,0.5018016744614997,2,3 4
862,7,11,generic_planar_three_color_yes,tied,0,connected_components,,0,0,7,7,1.0,0.0,1,7
862,7,11,generic_planar_three_color_yes,tied,0,fiedler_median,,6,6,3,4,0.75,0.5248857210775438,2,3 4
862,7,11,generic_planar_three_color_yes,tied,0,fiedler_sign,,6,6,3,4,0.75,0.5248857210775438,2,3 4
862,7,11,generic_planar_three_color_yes,tied,0,bfs_balanced,,4,4,3,4,0.75,0.8496970595512234,2,3 4
863,7,11,generic_planar_three_color_yes,tied,0,connected_components,,0,0,7,7,1.0,0.0,1,7
863,7,11,generic_planar_three_color_yes,tied,0,fiedler_median,,4,4,3,4,0.75,0.5530158591077522,2,3 4
863,7,11,generic_planar_three_color_yes,tied,0,fiedler_sign,,4,4,3,4,0.75,0.39257219830522944,2,4 3
863,7,11,generic_planar_three_color_yes,tied,0,bfs_balanced,,4,4,3,4,0.75,0.5530158591077522,2,3 4
864,7,11,generic_planar_three_color_yes,tied,0,connected_components,,0,0,7,7,1.0,0.0,1,7
864,7,11,generic_planar_three_color_yes,tied,0,fiedler_median,,3,3,3,4,0.75,0.6281692765579935,2,3 4
864,7,11,generic_planar_three_color_yes,tied,0,fiedler_sign,,4,4,3,4,0.75,0.6647317070645263,2,4 3
864,7,11,generic_planar_three_color_yes,tied,0,bfs_balanced,,5,5,3,4,0.75,0.3850085859171317,2,3 4
866,7,11,generic_planar_three_color_yes,tied,0,connected_components,,0,0,7,7,1.0,0.0,1,7
866,7,11,generic_planar_three_color_yes,tied,0,fiedler_median,,5,5,3,4,0.75,0.5105768630794827,2,3 4
866,7,11,generic_planar_three_color_yes,tied,0,fiedler_sign,,4,4,3,4,0.75,0.4772880216805677,2,4 3
866,7,11,generic_planar_three_color_yes,tied,0,bfs_balanced,,6,6,3,4,0.75,0.5702836889117222,2,3 4
867,7,11,generic_planar_three_color_yes,tied,0,connected_components,,0,0,7,7,1.0,0.0,1,7
867,7,11,generic_planar_three_color_yes,tied,0,fiedler_median,,3,3,3,4,0.75,0.5522527379831483,2,3 4
867,7,11,generic_planar_three_color_yes,tied,0,fiedler_sign,,3,3,3,4,0.75,0.5522527379831483,2,3 4
867,7,11,generic_planar_three_color_yes,tied,0,bfs_balanced,,6,6,3,4,0.75,0.49571437759049136,2,3 4
868,7,11,generic_planar_three_color_yes,tied,0,connected_components,,0,0,7,7,1.0,0.0,1,7
868,7,11,generic_planar_three_color_yes,tied,0,fiedler_median,,3,3,3,4,0.75,0.36955874473245803,2,3 4
868,7,11,generic_planar_three_color_yes,tied,0,fiedler_sign,,3,3,3,4,0.75,0.36955874473245814,2,4 3
868,7,11,generic_planar_three_color_yes,tied,0,bfs_balanced,,5,5,3,4,0.75,0.44241704013253036,2,3 4
870,7,11,generic_planar_three_color_yes,tied,0,connected_components,,0,0,7,7,1.0,0.0,1,7
870,7,11,generic_planar_three_color_yes,tied,0,fiedler_median,,5,5,3,4,0.75,0.5013924781165066,2,3 4
870,7,11,generic_planar_three_color_yes,tied,0,fiedler_sign,,4,4,3,4,0.75,0.6388765649999394,2,4 3
870,7,11,generic_planar_three_color_yes,tied,0,bfs_balanced,,5,5,3,4,0.75,0.5013924781165066,2,3 4
871,7,11,generic_planar_three_color_no,tied,0,connected_components,,0,0,7,7,1.0,0.0,1,7
871,7,11,generic_planar_three_color_no,tied,0,fiedler_median,,2,2,3,4,0.75,0.4714291024986497,2,3 4
871,7,11,generic_planar_three_color_no,tied,0,fiedler_sign,,2,2,3,4,0.75,0.4714291024986497,2,3 4
871,7,11,generic_planar_three_color_no,tied,0,bfs_balanced,,6,6,3,4,0.75,0.6049809820750021,2,3 4
873,7,11,generic_planar_three_color_yes,tied,0,connected_components,,0,0,7,7,1.0,0.0,1,7
873,7,11,generic_planar_three_color_yes,tied,0,fiedler_median,,4,4,3,4,0.75,0.4568825111464723,2,3 4
873,7,11,generic_planar_three_color_yes,tied,0,fiedler_sign,,4,4,3,4,0.75,0.41478558245054764,2,4 3
873,7,11,generic_planar_three_color_yes,tied,0,bfs_balanced,,4,4,3,4,0.75,0.4568825111464723,2,3 4
875,7,11,generic_planar_three_color_yes,tied,0,connected_components,,0,0,7,7,1.0,0.0,1,7
875,7,11,generic_planar_three_color_yes,tied,0,fiedler_median,,3,3,3,4,0.75,0.5961613482478239,2,3 4
875,7,11,generic_planar_three_color_yes,tied,0,fiedler_sign,,3,3,3,4,0.75,0.5961613482478239,2,3 4
875,7,11,generic_planar_three_color_yes,tied,0,bfs_balanced,,6,6,3,4,0.75,0.4668285463040864,2,3 4
877,7,11,generic_planar_three_color_yes,tied,0,connected_components,,0,0,7,7,1.0,0.0,1,7
877,7,11,generic_planar_three_color_yes,tied,0,fiedler_median,,4,4,3,4,0.75,0.6485674482883097,2,3 4
877,7,11,generic_planar_three_color_yes,tied,0,fiedler_sign,,4,4,3,4,0.75,0.6485674482883097,2,3 4
877,7,11,generic_planar_three_color_yes,tied,0,bfs_balanced,,6,6,3,4,0.75,0.7251243604114875,2,3 4
878,7,11,generic_planar_three_color_no,tied,0,connected_components,,0,0,7,7,1.0,0.0,1,7
878,7,11,generic_planar_three_color_no,tied,0,fiedler_median,,3,3,3,4,0.75,0.3697770553791885,2,3 4
878,7,11,generic_planar_three_color_no,tied,0,fiedler_sign,,3,3,3,4,0.75,0.3697770553791885,2,4 3
878,7,11,generic_planar_three_color_no,tied,0,bfs_balanced,,4,4,3,4,0.75,0.3927366292982784,2,3 4
881,7,12,block_decomposition,improved,5,connected_components,,0,0,1,6,0.16666666666666666,0.0,2,6 1
883,7,12,block_decomposition,improved,1,connected_components,,0,0,1,6,0.16666666666666666,0.0,2,6 1
886,7,12,block_decomposition,improved,1,connected_components,,0,0,7,7,1.0,0.0,1,7
886,7,12,block_decomposition,improved,1,articulation_separator,1,6,0,1,5,0.2,0.4948389047114673,3,5 1 1
886,7,12,block_decomposition,improved,1,fiedler_median,,6,6,3,4,0.75,0.518566961339956,2,3 4
886,7,12,block_decomposition,improved,1,fiedler_sign,,1,1,1,6,0.16666666666666666,0.13142357123135268,2,6 1
886,7,12,block_decomposition,improved,1,bfs_balanced,,8,8,3,4,0.75,0.6330355379274676,2,3 4
887,7,12,block_decomposition,improved,1,connected_components,,0,0,7,7,1.0,0.0,1,7
887,7,12,block_decomposition,improved,1,articulation_separator,3,5,0,1,5,0.2,0.48399851915872766,3,5 1 1
887,7,12,block_decomposition,improved,1,fiedler_median,,5,5,3,4,0.75,0.39555496840549464,2,3 4
887,7,12,block_decomposition,improved,1,fiedler_sign,,4,4,2,5,0.4,0.2702843434937318,2,2 5
887,7,12,block_decomposition,improved,1,bfs_balanced,,7,7,3,4,0.75,0.5559986292080173,2,3 4
888,7,12,block_decomposition,improved,1,connected_components,,0,0,7,7,1.0,0.0,1,7
888,7,12,block_decomposition,improved,1,articulation_separator,4,6,0,1,5,0.2,0.5011090789336092,3,5 1 1
888,7,12,block_decomposition,improved,1,fiedler_median,,7,7,3,4,0.75,0.658696719548727,2,3 4
888,7,12,block_decomposition,improved,1,fiedler_sign,,1,1,1,6,0.16666666666666666,0.1373428196710627,2,1 6
888,7,12,block_decomposition,improved,1,bfs_balanced,,8,8,3,4,0.75,0.6588339205864464,2,3 4
889,7,12,block_decomposition,improved,1,connected_components,,0,0,7,7,1.0,0.0,1,7
889,7,12,block_decomposition,improved,1,articulation_separator,1,5,0,1,5,0.2,0.4567998510700532,3,5 1 1
889,7,12,block_decomposition,improved,1,fiedler_median,,5,5,3,4,0.75,0.4857741495231566,2,3 4
889,7,12,block_decomposition,improved,1,fiedler_sign,,4,4,2,5,0.4,0.28593670055626186,2,2 5
889,7,12,block_decomposition,improved,1,bfs_balanced,,8,8,3,4,0.75,0.8135853639333667,2,3 4
890,7,12,block_decomposition,improved,1,connected_components,,0,0,7,7,1.0,0.0,1,7
890,7,12,block_decomposition,improved,1,articulation_separator,0,4,0,1,5,0.2,0.40615961490183045,3,5 1 1
890,7,12,block_decomposition,improved,1,fiedler_median,,5,5,3,4,0.75,0.5011673019502723,2,3 4
890,7,12,block_decomposition,improved,1,fiedler_sign,,3,3,2,5,0.4,0.2853481332135068,2,2 5
890,7,12,block_decomposition,improved,1,bfs_balanced,,8,8,3,4,0.75,0.6509986440819772,2,3 4
891,7,12,block_decomposition,improved,1,connected_components,,0,0,7,7,1.0,0.0,1,7
891,7,12,block_decomposition,improved,1,articulation_separator,0,5,0,1,5,0.2,0.4708973516665968,3,5 1 1
891,7,12,block_decomposition,improved,1,fiedler_median,,5,5,3,4,0.75,0.5902804259639305,2,3 4
891,7,12,block_decomposition,improved,1,fiedler_sign,,4,4,2,5,0.4,0.3285536513852276,2,5 2
891,7,12,block_decomposition,improved,1,bfs_balanced,,7,7,3,4,0.75,0.6177936171909656,2,3 4
892,7,12,block_decomposition,improved,1,connected_components,,0,0,7,7,1.0,0.0,1,7
892,7,12,block_decomposition,improved,1,articulation_separator,2,4,0,1,5,0.2,0.43141957893771254,3,5 1 1
892,7,12,block_decomposition,improved,1,fiedler_median,,5,5,3,4,0.75,0.5788943037300835,2,3 4
892,7,12,block_decomposition,improved,1,fiedler_sign,,3,3,2,5,0.4,0.26939905276133336,2,5 2
892,7,12,block_decomposition,improved,1,bfs_balanced,,7,7,3,4,0.75,0.6060613596620439,2,3 4
896,7,12,block_decomposition,improved,1,connected_components,,0,0,7,7,1.0,0.0,1,7
896,7,12,block_decomposition,improved,1,articulation_separator,1,6,0,1,5,0.2,0.49452822069022595,3,5 1 1
896,7,12,block_decomposition,improved,1,fiedler_median,,8,8,3,4,0.75,0.7088265581584103,2,3 4
896,7,12,block_decomposition,improved,1,fiedler_sign,,1,1,1,6,0.16666666666666666,0.1325641315652661,2,1 6
896,7,12,block_decomposition,improved,1,bfs_balanced,,6,6,3,4,0.75,0.6549718814927484,2,3 4
897,7,12,block_decomposition,improved,1,connected_components,,0,0,7,7,1.0,0.0,1,7
897,7,12,block_decomposition,improved,1,articulation_separator,5,6,0,1,5,0.2,0.5023672532445647,3,5 1 1
897,7,12,block_decomposition,improved,1,fiedler_median,,5,5,3,4,0.75,0.777745599882187,2,3 4
897,7,12,block_decomposition,improved,1,fiedler_sign,,5,5,2,5,0.4,0.39046469461878125,2,5 2
897,7,12,block_decomposition,improved,1,bfs_balanced,,6,6,3,4,0.75,0.9152296867656201,2,3 4
899,7,12,block_decomposition,improved,1,connected_components,,0,0,7,7,1.0,0.0,1,7
899,7,12,block_decomposition,improved,1,articulation_separator,3,5,0,1,5,0.2,0.46061172437712267,3,5 1 1
899,7,12,block_decomposition,improved,1,fiedler_median,,5,5,3,4,0.75,0.715408833502301,2,3 4
899,7,12,block_decomposition,improved,1,fiedler_sign,,4,4,2,5,0.4,0.29360123456904097,2,5 2
899,7,12,block_decomposition,improved,1,bfs_balanced,,8,8,3,4,0.75,0.8288396781103765,2,3 4
900,7,12,block_decomposition,improved,1,connected_components,,0,0,7,7,1.0,0.0,1,7
900,7,12,block_decomposition,improved,1,articulation_separator,4,3,0,1,5,0.2,0.3796547722347113,3,5 1 1
900,7,12,block_decomposition,improved,1,fiedler_median,,6,6,3,4,0.75,0.5142491716743928,2,3 4
900,7,12,block_decomposition,improved,1,fiedler_sign,,2,2,2,5,0.4,0.2358611068024467,2,5 2
900,7,12,block_decomposition,improved,1,bfs_balanced,,7,7,3,4,0.75,0.7060757671066155,2,3 4
901,7,12,block_decomposition,improved,1,connected_components,,0,0,7,7,1.0,0.0,1,7
901,7,12,block_decomposition,improved,1,articulation_separator,2,4,0,1,5,0.2,0.4530816022428049,3,5 1 1
901,7,12,block_decomposition,improved,1,fiedler_median,,5,5,3,4,0.75,0.48359487489595054,2,3 4
901,7,12,block_decomposition,improved,1,fiedler_sign,,3,3,2,5,0.4,0.22356120913591768,2,5 2
901,7,12,block_decomposition,improved,1,bfs_balanced,,6,6,3,4,0.75,0.578261797758419,2,3 4
903,7,12,block_decomposition,improved,3,connected_components,,0,0,7,7,1.0,0.0,1,7
903,7,12,block_decomposition,improved,3,articulation_separator,3,4,0,1,5,0.2,0.4300277753685551,3,5 1 1
903,7,12,block_decomposition,improved,3,fiedler_median,,5,5,3,4,0.75,0.6110685773975136,2,3 4
903,7,12,block_decomposition,improved,3,fiedler_sign,,3,3,2,5,0.4,0.30548973805653024,2,5 2
903,7,12,block_decomposition,improved,3,bfs_balanced,,7,7,3,4,0.75,0.6264228908716581,2,3 4
904,7,12,block_decomposition,improved,1,connected_components,,0,0,7,7,1.0,0.0,1,7
904,7,12,block_decomposition,improved,1,articulation_separator,0,4,0,1,5,0.2,0.4685647718012683,3,5 1 1
904,7,12,block_decomposition,improved,1,fiedler_median,,5,5,3,4,0.75,0.3582298727375336,2,3 4
904,7,12,block_decomposition,improved,1,fiedler_sign,,3,3,2,5,0.4,0.18285048608698257,2,2 5
904,7,12,block_decomposition,improved,1,bfs_balanced,,8,8,3,4,0.75,0.6860410871477436,2,3 4
905,7,12,block_decomposition,improved,1,connected_components,,0,0,7,7,1.0,0.0,1,7
905,7,12,block_decomposition,improved,1,articulation_separator,5,3,0,1,5,0.2,0.41637246720413035,3,5 1 1
905,7,12,block_decomposition,improved,1,fiedler_median,,5,5,3,4,0.75,0.5909523526556032,2,3 4
905,7,12,block_decomposition,improved,1,fiedler_sign,,2,2,2,5,0.4,0.23466697450177149,2,5 2
905,7,12,block_decomposition,improved,1,bfs_balanced,,7,7,3,4,0.75,0.7048816348059399,2,3 4
907,7,12,block_decomposition,improved,1,connected_components,,0,0,7,7,1.0,0.0,1,7
907,7,12,block_decomposition,improved,1,articulation_separator,4,5,0,1,5,0.2,0.4469758640152345,3,5 1 1
907,7,12,block_decomposition,improved,1,fiedler_median,,5,5,3,4,0.75,0.6114525060414844,2,3 4
907,7,12,block_decomposition,improved,1,fiedler_sign,,4,4,2,5,0.4,0.33238425854732984,2,2 5
907,7,12,block_decomposition,improved,1,bfs_balanced,,6,6,3,4,0.75,0.9297750864745156,2,3 4
908,7,12,block_decomposition,improved,1,connected_components,,0,0,7,7,1.0,0.0,1,7
908,7,12,block_decomposition,improved,1,articulation_separator,0,5,0,1,5,0.2,0.47217386925032584,3,5 1 1
908,7,12,block_decomposition,improved,1,fiedler_median,,5,5,3,4,0.75,0.8186327845635454,2,3 4
908,7,12,block_decomposition,improved,1,fiedler_sign,,4,4,2,5,0.4,0.3370082074178441,2,5 2
908,7,12,block_decomposition,improved,1,bfs_balanced,,8,8,3,4,0.75,0.7306428585410293,2,3 4
910,7,12,block_decomposition,improved,1,connected_components,,0,0,7,7,1.0,0.0,1,7
910,7,12,block_decomposition,improved,1,articulation_separator,3,4,0,1,5,0.2,0.4450761621328754,3,5 1 1
910,7,12,block_decomposition,improved,1,fiedler_median,,5,5,3,4,0.75,0.402725728923495,2,3 4
910,7,12,block_decomposition,improved,1,fiedler_sign,,3,3,2,5,0.4,0.2230709651327902,2,2 5
910,7,12,block_decomposition,improved,1,bfs_balanced,,7,7,3,4,0.75,0.5760172131349953,2,3 4
913,7,12,generic_planar_three_color_no,tied,0,connected_components,,0,0,7,7,1.0,0.0,1,7
913,7,12,generic_planar_three_color_no,tied,0,fiedler_median,,6,6,3,4,0.75,0.3851323295277488,2,3 4
913,7,12,generic_planar_three_color_no,tied,0,fiedler_sign,,4,4,2,5,0.4,0.23928172847637777,2,5 2
913,7,12,generic_planar_three_color_no,tied,0,bfs_balanced,,6,6,3,4,0.75,0.6153265834008604,2,3 4
914,7,12,generic_planar_three_color_no,tied,0,connected_components,,0,0,7,7,1.0,0.0,1,7
914,7,12,generic_planar_three_color_no,tied,0,fiedler_median,,5,5,3,4,0.75,0.42103232365020976,2,3 4
914,7,12,generic_planar_three_color_no,tied,0,fiedler_sign,,5,5,3,4,0.75,0.42103232365020976,2,4 3
914,7,12,generic_planar_three_color_no,tied,0,bfs_balanced,,7,7,3,4,0.75,0.5814759844527327,2,3 4
915,7,12,generic_planar_three_color_no,tied,0,connected_components,,0,0,7,7,1.0,0.0,1,7
915,7,12,generic_planar_three_color_no,tied,0,fiedler_median,,6,6,3,4,0.75,0.6989888895703098,2,3 4
915,7,12,generic_planar_three_color_no,tied,0,fiedler_sign,,6,6,3,4,0.75,0.6989888895703098,2,3 4
915,7,12,generic_planar_three_color_no,tied,0,bfs_balanced,,5,5,3,4,0.75,0.538545228767787,2,3 4
916,7,12,generic_planar_three_color_no,tied,0,connected_components,,0,0,7,7,1.0,0.0,1,7
916,7,12,generic_planar_three_color_no,tied,0,fiedler_median,,6,6,3,4,0.75,0.5385452287677873,2,3 4
916,7,12,generic_planar_three_color_no,tied,0,fiedler_sign,,4,4,2,5,0.4,0.3873123473574101,2,5 2
916,7,12,generic_planar_three_color_no,tied,0,bfs_balanced,,8,8,3,4,0.75,0.6989888895703104,2,3 4
917,7,12,generic_planar_three_color_no,tied,0,connected_components,,0,0,7,7,1.0,0.0,1,7
917,7,12,generic_planar_three_color_no,tied,0,fiedler_median,,5,5,3,4,0.75,0.6350617287416761,2,3 4
917,7,12,generic_planar_three_color_no,tied,0,fiedler_sign,,5,5,3,4,0.75,0.6350617287416761,2,4 3
917,7,12,generic_planar_three_color_no,tied,0,bfs_balanced,,8,8,3,4,0.75,0.6604671612613993,2,3 4
918,7,12,generic_planar_three_color_no,tied,0,connected_components,,0,0,7,7,1.0,0.0,1,7
918,7,12,generic_planar_three_color_no,tied,0,fiedler_median,,5,5,3,4,0.75,0.4737653406574681,2,3 4
918,7,12,generic_planar_three_color_no,tied,0,fiedler_sign,,4,4,3,4,0.75,0.4348289762739769,2,4 3
918,7,12,generic_planar_three_color_no,tied,0,bfs_balanced,,7,7,3,4,0.75,0.7433421475314491,2,3 4
919,7,12,generic_planar_three_color_no,tied,0,connected_components,,0,0,7,7,1.0,0.0,1,7
919,7,12,generic_planar_three_color_no,tied,0,fiedler_median,,5,5,3,4,0.75,0.6110685773975136,2,3 4
919,7,12,generic_planar_three_color_no,tied,0,fiedler_sign,,5,5,3,4,0.75,0.6110685773975136,2,3 4
919,7,12,generic_planar_three_color_no,tied,0,bfs_balanced,,6,6,3,4,0.75,0.5505315703620647,2,3 4
920,7,12,generic_planar_three_color_yes,tied,0,connected_components,,0,0,7,7,1.0,0.0,1,7
920,7,12,generic_planar_three_color_yes,tied,0,fiedler_median,,5,5,3,4,0.75,0.45915435256279025,2,3 4
920,7,12,generic_planar_three_color_yes,tied,0,fiedler_sign,,5,5,3,4,0.75,0.45915435256279025,2,4 3
920,7,12,generic_planar_three_color_yes,tied,0,bfs_balanced,,10,10,3,4,0.75,0.9276092757302654,2,3 4
921,7,12,generic_planar_three_color_no,tied,0,connected_components,,0,0,7,7,1.0,0.0,1,7
921,7,12,generic_planar_three_color_no,tied,0,fiedler_median,,5,5,3,4,0.75,0.6193811062356301,2,3 4
921,7,12,generic_planar_three_color_no,tied,0,fiedler_sign,,3,3,2,5,0.4,0.32273879142292367,2,2 5
921,7,12,generic_planar_three_color_no,tied,0,bfs_balanced,,8,8,3,4,0.75,0.6739072541706971,2,3 4
922,7,12,generic_planar_three_color_yes,tied,0,connected_components,,0,0,7,7,1.0,0.0,1,7
922,7,12,generic_planar_three_color_yes,tied,0,fiedler_median,,5,5,3,4,0.75,0.632166876280933,2,3 4
922,7,12,generic_planar_three_color_yes,tied,0,fiedler_sign,,5,5,3,4,0.75,0.632166876280933,2,3 4
922,7,12,generic_planar_three_color_yes,tied,0,bfs_balanced,,6,6,3,4,0.75,0.6594407208443501,2,3 4
923,7,12,generic_planar_three_color_yes,tied,0,connected_components,,0,0,7,7,1.0,0.0,1,7
923,7,12,generic_planar_three_color_yes,tied,0,fiedler_median,,5,5,3,4,0.75,0.38137020517858683,2,3 4
923,7,12,generic_planar_three_color_yes,tied,0,fiedler_sign,,5,5,3,4,0.75,0.38137020517858683,2,3 4
923,7,12,generic_planar_three_color_yes,tied,0,bfs_balanced,,10,10,3,4,0.75,0.9948957053030821,2,3 4
924,7,12,generic_planar_three_color_no,tied,0,connected_components,,0,0,7,7,1.0,0.0,1,7
924,7,12,generic_planar_three_color_no,tied,0,fiedler_median,,4,4,3,4,0.75,0.3694584384594897,2,3 4
924,7,12,generic_planar_three_color_no,tied,0,fiedler_sign,,4,4,3,4,0.75,0.3694584384594897,2,3 4
924,7,12,generic_planar_three_color_no,tied,0,bfs_balanced,,7,7,3,4,0.75,0.5026922512612609,2,3 4
925,7,12,block_decomposition,improved,2,connected_components,,0,0,7,7,1.0,0.0,1,7
925,7,12,block_decomposition,improved,2,articulation_separator,0,6,0,2,4,0.5,0.4803108212315589,3,2 4 1
925,7,12,block_decomposition,improved,2,fiedler_median,,5,5,3,4,0.75,0.47381161089147333,2,3 4
925,7,12,block_decomposition,improved,2,fiedler_sign,,4,4,3,4,0.75,0.36196408912496,2,4 3
925,7,12,block_decomposition,improved,2,bfs_balanced,,4,4,3,4,0.75,0.36196408912496,2,3 4
926,7,12,generic_planar_three_color_no,tied,0,connected_components,,0,0,7,7,1.0,0.0,1,7
926,7,12,generic_planar_three_color_no,tied,0,fiedler_median,,5,5,3,4,0.75,0.3986050897738417,2,3 4
926,7,12,generic_planar_three_color_no,tied,0,fiedler_sign,,4,4,3,4,0.75,0.5411258192991155,2,4 3
926,7,12,generic_planar_three_color_no,tied,0,bfs_balanced,,8,8,3,4,0.75,0.6546493410955525,2,3 4
927,7,12,generic_planar_three_color_yes,tied,0,connected_components,,0,0,7,7,1.0,0.0,1,7
927,7,12,generic_planar_three_color_yes,tied,0,fiedler_median,,5,5,3,4,0.75,0.7540201789633889,2,3 4
927,7,12,generic_planar_three_color_yes,tied,0,fiedler_sign,,5,5,3,4,0.75,0.7540201789633889,2,3 4
927,7,12,generic_planar_three_color_yes,tied,0,bfs_balanced,,8,8,3,4,0.75,0.8353242930664534,2,3 4
928,7,12,generic_planar_three_color_no,tied,0,connected_components,,0,0,7,7,1.0,0.0,1,7
928,7,12,generic_planar_three_color_no,tied,0,fiedler_median,,6,6,3,4,0.75,0.6344195908824878,2,3 4
928,7,12,generic_planar_three_color_no,tied,0,fiedler_sign,,3,3,2,5,0.4,0.4397536927096369,2,5 2
928,7,12,generic_planar_three_color_no,tied,0,bfs_balanced,,8,8,3,4,0.75,0.8017871444901752,2,3 4
929,7,12,generic_planar_three_color_yes,tied,0,connected_components,,0,0,7,7,1.0,0.0,1,7
929,7,12,generic_planar_three_color_yes,tied,0,fiedler_median,,5,5,3,4,0.75,0.5461774372933862,2,3 4
929,7,12,generic_planar_three_color_yes,tied,0,fiedler_sign,,6,6,3,4,0.75,0.706621098095909,2,4 3
929,7,12,generic_planar_three_color_yes,tied,0,bfs_balanced,,7,7,3,4,0.75,0.706621098095909,2,3 4
930,7,12,generic_planar_three_color_no,tied,0,connected_components,,0,0,7,7,1.0,0.0,1,7
930,7,12,generic_planar_three_color_no,tied,0,fiedler_median,,6,6,3,4,0.75,0.5737322149241507,2,3 4
930,7,12,generic_planar_three_color_no,tied,0,fiedler_sign,,5,5,3,4,0.75,0.5138227738491632,2,4 3
930,7,12,generic_planar_three_color_no,tied,0,bfs_balanced,,8,8,3,4,0.75,0.841633988259373,2,3 4
931,7,12,generic_planar_three_color_no,tied,0,connected_components,,0,0,7,7,1.0,0.0,1,7
931,7,12,generic_planar_three_color_no,tied,0,fiedler_median,,5,5,3,4,0.75,0.5347953742689862,2,3 4
931,7,12,generic_planar_three_color_no,tied,0,fiedler_sign,,4,4,3,4,0.75,0.38656517543813373,2,4 3
931,7,12,generic_planar_three_color_no,tied,0,bfs_balanced,,6,6,3,4,0.75,0.5347953742689863,2,3 4
932,7,12,generic_planar_three_color_yes,tied,0,connected_components,,0,0,7,7,1.0,0.0,1,7
932,7,12,generic_planar_three_color_yes,tied,0,fiedler_median,,5,5,3,4,0.75,0.35557446306186813,2,3 4
932,7,12,generic_planar_three_color_yes,tied,0,fiedler_sign,,4,4,3,4,0.75,0.6412887487761539,2,4 3
932,7,12,generic_planar_three_color_yes,tied,0,bfs_balanced,,9,9,3,4,0.75,0.7111423895824165,2,3 4
933,7,12,generic_planar_three_color_no,tied,0,connected_components,,0,0,7,7,1.0,0.0,1,7
933,7,12,generic_planar_three_color_no,tied,0,fiedler_median,,6,6,3,4,0.75,0.5186735335400574,2,3 4
933,7,12,generic_planar_three_color_no,tied,0,fiedler_sign,,2,2,2,5,0.4,0.35151239078275465,2,5 2
933,7,12,generic_planar_three_color_no,tied,0,bfs_balanced,,7,7,3,4,0.75,0.627806679611516,2,3 4
934,7,12,generic_planar_three_color_yes,tied,0,connected_components,,0,0,7,7,1.0,0.0,1,7
934,7,12,generic_planar_three_color_yes,tied,0,fiedler_median,,6,6,3,4,0.75,0.4949424592469236,2,3 4
934,7,12,generic_planar_three_color_yes,tied,0,fiedler_sign,,5,5,3,4,0.75,0.620213084158686,2,4 3
934,7,12,generic_planar_three_color_yes,tied,0,bfs_balanced,,6,6,3,4,0.75,0.7672402101544817,2,3 4
935,7,12,generic_planar_three_color_no,tied,0,connected_components,,0,0,7,7,1.0,0.0,1,7
935,7,12,generic_planar_three_color_no,tied,0,fiedler_median,,5,5,3,4,0.75,0.6670956161215429,2,3 4
935,7,12,generic_planar_three_color_no,tied,0,fiedler_sign,,5,5,3,4,0.75,0.6670956161215429,2,3 4
935,7,12,generic_planar_three_color_no,tied,0,bfs_balanced,,9,9,3,4,0.75,0.8408350398176522,2,3 4
936,7,12,generic_planar_three_color_yes,tied,0,connected_components,,0,0,7,7,1.0,0.0,1,7
936,7,12,generic_planar_three_color_yes,tied,0,fiedler_median,,5,5,3,4,0.75,0.6254130330333147,2,3 4
936,7,12,generic_planar_three_color_yes,tied,0,fiedler_sign,,4,4,3,4,0.75,0.5910737673929766,2,4 3
936,7,12,generic_planar_three_color_yes,tied,0,bfs_balanced,,9,9,3,4,0.75,0.8068706089549147,2,3 4
937,7,12,generic_planar_three_color_no,tied,0,connected_components,,0,0,7,7,1.0,0.0,1,7
937,7,12,generic_planar_three_color_no,tied,0,fiedler_median,,5,5,3,4,0.75,0.5458637431100314,2,3 4
937,7,12,generic_planar_three_color_no,tied,0,fiedler_sign,,5,5,3,4,0.75,0.5458637431100314,2,3 4
937,7,12,generic_planar_three_color_no,tied,0,bfs_balanced,,8,8,3,4,0.75,0.7132312967177185,2,3 4
938,7,12,generic_planar_three_color_yes,tied,0,connected_components,,0,0,7,7,1.0,0.0,1,7
938,7,12,generic_planar_three_color_yes,tied,0,fiedler_median,,5,5,3,4,0.75,0.7743484093736325,2,3 4
938,7,12,generic_planar_three_color_yes,tied,0,fiedler_sign,,5,5,3,4,0.75,0.7743484093736325,2,3 4
938,7,12,generic_planar_three_color_yes,tied,0,bfs_balanced,,6,6,3,4,0.75,0.7033800179877728,2,3 4
939,7,12,generic_planar_three_color_yes,tied,0,connected_components,,0,0,7,7,1.0,0.0,1,7
939,7,12,generic_planar_three_color_yes,tied,0,fiedler_median,,6,6,3,4,0.75,0.5027121286275746,2,3 4
939,7,12,generic_planar_three_color_yes,tied,0,fiedler_sign,,5,5,3,4,0.75,0.607937693962383,2,4 3
939,7,12,generic_planar_three_color_yes,tied,0,bfs_balanced,,6,6,3,4,0.75,0.7278894073064113,2,3 4
940,7,12,generic_planar_three_color_no,tied,0,connected_components,,0,0,7,7,1.0,0.0,1,7
940,7,12,generic_planar_three_color_no,tied,0,fiedler_median,,4,4,3,4,0.75,0.41998422037466654,2,3 4
940,7,12,generic_planar_three_color_no,tied,0,fiedler_sign,,4,4,3,4,0.75,0.41998422037466654,2,4 3
940,7,12,generic_planar_three_color_no,tied,0,bfs_balanced,,7,7,3,4,0.75,0.5200418814409334,2,3 4
941,7,12,generic_planar_three_color_yes,tied,0,connected_components,,0,0,7,7,1.0,0.0,1,7
941,7,12,generic_planar_three_color_yes,tied,0,fiedler_median,,5,5,3,4,0.75,0.6646646728744894,2,3 4
941,7,12,generic_planar_three_color_yes,tied,0,fiedler_sign,,5,5,3,4,0.75,0.6646646728744894,2,3 4
941,7,12,generic_planar_three_color_yes,tied,0,bfs_balanced,,7,7,3,4,0.75,0.7201025623851767,2,3 4
942,7,12,generic_planar_three_color_no,tied,0,connected_components,,0,0,7,7,1.0,0.0,1,7
942,7,12,generic_planar_three_color_no,tied,0,fiedler_median,,5,5,3,4,0.75,0.5056816737488588,2,3 4
942,7,12,generic_planar_three_color_no,tied,0,fiedler_sign,,5,5,3,4,0.75,0.5903120615665151,2,4 3
942,7,12,generic_planar_three_color_no,tied,0,bfs_balanced,,5,5,3,4,0.75,0.5903120615665151,2,3 4
943,7,12,generic_planar_three_color_no,tied,0,connected_components,,0,0,7,7,1.0,0.0,1,7
943,7,12,generic_planar_three_color_no,tied,0,fiedler_median,,5,5,3,4,0.75,0.5735707677923243,2,3 4
943,7,12,generic_planar_three_color_no,tied,0,fiedler_sign,,2,2,2,5,0.4,0.26252000036831047,2,5 2
943,7,12,generic_planar_three_color_no,tied,0,bfs_balanced,,7,7,3,4,0.75,0.5735707677923243,2,3 4
944,7,12,generic_planar_three_color_no,tied,0,connected_components,,0,0,7,7,1.0,0.0,1,7
944,7,12,generic_planar_three_color_no,tied,0,fiedler_median,,4,4,3,4,0.75,0.5291884172170458,2,3 4
944,7,12,generic_planar_three_color_no,tied,0,fiedler_sign,,4,4,3,4,0.75,0.5291884172170458,2,3 4
944,7,12,generic_planar_three_color_no,tied,0,bfs_balanced,,6,6,3,4,0.75,0.5291884172170457,2,3 4
945,7,12,block_decomposition,improved,2,connected_components,,0,0,7,7,1.0,0.0,1,7
945,7,12,block_decomposition,improved,2,articulation_separator,0,5,0,2,4,0.5,0.4092415752434141,3,4 2 1
945,7,12,block_decomposition,improved,2,fiedler_median,,5,5,3,4,0.75,0.4588881674787761,2,3 4
945,7,12,block_decomposition,improved,2,fiedler_sign,,3,3,3,4,0.75,0.3659748838577543,2,4 3
945,7,12,block_decomposition,improved,2,bfs_balanced,,7,7,3,4,0.75,0.6949558609576998,2,3 4
946,7,12,generic_planar_three_color_yes,tied,0,connected_components,,0,0,7,7,1.0,0.0,1,7
946,7,12,generic_planar_three_color_yes,tied,0,fiedler_median,,4,4,3,4,0.75,0.5954852852159311,2,3 4
946,7,12,generic_planar_three_color_yes,tied,0,fiedler_sign,,4,4,3,4,0.75,0.5954852852159311,2,4 3
946,7,12,generic_planar_three_color_yes,tied,0,bfs_balanced,,8,8,3,4,0.75,0.6375822139118558,2,3 4
950,7,12,generic_planar_three_color_no,tied,0,connected_components,,0,0,7,7,1.0,0.0,1,7
950,7,12,generic_planar_three_color_no,tied,0,fiedler_median,,4,4,3,4,0.75,0.29186327227749675,2,3 4
950,7,12,generic_planar_three_color_no,tied,0,fiedler_sign,,4,4,3,4,0.75,0.4016910489094645,2,4 3
950,7,12,generic_planar_three_color_no,tied,0,bfs_balanced,,6,6,3,4,0.75,0.49031012768321114,2,3 4
951,7,12,generic_planar_three_color_no,tied,0,connected_components,,0,0,7,7,1.0,0.0,1,7
951,7,12,generic_planar_three_color_no,tied,0,fiedler_median,,5,5,3,4,0.75,0.5008211300823321,2,3 4
951,7,12,generic_planar_three_color_no,tied,0,fiedler_sign,,4,4,2,5,0.4,0.29867565438031013,2,5 2
951,7,12,generic_planar_three_color_no,tied,0,bfs_balanced,,7,7,3,4,0.75,0.6612647908848549,2,3 4
952,7,12,generic_planar_three_color_yes,tied,0,connected_components,,0,0,7,7,1.0,0.0,1,7
952,7,12,generic_planar_three_color_yes,tied,0,fiedler_median,,5,5,3,4,0.75,0.5211609889951394,2,3 4
952,7,12,generic_planar_three_color_yes,tied,0,fiedler_sign,,5,5,3,4,0.75,0.5211609889951394,2,3 4
952,7,12,generic_planar_three_color_yes,tied,0,bfs_balanced,,7,7,3,4,0.75,0.8205338887652559,2,3 4
953,7,12,generic_planar_three_color_no,tied,0,connected_components,,0,0,7,7,1.0,0.0,1,7
953,7,12,generic_planar_three_color_no,tied,0,fiedler_median,,4,4,3,4,0.75,0.44798064057174697,2,3 4
953,7,12,generic_planar_three_color_no,tied,0,fiedler_sign,,4,4,3,4,0.75,0.44798064057174697,2,3 4
953,7,12,generic_planar_three_color_no,tied,0,bfs_balanced,,5,5,3,4,0.75,0.601988240880858,2,3 4
954,7,12,generic_planar_three_color_yes,tied,0,connected_components,,0,0,7,7,1.0,0.0,1,7
954,7,12,generic_planar_three_color_yes,tied,0,fiedler_median,,5,5,3,4,0.75,0.4340969991985398,2,3 4
954,7,12,generic_planar_three_color_yes,tied,0,fiedler_sign,,4,4,3,4,0.75,0.5742365812162927,2,4 3
954,7,12,generic_planar_three_color_yes,tied,0,bfs_balanced,,7,7,3,4,0.75,0.5945406600010629,2,3 4
955,7,12,generic_planar_three_color_yes,tied,0,connected_components,,0,0,7,7,1.0,0.0,1,7
955,7,12,generic_planar_three_color_yes,tied,0,fiedler_median,,5,5,3,4,0.75,0.6459119740219306,2,3 4
955,7,12,generic_planar_three_color_yes,tied,0,fiedler_sign,,6,6,3,4,0.75,0.6985833908321799,2,4 3
955,7,12,generic_planar_three_color_yes,tied,0,bfs_balanced,,6,6,3,4,0.75,0.6688715479410205,2,3 4
956,7,12,generic_planar_three_color_no,tied,0,connected_components,,0,0,7,7,1.0,0.0,1,7
956,7,12,generic_planar_three_color_no,tied,0,fiedler_median,,5,5,3,4,0.75,0.4925068185497845,2,3 4
956,7,12,generic_planar_three_color_no,tied,0,fiedler_sign,,4,4,3,4,0.75,0.34846067840577966,2,4 3
956,7,12,generic_planar_three_color_no,tied,0,bfs_balanced,,7,7,3,4,0.75,0.713905306479791,2,3 4
958,7,12,generic_planar_three_color_yes,tied,0,connected_components,,0,0,7,7,1.0,0.0,1,7
958,7,12,generic_planar_three_color_yes,tied,0,fiedler_median,,7,7,3,4,0.75,0.5173774363921378,2,3 4
958,7,12,generic_planar_three_color_yes,tied,0,fiedler_sign,,5,5,2,5,0.4,0.586394695740549,2,5 2
958,7,12,generic_planar_three_color_yes,tied,0,bfs_balanced,,5,5,3,4,0.75,0.6982422175070621,2,3 4
959,7,12,generic_planar_three_color_yes,tied,0,connected_components,,0,0,7,7,1.0,0.0,1,7
959,7,12,generic_planar_three_color_yes,tied,0,fiedler_median,,4,4,3,4,0.75,0.4797998412721508,2,3 4
959,7,12,generic_planar_three_color_yes,tied,0,fiedler_sign,,4,4,3,4,0.75,0.4797998412721509,2,4 3
959,7,12,generic_planar_three_color_yes,tied,0,bfs_balanced,,8,8,3,4,0.75,0.7780496611893655,2,3 4
960,7,12,generic_planar_three_color_yes,tied,0,connected_components,,0,0,7,7,1.0,0.0,1,7
960,7,12,generic_planar_three_color_yes,tied,0,fiedler_median,,6,6,3,4,0.75,0.5897561019632461,2,3 4
960,7,12,generic_planar_three_color_yes,tied,0,fiedler_sign,,4,4,2,5,0.4,0.4264380866688478,2,5 2
960,7,12,generic_planar_three_color_yes,tied,0,bfs_balanced,,5,5,3,4,0.75,0.8437595028189614,2,3 4
961,7,12,generic_planar_three_color_yes,tied,0,connected_components,,0,0,7,7,1.0,0.0,1,7
961,7,12,generic_planar_three_color_yes,tied,0,fiedler_median,,5,5,3,4,0.75,0.6962504442704508,2,3 4
961,7,12,generic_planar_three_color_yes,tied,0,fiedler_sign,,4,4,3,4,0.75,0.6732908703513608,2,4 3
961,7,12,generic_planar_three_color_yes,tied,0,bfs_balanced,,8,8,3,4,0.75,0.7153877990472852,2,3 4
962,7,12,generic_planar_three_color_yes,tied,0,connected_components,,0,0,7,7,1.0,0.0,1,7
962,7,12,generic_planar_three_color_yes,tied,0,fiedler_median,,4,4,3,4,0.75,0.6353525306528732,2,3 4
962,7,12,generic_planar_three_color_yes,tied,0,fiedler_sign,,5,5,3,4,0.75,0.658312104571963,2,4 3
962,7,12,generic_planar_three_color_yes,tied,0,bfs_balanced,,7,7,3,4,0.75,0.5701944210630359,2,3 4
963,7,12,generic_planar_three_color_yes,tied,0,connected_components,,0,0,7,7,1.0,0.0,1,7
963,7,12,generic_planar_three_color_yes,tied,0,fiedler_median,,5,5,3,4,0.75,0.6371121995868396,2,3 4
963,7,12,generic_planar_three_color_yes,tied,0,fiedler_sign,,5,5,3,4,0.75,0.6371121995868396,2,3 4
963,7,12,generic_planar_three_color_yes,tied,0,bfs_balanced,,8,8,3,4,0.75,0.8044797531945269,2,3 4
964,7,12,generic_planar_three_color_no,tied,0,connected_components,,0,0,7,7,1.0,0.0,1,7
964,7,12,generic_planar_three_color_no,tied,0,fiedler_median,,5,5,3,4,0.75,0.5458672632705096,2,3 4
964,7,12,generic_planar_three_color_no,tied,0,fiedler_sign,,3,3,2,5,0.4,0.4035803867779554,2,5 2
964,7,12,generic_planar_three_color_no,tied,0,bfs_balanced,,8,8,3,4,0.75,0.6633491621246363,2,3 4
965,7,12,generic_planar_three_color_no,tied,0,connected_components,,0,0,7,7,1.0,0.0,1,7
965,7,12,generic_planar_three_color_no,tied,0,fiedler_median,,5,5,3,4,0.75,0.5239540394515007,2,3 4
965,7,12,generic_planar_three_color_no,tied,0,fiedler_sign,,3,3,2,5,0.4,0.3525032341502203,2,2 5
965,7,12,generic_planar_three_color_no,tied,0,bfs_balanced,,7,7,3,4,0.75,0.6169497066826551,2,3 4
966,7,12,generic_planar_three_color_yes,tied,0,connected_components,,0,0,7,7,1.0,0.0,1,7
966,7,12,generic_planar_three_color_yes,tied,0,fiedler_median,,5,5,3,4,0.75,0.6856696672526331,2,3 4
966,7,12,generic_planar_three_color_yes,tied,0,fiedler_sign,,5,5,3,4,0.75,0.52522600645011,2,4 3
966,7,12,generic_planar_three_color_yes,tied,0,bfs_balanced,,5,5,3,4,0.75,0.6856696672526331,2,3 4
967,7,12,generic_planar_three_color_no,tied,0,connected_components,,0,0,7,7,1.0,0.0,1,7
967,7,12,generic_planar_three_color_no,tied,0,fiedler_median,,5,5,3,4,0.75,0.49073550964404306,2,3 4
967,7,12,generic_planar_three_color_no,tied,0,fiedler_sign,,4,4,3,4,0.75,0.4677759357249533,2,4 3
967,7,12,generic_planar_three_color_no,tied,0,bfs_balanced,,6,6,3,4,0.75,0.5096973029439402,2,3 4
968,7,12,generic_planar_three_color_no,tied,0,connected_components,,0,0,7,7,1.0,0.0,1,7
968,7,12,generic_planar_three_color_no,tied,0,fiedler_median,,5,5,3,4,0.75,0.48054920711758087,2,3 4
968,7,12,generic_planar_three_color_no,tied,0,fiedler_sign,,4,4,3,4,0.75,0.5986834773059057,2,4 3
968,7,12,generic_planar_three_color_no,tied,0,bfs_balanced,,5,5,3,4,0.75,0.6216430512249954,2,3 4
969,7,12,generic_planar_three_color_yes,tied,0,connected_components,,0,0,7,7,1.0,0.0,1,7
969,7,12,generic_planar_three_color_yes,tied,0,fiedler_median,,4,4,3,4,0.75,0.6184122769297485,2,3 4
969,7,12,generic_planar_three_color_yes,tied,0,fiedler_sign,,4,4,3,4,0.75,0.6184122769297485,2,3 4
969,7,12,generic_planar_three_color_yes,tied,0,bfs_balanced,,6,6,3,4,0.75,0.6377498718109144,2,3 4
970,7,12,generic_planar_three_color_yes,tied,0,connected_components,,0,0,7,7,1.0,0.0,1,7
970,7,12,generic_planar_three_color_yes,tied,0,fiedler_median,,5,5,3,4,0.75,0.443521346818657,2,3 4
970,7,12,generic_planar_three_color_yes,tied,0,fiedler_sign,,4,4,3,4,0.75,0.5961799145866559,2,4 3
970,7,12,generic_planar_three_color_yes,tied,0,bfs_balanced,,5,5,3,4,0.75,0.6191394885057456,2,3 4
971,7,12,generic_planar_three_color_no,tied,0,connected_components,,0,0,7,7,1.0,0.0,1,7
971,7,12,generic_planar_three_color_no,tied,0,fiedler_median,,5,5,3,4,0.75,0.6575338071340335,2,3 4
971,7,12,generic_planar_three_color_no,tied,0,fiedler_sign,,4,4,3,4,0.75,0.4694483564246532,2,4 3
971,7,12,generic_planar_three_color_no,tied,0,bfs_balanced,,7,7,3,4,0.75,0.6575338071340339,2,3 4
972,7,12,generic_planar_three_color_yes,tied,0,connected_components,,0,0,7,7,1.0,0.0,1,7
972,7,12,generic_planar_three_color_yes,tied,0,fiedler_median,,6,6,3,4,0.75,0.5481475161595444,2,3 4
972,7,12,generic_planar_three_color_yes,tied,0,fiedler_sign,,3,3,2,5,0.4,0.27813288280096093,2,5 2
972,7,12,generic_planar_three_color_yes,tied,0,bfs_balanced,,8,8,3,4,0.75,0.7155150697672318,2,3 4
974,7,12,generic_planar_three_color_no,tied,0,connected_components,,0,0,7,7,1.0,0.0,1,7
974,7,12,generic_planar_three_color_no,tied,0,fiedler_median,,5,5,3,4,0.75,0.693934760281538,2,3 4
974,7,12,generic_planar_three_color_no,tied,0,fiedler_sign,,5,5,3,4,0.75,0.693934760281538,2,3 4
974,7,12,generic_planar_three_color_no,tied,0,bfs_balanced,,9,9,3,4,0.75,0.8613023138892252,2,3 4
976,7,12,generic_planar_three_color_no,tied,0,connected_components,,0,0,7,7,1.0,0.0,1,7
976,7,12,generic_planar_three_color_no,tied,0,fiedler_median,,4,4,3,4,0.75,0.4511758306830739,2,3 4
976,7,12,generic_planar_three_color_no,tied,0,fiedler_sign,,3,3,3,4,0.75,0.4965562013965393,2,4 3
976,7,12,generic_planar_three_color_no,tied,0,bfs_balanced,,5,5,3,4,0.75,0.5630233524495872,2,3 4
979,7,12,generic_planar_three_color_yes,tied,0,connected_components,,0,0,7,7,1.0,0.0,1,7
979,7,12,generic_planar_three_color_yes,tied,0,fiedler_median,,4,4,3,4,0.75,0.5962449256802763,2,3 4
979,7,12,generic_planar_three_color_yes,tied,0,fiedler_sign,,4,4,3,4,0.75,0.5962449256802763,2,3 4
979,7,12,generic_planar_three_color_yes,tied,0,bfs_balanced,,7,7,3,4,0.75,0.6057355222054065,2,3 4
980,7,12,generic_planar_three_color_yes,tied,0,connected_components,,0,0,7,7,1.0,0.0,1,7
980,7,12,generic_planar_three_color_yes,tied,0,fiedler_median,,6,6,3,4,0.75,0.544671008750206,2,3 4
980,7,12,generic_planar_three_color_yes,tied,0,fiedler_sign,,6,6,3,4,0.75,0.544671008750206,2,3 4
980,7,12,generic_planar_three_color_yes,tied,0,bfs_balanced,,6,6,3,4,0.75,0.5446710087502062,2,3 4
981,7,12,generic_planar_three_color_yes,tied,0,connected_components,,0,0,7,7,1.0,0.0,1,7
981,7,12,generic_planar_three_color_yes,tied,0,fiedler_median,,5,5,3,4,0.75,0.6550941506311858,2,3 4
981,7,12,generic_planar_three_color_yes,tied,0,fiedler_sign,,3,3,2,5,0.4,0.317885567089763,2,5 2
981,7,12,generic_planar_three_color_yes,tied,0,bfs_balanced,,7,7,3,4,0.75,0.5876461570598176,2,3 4
982,7,12,generic_planar_three_color_yes,tied,0,connected_components,,0,0,7,7,1.0,0.0,1,7
982,7,12,generic_planar_three_color_yes,tied,0,fiedler_median,,5,5,3,4,0.75,0.6627703627915543,2,3 4
982,7,12,generic_planar_three_color_yes,tied,0,fiedler_sign,,4,4,3,4,0.75,0.6398107888724643,2,4 3
982,7,12,generic_planar_three_color_yes,tied,0,bfs_balanced,,6,6,3,4,0.75,0.5356155433879461,2,3 4
985,7,12,generic_planar_three_color_yes,tied,0,connected_components,,0,0,7,7,1.0,0.0,1,7
985,7,12,generic_planar_three_color_yes,tied,0,fiedler_median,,5,5,3,4,0.75,0.5868361175209349,2,3 4
985,7,12,generic_planar_three_color_yes,tied,0,fiedler_sign,,5,5,3,4,0.75,0.43724299850458154,2,4 3
985,7,12,generic_planar_three_color_yes,tied,0,bfs_balanced,,5,5,3,4,0.75,0.5868361175209349,2,3 4
986,7,12,generic_planar_three_color_no,tied,0,connected_components,,0,0,7,7,1.0,0.0,1,7
986,7,12,generic_planar_three_color_no,tied,0,fiedler_median,,5,5,3,4,0.75,0.4881407996547889,2,3 4
986,7,12,generic_planar_three_color_no,tied,0,fiedler_sign,,3,3,3,4,0.75,0.5798381428751738,2,4 3
986,7,12,generic_planar_three_color_no,tied,0,bfs_balanced,,5,5,3,4,0.75,0.4881407996547889,2,3 4
989,7,12,generic_planar_three_color_yes,tied,0,connected_components,,0,0,7,7,1.0,0.0,1,7
989,7,12,generic_planar_three_color_yes,tied,0,fiedler_median,,6,6,3,4,0.75,0.6059333161437868,2,3 4
989,7,12,generic_planar_three_color_yes,tied,0,fiedler_sign,,6,6,3,4,0.75,0.6059333161437868,2,3 4
989,7,12,generic_planar_three_color_yes,tied,0,bfs_balanced,,6,6,3,4,0.75,0.6059333161437868,2,3 4
990,7,12,generic_planar_three_color_yes,tied,0,connected_components,,0,0,7,7,1.0,0.0,1,7
990,7,12,generic_planar_three_color_yes,tied,0,fiedler_median,,4,4,3,4,0.75,0.41098491062604836,2,3 4
990,7,12,generic_planar_three_color_yes,tied,0,fiedler_sign,,4,4,3,4,0.75,0.41098491062604847,2,4 3
990,7,12,generic_planar_three_color_yes,tied,0,bfs_balanced,,4,4,3,4,0.75,0.41098491062604836,2,3 4
992,7,12,generic_planar_three_color_yes,tied,0,connected_components,,0,0,7,7,1.0,0.0,1,7
992,7,12,generic_planar_three_color_yes,tied,0,fiedler_median,,4,4,3,4,0.75,0.6234604657280071,2,3 4
992,7,12,generic_planar_three_color_yes,tied,0,fiedler_sign,,4,4,3,4,0.75,0.6234604657280071,2,3 4
992,7,12,generic_planar_three_color_yes,tied,0,bfs_balanced,,7,7,3,4,0.75,0.5639600612708924,2,3 4
993,7,12,generic_planar_three_color_yes,tied,0,connected_components,,0,0,7,7,1.0,0.0,1,7
993,7,12,generic_planar_three_color_yes,tied,0,fiedler_median,,5,5,3,4,0.75,0.4454896553412638,2,3 4
993,7,12,generic_planar_three_color_yes,tied,0,fiedler_sign,,4,4,2,5,0.4,0.26953055017256244,2,5 2
993,7,12,generic_planar_three_color_yes,tied,0,bfs_balanced,,7,7,3,4,0.75,0.6824902282669646,2,3 4
995,7,12,generic_planar_three_color_yes,tied,0,connected_components,,0,0,7,7,1.0,0.0,1,7
995,7,12,generic_planar_three_color_yes,tied,0,fiedler_median,,5,5,3,4,0.75,0.3419914335440572,2,3 4
995,7,12,generic_planar_three_color_yes,tied,0,fiedler_sign,,4,4,3,4,0.75,0.5966082657672752,2,4 3
995,7,12,generic_planar_three_color_yes,tied,0,bfs_balanced,,7,7,3,4,0.75,0.5762971832445372,2,3 4
996,7,12,generic_planar_three_color_no,tied,0,connected_components,,0,0,7,7,1.0,0.0,1,7
996,7,12,generic_planar_three_color_no,tied,0,fiedler_median,,3,3,3,4,0.75,0.4782661363364699,2,3 4
996,7,12,generic_planar_three_color_no,tied,0,fiedler_sign,,3,3,3,4,0.75,0.4782661363364699,2,3 4
996,7,12,generic_planar_three_color_no,tied,0,bfs_balanced,,7,7,3,4,0.75,0.6978699686220127,2,3 4
997,7,12,generic_planar_three_color_yes,tied,0,connected_components,,0,0,7,7,1.0,0.0,1,7
997,7,12,generic_planar_three_color_yes,tied,0,fiedler_median,,4,4,3,4,0.75,0.7304595693193264,2,3 4
997,7,12,generic_planar_three_color_yes,tied,0,fiedler_sign,,4,4,3,4,0.75,0.7304595693193264,2,3 4
997,7,12,generic_planar_three_color_yes,tied,0,bfs_balanced,,6,6,3,4,0.75,0.46770485752413105,2,3 4
998,7,12,generic_planar_three_color_no,tied,0,connected_components,,0,0,7,7,1.0,0.0,1,7
998,7,12,generic_planar_three_color_no,tied,0,fiedler_median,,4,4,3,4,0.75,0.6214164034169737,2,3 4
998,7,12,generic_planar_three_color_no,tied,0,fiedler_sign,,4,4,3,4,0.75,0.6214164034169739,2,4 3
998,7,12,generic_planar_three_color_no,tied,0,bfs_balanced,,6,6,3,4,0.75,0.4961457785052114,2,3 4
999,7,12,generic_planar_three_color_yes,tied,0,connected_components,,0,0,7,7,1.0,0.0,1,7
999,7,12,generic_planar_three_color_yes,tied,0,fiedler_median,,4,4,3,4,0.75,0.606193222659683,2,3 4
999,7,12,generic_planar_three_color_yes,tied,0,fiedler_sign,,4,4,3,4,0.75,0.606193222659683,2,3 4
999,7,12,generic_planar_three_color_yes,tied,0,bfs_balanced,,6,6,3,4,0.75,0.48092259774792046,2,3 4
1002,7,12,generic_planar_three_color_no,tied,0,connected_components,,0,0,7,7,1.0,0.0,1,7
1002,7,12,generic_planar_three_color_no,tied,0,fiedler_median,,4,4,3,4,0.75,0.4823360188602024,2,3 4
1002,7,12,generic_planar_three_color_no,tied,0,fiedler_sign,,4,4,3,4,0.75,0.4823360188602024,2,4 3
1002,7,12,generic_planar_three_color_no,tied,0,bfs_balanced,,8,8,3,4,0.75,0.7475160444100514,2,3 4
1005,7,12,generic_planar_three_color_no,tied,0,connected_components,,0,0,7,7,1.0,0.0,1,7
1005,7,12,generic_planar_three_color_no,tied,0,fiedler_median,,6,6,3,4,0.75,0.6465075556526657,2,3 4
1005,7,12,generic_planar_three_color_no,tied,0,fiedler_sign,,6,6,3,4,0.75,0.6465075556526659,2,4 3
1005,7,12,generic_planar_three_color_no,tied,0,bfs_balanced,,6,6,3,4,0.75,0.6465075556526659,2,3 4
1006,7,12,generic_planar_three_color_no,tied,0,connected_components,,0,0,7,7,1.0,0.0,1,7
1006,7,12,generic_planar_three_color_no,tied,0,fiedler_median,,5,5,3,4,0.75,0.6697286979169303,2,3 4
1006,7,12,generic_planar_three_color_no,tied,0,fiedler_sign,,3,3,3,4,0.75,0.71832483695294,2,4 3
1006,7,12,generic_planar_three_color_no,tied,0,bfs_balanced,,6,6,3,4,0.75,0.47769046722239944,2,3 4
1008,7,12,generic_planar_three_color_yes,tied,0,connected_components,,0,0,7,7,1.0,0.0,1,7
1008,7,12,generic_planar_three_color_yes,tied,0,fiedler_median,,5,5,3,4,0.75,0.5954852852159312,2,3 4
1008,7,12,generic_planar_three_color_yes,tied,0,fiedler_sign,,5,5,3,4,0.75,0.5954852852159312,2,3 4
1008,7,12,generic_planar_three_color_yes,tied,0,bfs_balanced,,6,6,3,4,0.75,0.5793478063756271,2,3 4
1009,7,12,block_decomposition,improved,2,connected_components,,0,0,7,7,1.0,0.0,1,7
1009,7,12,block_decomposition,improved,2,articulation_separator,4,6,0,3,3,1.0,0.4702146603041689,3,3 3 1
1009,7,12,block_decomposition,improved,2,fiedler_median,,3,3,3,4,0.75,0.18450037458988328,2,3 4
1009,7,12,block_decomposition,improved,2,fiedler_sign,,3,3,3,4,0.75,0.18450037458988328,2,3 4
1009,7,12,block_decomposition,improved,2,bfs_balanced,,8,8,3,4,0.75,0.9232964996261416,2,3 4
1015,7,13,block_decomposition,improved,5,connected_components,,0,0,7,7,1.0,0.0,1,7
1015,7,13,block_decomposition,improved,5,articulation_separator,0,6,0,1,5,0.2,0.4794797415255193,3,1 5 1
1015,7,13,block_decomposition,improved,5,fiedler_median,,6,6,3,4,0.75,0.5863024612858619,2,3 4
1015,7,13,block_decomposition,improved,5,fiedler_sign,,5,5,2,5,0.4,0.3566160785361987,2,2 5
1015,7,13,block_decomposition,improved,5,bfs_balanced,,8,8,3,4,0.75,0.7304656588338144,2,3 4
1016,7,13,block_decomposition,improved,5,connected_components,,0,0,7,7,1.0,0.0,1,7
1016,7,13,block_decomposition,improved,5,articulation_separator,6,5,0,1,5,0.2,0.45595590440151446,3,1 5 1
1016,7,13,block_decomposition,improved,5,fiedler_median,,6,6,3,4,0.75,0.6486510760938081,2,3 4
1016,7,13,block_decomposition,improved,5,fiedler_sign,,4,4,2,5,0.4,0.3191317076765388,2,5 2
1016,7,13,block_decomposition,improved,5,bfs_balanced,,7,7,3,4,0.75,0.5688323650310267,2,3 4
1021,7,13,block_decomposition,improved,5,connected_components,,0,0,7,7,1.0,0.0,1,7
1021,7,13,block_decomposition,improved,5,articulation_separator,1,4,0,1,5,0.2,0.4430674690825791,3,5 1 1
1021,7,13,block_decomposition,improved,5,fiedler_median,,6,6,3,4,0.75,0.6598094620212162,2,3 4
1021,7,13,block_decomposition,improved,5,fiedler_sign,,3,3,2,5,0.4,0.2524717301477751,2,5 2
1021,7,13,block_decomposition,improved,5,bfs_balanced,,7,7,3,4,0.75,0.7084056010572256,2,3 4
1024,7,13,block_decomposition,improved,1,connected_components,,0,0,7,7,1.0,0.0,1,7
1024,7,13,block_decomposition,improved,1,articulation_separator,6,5,0,1,5,0.2,0.4429179967705892,3,1 5 1
1024,7,13,block_decomposition,improved,1,fiedler_median,,8,8,3,4,0.75,0.6603082835919493,2,3 4
1024,7,13,block_decomposition,improved,1,fiedler_sign,,4,4,2,5,0.4,0.34133520156373404,2,5 2
1024,7,13,block_decomposition,improved,1,bfs_balanced,,6,6,3,4,0.75,0.5340538200468652,2,3 4
1025,7,13,generic_planar_three_color_no,tied,0,connected_components,,0,0,7,7,1.0,0.0,1,7
1025,7,13,generic_planar_three_color_no,tied,0,fiedler_median,,6,6,3,4,0.75,0.46836622651867893,2,3 4
1025,7,13,generic_planar_three_color_no,tied,0,fiedler_sign,,4,4,2,5,0.4,0.31189451441960747,2,2 5
1025,7,13,generic_planar_three_color_no,tied,0,bfs_balanced,,7,7,3,4,0.75,0.6107693155603815,2,3 4
1026,7,13,generic_planar_three_color_no,tied,0,connected_components,,0,0,7,7,1.0,0.0,1,7
1026,7,13,generic_planar_three_color_no,tied,0,fiedler_median,,6,6,3,4,0.75,0.50021009204942,2,3 4
1026,7,13,generic_planar_three_color_no,tied,0,fiedler_sign,,6,6,3,4,0.75,0.50021009204942,2,3 4
1026,7,13,generic_planar_three_color_no,tied,0,bfs_balanced,,10,10,3,4,0.75,0.8372348924947699,2,3 4
1027,7,13,generic_planar_three_color_no,tied,0,connected_components,,0,0,7,7,1.0,0.0,1,7
1027,7,13,generic_planar_three_color_no,tied,0,fiedler_median,,6,6,3,4,0.75,0.7466779341864738,2,3 4
1027,7,13,generic_planar_three_color_no,tied,0,fiedler_sign,,6,6,3,4,0.75,0.7466779341864738,2,3 4
1027,7,13,generic_planar_three_color_no,tied,0,bfs_balanced,,8,8,3,4,0.75,0.7079095203150604,2,3 4
1028,7,13,generic_planar_three_color_no,tied,0,connected_components,,0,0,7,7,1.0,0.0,1,7
1028,7,13,generic_planar_three_color_no,tied,0,fiedler_median,,5,5,3,4,0.75,0.6005599706237353,2,3 4
1028,7,13,generic_planar_three_color_no,tied,0,fiedler_sign,,5,5,3,4,0.75,0.6005599706237353,2,3 4
1028,7,13,generic_planar_three_color_no,tied,0,bfs_balanced,,9,9,3,4,0.75,0.6095072567323881,2,3 4
1029,7,13,generic_planar_three_color_no,tied,0,connected_components,,0,0,7,7,1.0,0.0,1,7
1029,7,13,generic_planar_three_color_no,tied,0,fiedler_median,,7,7,3,4,0.75,0.6265664411888919,2,3 4
1029,7,13,generic_planar_three_color_no,tied,0,fiedler_sign,,6,6,3,4,0.75,0.6036068672698021,2,4 3
1029,7,13,generic_planar_three_color_no,tied,0,bfs_balanced,,8,8,3,4,0.75,0.7640505280723249,2,3 4
1030,7,13,generic_planar_three_color_no,tied,0,connected_components,,0,0,7,7,1.0,0.0,1,7
1030,7,13,generic_planar_three_color_no,tied,0,fiedler_median,,5,5,3,4,0.75,0.5716041555304968,2,3 4
1030,7,13,generic_planar_three_color_no,tied,0,fiedler_sign,,5,5,3,4,0.75,0.5716041555304968,2,3 4
1030,7,13,generic_planar_three_color_no,tied,0,bfs_balanced,,6,6,3,4,0.75,0.4888109453521133,2,3 4
1031,7,13,generic_planar_three_color_no,tied,0,connected_components,,0,0,7,7,1.0,0.0,1,7
1031,7,13,generic_planar_three_color_no,tied,0,fiedler_median,,6,6,3,4,0.75,0.5635763954039716,2,3 4
1031,7,13,generic_planar_three_color_no,tied,0,fiedler_sign,,6,6,3,4,0.75,0.5865359693230614,2,4 3
1031,7,13,generic_planar_three_color_no,tied,0,bfs_balanced,,8,8,3,4,0.75,0.5861069262088678,2,3 4
1033,7,13,generic_planar_three_color_no,tied,0,connected_components,,0,0,7,7,1.0,0.0,1,7
1033,7,13,generic_planar_three_color_no,tied,0,fiedler_median,,5,5,3,4,0.75,0.5789542134595599,2,3 4
1033,7,13,generic_planar_three_color_no,tied,0,fiedler_sign,,5,5,3,4,0.75,0.5789542134595599,2,4 3
1033,7,13,generic_planar_three_color_no,tied,0,bfs_balanced,,7,7,3,4,0.75,0.5322422689153957,2,3 4
1038,7,13,generic_planar_three_color_no,tied,0,connected_components,,0,0,7,7,1.0,0.0,1,7
1038,7,13,generic_planar_three_color_no,tied,0,fiedler_median,,7,7,3,4,0.75,0.4958622090155556,2,3 4
1038,7,13,generic_planar_three_color_no,tied,0,fiedler_sign,,6,6,2,5,0.4,0.43494844189336546,2,5 2
1038,7,13,generic_planar_three_color_no,tied,0,bfs_balanced,,6,6,3,4,0.75,0.5467959636598786,2,3 4
1039,7,13,generic_planar_three_color_no,tied,0,connected_components,,0,0,7,7,1.0,0.0,1,7
1039,7,13,generic_planar_three_color_no,tied,0,fiedler_median,,7,7,3,4,0.75,0.656522053364971,2,3 4
1039,7,13,generic_planar_three_color_no,tied,0,fiedler_sign,,7,7,3,4,0.75,0.656522053364971,2,3 4
1039,7,13,generic_planar_three_color_no,tied,0,bfs_balanced,,8,8,3,4,0.75,0.7188102390825628,2,3 4
1040,7,13,generic_planar_three_color_no,tied,0,connected_components,,0,0,7,7,1.0,0.0,1,7
1040,7,13,generic_planar_three_color_no,tied,0,fiedler_median,,5,5,3,4,0.75,0.49219290029529544,2,3 4
1040,7,13,generic_planar_three_color_no,tied,0,fiedler_sign,,5,5,3,4,0.75,0.49219290029529544,2,3 4
1040,7,13,generic_planar_three_color_no,tied,0,bfs_balanced,,7,7,3,4,0.75,0.6526365610978183,2,3 4
1041,7,13,generic_planar_three_color_no,tied,0,connected_components,,0,0,7,7,1.0,0.0,1,7
1041,7,13,generic_planar_three_color_no,tied,0,fiedler_median,,5,5,3,4,0.75,0.5904791261065032,2,3 4
1041,7,13,generic_planar_three_color_no,tied,0,fiedler_sign,,5,5,3,4,0.75,0.5904791261065032,2,3 4
1041,7,13,generic_planar_three_color_no,tied,0,bfs_balanced,,9,9,3,4,0.75,0.6410917001876009,2,3 4
1043,7,13,generic_planar_three_color_no,tied,0,connected_components,,0,0,7,7,1.0,0.0,1,7
1043,7,13,generic_planar_three_color_no,tied,0,fiedler_median,,5,5,3,4,0.75,0.7488790079577922,2,3 4
1043,7,13,generic_planar_three_color_no,tied,0,fiedler_sign,,6,6,3,4,0.75,0.803735012911967,2,4 3
1043,7,13,generic_planar_three_color_no,tied,0,bfs_balanced,,7,7,3,4,0.75,0.7431980058765183,2,3 4
1046,7,13,generic_planar_three_color_no,tied,0,connected_components,,0,0,7,7,1.0,0.0,1,7
1046,7,13,generic_planar_three_color_no,tied,0,fiedler_median,,5,5,3,4,0.75,0.6489306467477813,2,3 4
1046,7,13,generic_planar_three_color_no,tied,0,fiedler_sign,,6,6,3,4,0.75,0.6845524319032735,2,4 3
1046,7,13,generic_planar_three_color_no,tied,0,bfs_balanced,,8,8,3,4,0.75,0.6400343306396606,2,3 4
1047,7,13,generic_planar_three_color_no,tied,0,connected_components,,0,0,7,7,1.0,0.0,1,7
1047,7,13,generic_planar_three_color_no,tied,0,fiedler_median,,5,5,3,4,0.75,0.4476545866196534,2,3 4
1047,7,13,generic_planar_three_color_no,tied,0,fiedler_sign,,5,5,3,4,0.75,0.4476545866196534,2,4 3
1047,7,13,generic_planar_three_color_no,tied,0,bfs_balanced,,8,8,3,4,0.75,0.6080982474221761,2,3 4
1048,7,13,generic_planar_three_color_no,tied,0,connected_components,,0,0,7,7,1.0,0.0,1,7
1048,7,13,generic_planar_three_color_no,tied,0,fiedler_median,,6,6,3,4,0.75,0.6236083830460297,2,3 4
1048,7,13,generic_planar_three_color_no,tied,0,fiedler_sign,,6,6,3,4,0.75,0.6236083830460297,2,3 4
1048,7,13,generic_planar_three_color_no,tied,0,bfs_balanced,,8,8,3,4,0.75,0.852331151947977,2,3 4
1050,7,13,generic_planar_three_color_no,tied,0,connected_components,,0,0,7,7,1.0,0.0,1,7
1050,7,13,generic_planar_three_color_no,tied,0,fiedler_median,,6,6,3,4,0.75,0.6531455210937681,2,3 4
1050,7,13,generic_planar_three_color_no,tied,0,fiedler_sign,,3,3,2,5,0.4,0.3743677966838483,2,5 2
1050,7,13,generic_planar_three_color_no,tied,0,bfs_balanced,,7,7,3,4,0.75,0.5186204918155285,2,3 4
1051,7,13,generic_planar_three_color_no,tied,0,connected_components,,0,0,7,7,1.0,0.0,1,7
1051,7,13,generic_planar_three_color_no,tied,0,fiedler_median,,6,6,3,4,0.75,0.5719160947126137,2,3 4
1051,7,13,generic_planar_three_color_no,tied,0,fiedler_sign,,5,5,3,4,0.75,0.6565814049371473,2,4 3
1051,7,13,generic_planar_three_color_no,tied,0,bfs_balanced,,8,8,3,4,0.75,0.7323597555151365,2,3 4
1052,7,13,generic_planar_three_color_no,tied,0,connected_components,,0,0,7,7,1.0,0.0,1,7
1052,7,13,generic_planar_three_color_no,tied,0,fiedler_median,,6,6,3,4,0.75,0.6348709281438849,2,3 4
1052,7,13,generic_planar_three_color_no,tied,0,fiedler_sign,,4,4,2,5,0.4,0.4623244525718316,2,5 2
1052,7,13,generic_planar_three_color_no,tied,0,bfs_balanced,,7,7,3,4,0.75,0.6348709281438847,2,3 4
1053,7,13,generic_planar_three_color_yes,tied,0,connected_components,,0,0,7,7,1.0,0.0,1,7
1053,7,13,generic_planar_three_color_yes,tied,0,fiedler_median,,6,6,3,4,0.75,0.7809908345049773,2,3 4
1053,7,13,generic_planar_three_color_yes,tied,0,fiedler_sign,,6,6,3,4,0.75,0.7809908345049773,2,3 4
1053,7,13,generic_planar_three_color_yes,tied,0,bfs_balanced,,6,6,3,4,0.75,0.7809908345049775,2,3 4
1054,7,13,generic_planar_three_color_no,tied,0,connected_components,,0,0,7,7,1.0,0.0,1,7
1054,7,13,generic_planar_three_color_no,tied,0,fiedler_median,,5,5,3,4,0.75,0.5694172255341914,2,3 4
1054,7,13,generic_planar_three_color_no,tied,0,fiedler_sign,,5,5,3,4,0.75,0.5694172255341914,2,4 3
1054,7,13,generic_planar_three_color_no,tied,0,bfs_balanced,,8,8,3,4,0.75,0.6679119568377647,2,3 4
1055,7,13,generic_planar_three_color_no,tied,0,connected_components,,0,0,7,7,1.0,0.0,1,7
1055,7,13,generic_planar_three_color_no,tied,0,fiedler_median,,6,6,3,4,0.75,0.6405029359432238,2,3 4
1055,7,13,generic_planar_three_color_no,tied,0,fiedler_sign,,5,5,3,4,0.75,0.463167450322712,2,4 3
1055,7,13,generic_planar_three_color_no,tied,0,bfs_balanced,,7,7,3,4,0.75,0.5710968588675823,2,3 4
1058,7,13,generic_planar_three_color_no,tied,0,connected_components,,0,0,7,7,1.0,0.0,1,7
1058,7,13,generic_planar_three_color_no,tied,0,fiedler_median,,5,5,3,4,0.75,0.5218887212155043,2,3 4
1058,7,13,generic_planar_three_color_no,tied,0,fiedler_sign,,4,4,3,4,0.75,0.5818508487686981,2,4 3
1058,7,13,generic_planar_three_color_no,tied,0,bfs_balanced,,7,7,3,4,0.75,0.5488502703632174,2,3 4
1059,7,13,generic_planar_three_color_yes,tied,0,connected_components,,0,0,7,7,1.0,0.0,1,7
1059,7,13,generic_planar_three_color_yes,tied,0,fiedler_median,,7,7,3,4,0.75,0.6436263890090143,2,3 4
1059,7,13,generic_planar_three_color_yes,tied,0,fiedler_sign,,5,5,2,5,0.4,0.5382829256752347,2,5 2
1059,7,13,generic_planar_three_color_yes,tied,0,bfs_balanced,,6,6,3,4,0.75,0.919413211790061,2,3 4
1060,7,13,generic_planar_three_color_yes,tied,0,connected_components,,0,0,7,7,1.0,0.0,1,7
1060,7,13,generic_planar_three_color_yes,tied,0,fiedler_median,,6,6,3,4,0.75,0.7273818992944977,2,3 4
1060,7,13,generic_planar_three_color_yes,tied,0,fiedler_sign,,6,6,3,4,0.75,0.7273818992944977,2,3 4
1060,7,13,generic_planar_three_color_yes,tied,0,bfs_balanced,,6,6,3,4,0.75,0.8756120981253507,2,3 4
1061,7,13,generic_planar_three_color_no,tied,0,connected_components,,0,0,7,7,1.0,0.0,1,7
1061,7,13,generic_planar_three_color_no,tied,0,fiedler_median,,6,6,3,4,0.75,0.5898689341650875,2,3 4
1061,7,13,generic_planar_three_color_no,tied,0,fiedler_sign,,6,6,3,4,0.75,0.5898689341650875,2,3 4
1061,7,13,generic_planar_three_color_no,tied,0,bfs_balanced,,8,8,3,4,0.75,0.7470706712041724,2,3 4
1063,7,13,generic_planar_three_color_no,tied,0,connected_components,,0,0,7,7,1.0,0.0,1,7
1063,7,13,generic_planar_three_color_no,tied,0,fiedler_median,,5,5,3,4,0.75,0.4022462837672589,2,3 4
1063,7,13,generic_planar_three_color_no,tied,0,fiedler_sign,,4,4,3,4,0.75,0.4351231460621025,2,4 3
1063,7,13,generic_planar_three_color_no,tied,0,bfs_balanced,,5,5,3,4,0.75,0.4022462837672589,2,3 4
1065,7,13,generic_planar_three_color_yes,tied,0,connected_components,,0,0,7,7,1.0,0.0,1,7
1065,7,13,generic_planar_three_color_yes,tied,0,fiedler_median,,5,5,3,4,0.75,0.6840621448267792,2,3 4
1065,7,13,generic_planar_three_color_yes,tied,0,fiedler_sign,,5,5,3,4,0.75,0.6840621448267792,2,4 3
1065,7,13,generic_planar_three_color_yes,tied,0,bfs_balanced,,7,7,3,4,0.75,0.8445058056293021,2,3 4
1069,7,13,generic_planar_three_color_yes,tied,0,connected_components,,0,0,7,7,1.0,0.0,1,7
1069,7,13,generic_planar_three_color_yes,tied,0,fiedler_median,,5,5,3,4,0.75,0.6352226151402751,2,3 4
1069,7,13,generic_planar_three_color_yes,tied,0,fiedler_sign,,5,5,3,4,0.75,0.6352226151402751,2,4 3
1069,7,13,generic_planar_three_color_yes,tied,0,bfs_balanced,,7,7,3,4,0.75,0.5981476527316368,2,3 4
1071,7,13,generic_planar_three_color_no,tied,0,connected_components,,0,0,7,7,1.0,0.0,1,7
1071,7,13,generic_planar_three_color_no,tied,0,fiedler_median,,5,5,3,4,0.75,0.504480070836264,2,3 4
1071,7,13,generic_planar_three_color_no,tied,0,fiedler_sign,,4,4,3,4,0.75,0.6649237316387868,2,4 3
1071,7,13,generic_planar_three_color_no,tied,0,bfs_balanced,,8,8,3,4,0.75,0.6698798910805647,2,3 4
1075,7,13,generic_planar_three_color_yes,tied,0,connected_components,,0,0,7,7,1.0,0.0,1,7
1075,7,13,generic_planar_three_color_yes,tied,0,fiedler_median,,6,6,3,4,0.75,0.705468997264589,2,3 4
1075,7,13,generic_planar_three_color_yes,tied,0,fiedler_sign,,6,6,3,4,0.75,0.5450253364620664,2,4 3
1075,7,13,generic_planar_three_color_yes,tied,0,bfs_balanced,,6,6,3,4,0.75,0.5450253364620663,2,3 4
1077,7,13,generic_planar_three_color_no,tied,0,connected_components,,0,0,7,7,1.0,0.0,1,7
1077,7,13,generic_planar_three_color_no,tied,0,fiedler_median,,5,5,3,4,0.75,0.5548238146526755,2,3 4
1077,7,13,generic_planar_three_color_no,tied,0,fiedler_sign,,5,5,3,4,0.75,0.5548238146526755,2,3 4
1077,7,13,generic_planar_three_color_no,tied,0,bfs_balanced,,6,6,3,4,0.75,0.6666713364191884,2,3 4
1078,7,13,generic_planar_three_color_no,tied,0,connected_components,,0,0,7,7,1.0,0.0,1,7
1078,7,13,generic_planar_three_color_no,tied,0,fiedler_median,,5,5,3,4,0.75,0.6282453219865116,2,3 4
1078,7,13,generic_planar_three_color_no,tied,0,fiedler_sign,,5,5,3,4,0.75,0.6282453219865116,2,3 4
1078,7,13,generic_planar_three_color_no,tied,0,bfs_balanced,,6,6,3,4,0.75,0.6512048959056014,2,3 4
1080,7,13,generic_planar_three_color_yes,tied,0,connected_components,,0,0,7,7,1.0,0.0,1,7
1080,7,13,generic_planar_three_color_yes,tied,0,fiedler_median,,6,6,3,4,0.75,0.6661427301333228,2,3 4
1080,7,13,generic_planar_three_color_yes,tied,0,fiedler_sign,,4,4,2,5,0.4,0.3129804508476689,2,2 5
1080,7,13,generic_planar_three_color_yes,tied,0,bfs_balanced,,8,8,3,4,0.75,0.7422100537482509,2,3 4
1081,7,13,generic_planar_three_color_no,tied,0,connected_components,,0,0,7,7,1.0,0.0,1,7
1081,7,13,generic_planar_three_color_no,tied,0,fiedler_median,,4,4,3,4,0.75,0.45649576803396463,2,3 4
1081,7,13,generic_planar_three_color_no,tied,0,fiedler_sign,,4,4,3,4,0.75,0.45649576803396463,2,4 3
1081,7,13,generic_planar_three_color_no,tied,0,bfs_balanced,,9,9,3,4,0.75,0.9243209252255189,2,3 4
1082,7,13,generic_planar_three_color_no,tied,0,connected_components,,0,0,7,7,1.0,0.0,1,7
1082,7,13,generic_planar_three_color_no,tied,0,fiedler_median,,5,5,3,4,0.75,0.5706820146664073,2,3 4
1082,7,13,generic_planar_three_color_no,tied,0,fiedler_sign,,5,5,3,4,0.75,0.5706820146664073,2,3 4
1082,7,13,generic_planar_three_color_no,tied,0,bfs_balanced,,8,8,3,4,0.75,0.7664951692684809,2,3 4
1083,7,13,generic_planar_three_color_yes,tied,0,connected_components,,0,0,7,7,1.0,0.0,1,7
1083,7,13,generic_planar_three_color_yes,tied,0,fiedler_median,,5,5,3,4,0.75,0.6457619449854636,2,3 4
1083,7,13,generic_planar_three_color_yes,tied,0,fiedler_sign,,5,5,3,4,0.75,0.6457619449854636,2,3 4
1083,7,13,generic_planar_three_color_yes,tied,0,bfs_balanced,,6,6,3,4,0.75,0.6830200769750601,2,3 4
1086,7,13,generic_planar_three_color_no,tied,0,connected_components,,0,0,7,7,1.0,0.0,1,7
1086,7,13,generic_planar_three_color_no,tied,0,fiedler_median,,5,5,3,4,0.75,0.44175385291904873,2,3 4
1086,7,13,generic_planar_three_color_no,tied,0,fiedler_sign,,4,4,3,4,0.75,0.6021975137215713,2,4 3
1086,7,13,generic_planar_three_color_no,tied,0,bfs_balanced,,5,5,3,4,0.75,0.4417538529190487,2,3 4
1087,7,13,generic_planar_three_color_yes,tied,0,connected_components,,0,0,7,7,1.0,0.0,1,7
1087,7,13,generic_planar_three_color_yes,tied,0,fiedler_median,,5,5,3,4,0.75,0.651420744258442,2,3 4
1087,7,13,generic_planar_three_color_yes,tied,0,fiedler_sign,,4,4,2,5,0.4,0.21984378441182084,2,2 5
1087,7,13,generic_planar_three_color_yes,tied,0,bfs_balanced,,6,6,3,4,0.75,0.763268266024955,2,3 4
1089,7,13,generic_planar_three_color_yes,tied,0,connected_components,,0,0,7,7,1.0,0.0,1,7
1089,7,13,generic_planar_three_color_yes,tied,0,fiedler_median,,5,5,3,4,0.75,0.7036619907403727,2,3 4
1089,7,13,generic_planar_three_color_yes,tied,0,fiedler_sign,,5,5,3,4,0.75,0.7036619907403727,2,4 3
1089,7,13,generic_planar_three_color_yes,tied,0,bfs_balanced,,7,7,3,4,0.75,0.47059885256196443,2,3 4
1091,7,13,generic_planar_three_color_no,tied,0,connected_components,,0,0,7,7,1.0,0.0,1,7
1091,7,13,generic_planar_three_color_no,tied,0,fiedler_median,,5,5,3,4,0.75,0.5754551999036129,2,3 4
1091,7,13,generic_planar_three_color_no,tied,0,fiedler_sign,,4,4,3,4,0.75,0.7358988607061357,2,4 3
1091,7,13,generic_planar_three_color_no,tied,0,bfs_balanced,,8,8,3,4,0.75,0.6409653135978246,2,3 4
1093,7,13,generic_planar_three_color_yes,tied,0,connected_components,,0,0,7,7,1.0,0.0,1,7
1093,7,13,generic_planar_three_color_yes,tied,0,fiedler_median,,6,6,3,4,0.75,0.7711297159954789,2,3 4
1093,7,13,generic_planar_three_color_yes,tied,0,fiedler_sign,,6,6,3,4,0.75,0.5600339835385563,2,4 3
1093,7,13,generic_planar_three_color_yes,tied,0,bfs_balanced,,7,7,3,4,0.75,0.5829935574576464,2,3 4
1095,7,13,generic_planar_three_color_no,tied,0,connected_components,,0,0,7,7,1.0,0.0,1,7
1095,7,13,generic_planar_three_color_no,tied,0,fiedler_median,,6,6,3,4,0.75,0.58513784287489,2,3 4
1095,7,13,generic_planar_three_color_no,tied,0,fiedler_sign,,6,6,3,4,0.75,0.58513784287489,2,3 4
1095,7,13,generic_planar_three_color_no,tied,0,bfs_balanced,,7,7,3,4,0.75,0.6080974167939802,2,3 4
1097,7,13,generic_planar_three_color_no,tied,0,connected_components,,0,0,7,7,1.0,0.0,1,7
1097,7,13,generic_planar_three_color_no,tied,0,fiedler_median,,5,5,3,4,0.75,0.6740733753351602,2,3 4
1097,7,13,generic_planar_three_color_no,tied,0,fiedler_sign,,5,5,3,4,0.75,0.6740733753351602,2,4 3
1097,7,13,generic_planar_three_color_no,tied,0,bfs_balanced,,8,8,3,4,0.75,0.6307254663757992,2,3 4
1099,7,13,generic_planar_three_color_no,tied,0,connected_components,,0,0,7,7,1.0,0.0,1,7
1099,7,13,generic_planar_three_color_no,tied,0,fiedler_median,,4,4,3,4,0.75,0.5897950085631941,2,3 4
1099,7,13,generic_planar_three_color_no,tied,0,fiedler_sign,,4,4,3,4,0.75,0.5897950085631941,2,3 4
1099,7,13,generic_planar_three_color_no,tied,0,bfs_balanced,,7,7,3,4,0.75,0.5897950085631942,2,3 4
1101,7,13,generic_planar_three_color_no,tied,0,connected_components,,0,0,7,7,1.0,0.0,1,7
1101,7,13,generic_planar_three_color_no,tied,0,fiedler_median,,5,5,3,4,0.75,0.6816672980798517,2,3 4
1101,7,13,generic_planar_three_color_no,tied,0,fiedler_sign,,5,5,3,4,0.75,0.6816672980798517,2,3 4
1101,7,13,generic_planar_three_color_no,tied,0,bfs_balanced,,5,5,3,4,0.75,0.6816672980798517,2,3 4
1104,7,13,generic_planar_three_color_no,tied,0,connected_components,,0,0,7,7,1.0,0.0,1,7
1104,7,13,generic_planar_three_color_no,tied,0,fiedler_median,,6,6,3,4,0.75,0.8594555050623038,2,3 4
1104,7,13,generic_planar_three_color_no,tied,0,fiedler_sign,,6,6,3,4,0.75,0.8594555050623038,2,3 4
1104,7,13,generic_planar_three_color_no,tied,0,bfs_balanced,,6,6,3,4,0.75,0.8594555050623038,2,3 4
1117,7,14,generic_planar_three_color_no,tied,0,connected_components,,0,0,7,7,1.0,0.0,1,7
1117,7,14,generic_planar_three_color_no,tied,0,fiedler_median,,8,8,3,4,0.75,0.6180183344741875,2,3 4
1117,7,14,generic_planar_three_color_no,tied,0,fiedler_sign,,8,8,3,4,0.75,0.688604634923516,2,4 3
1117,7,14,generic_planar_three_color_no,tied,0,bfs_balanced,,8,8,3,4,0.75,0.688604634923516,2,3 4
1118,7,14,generic_planar_three_color_no,tied,0,connected_components,,0,0,7,7,1.0,0.0,1,7
1118,7,14,generic_planar_three_color_no,tied,0,fiedler_median,,7,7,3,4,0.75,0.7512178818796625,2,3 4
1118,7,14,generic_planar_three_color_no,tied,0,fiedler_sign,,7,7,3,4,0.75,0.7512178818796625,2,3 4
1118,7,14,generic_planar_three_color_no,tied,0,bfs_balanced,,7,7,3,4,0.75,0.5715419292586011,2,3 4
1120,7,14,generic_planar_three_color_no,tied,0,connected_components,,0,0,7,7,1.0,0.0,1,7
1120,7,14,generic_planar_three_color_no,tied,0,fiedler_median,,7,7,3,4,0.75,0.6692814165055971,2,3 4
1120,7,14,generic_planar_three_color_no,tied,0,fiedler_sign,,6,6,3,4,0.75,0.669281416505597,2,4 3
1120,7,14,generic_planar_three_color_no,tied,0,bfs_balanced,,7,7,3,4,0.75,0.692240990424687,2,3 4
1121,7,14,generic_planar_three_color_no,tied,0,connected_components,,0,0,7,7,1.0,0.0,1,7
1121,7,14,generic_planar_three_color_no,tied,0,fiedler_median,,6,6,3,4,0.75,0.6404112403221277,2,3 4
1121,7,14,generic_planar_three_color_no,tied,0,fiedler_sign,,4,4,2,5,0.4,0.35518193895404326,2,2 5
1121,7,14,generic_planar_three_color_no,tied,0,bfs_balanced,,8,8,3,4,0.75,0.8008549011246506,2,3 4
1127,7,14,generic_planar_three_color_no,tied,0,connected_components,,0,0,7,7,1.0,0.0,1,7
1127,7,14,generic_planar_three_color_no,tied,0,fiedler_median,,6,6,3,4,0.75,0.6052044109917915,2,3 4
1127,7,14,generic_planar_three_color_no,tied,0,fiedler_sign,,5,5,3,4,0.75,0.6577166947523584,2,4 3
1127,7,14,generic_planar_three_color_no,tied,0,bfs_balanced,,6,6,3,4,0.75,0.6052044109917915,2,3 4
1135,7,14,generic_planar_three_color_yes,tied,0,connected_components,,0,0,7,7,1.0,0.0,1,7
1135,7,14,generic_planar_three_color_yes,tied,0,fiedler_median,,6,6,3,4,0.75,0.7693785048002145,2,3 4
1135,7,14,generic_planar_three_color_yes,tied,0,fiedler_sign,,6,6,3,4,0.75,0.7693785048002145,2,4 3
1135,7,14,generic_planar_three_color_yes,tied,0,bfs_balanced,,7,7,3,4,0.75,0.483664219085929,2,3 4
1138,7,14,generic_planar_three_color_no,tied,0,connected_components,,0,0,7,7,1.0,0.0,1,7
1138,7,14,generic_planar_three_color_no,tied,0,fiedler_median,,6,6,3,4,0.75,0.4914560427005589,2,3 4
1138,7,14,generic_planar_three_color_no,tied,0,fiedler_sign,,6,6,3,4,0.75,0.4914560427005589,2,3 4
1138,7,14,generic_planar_three_color_no,tied,0,bfs_balanced,,7,7,3,4,0.75,0.603303564467072,2,3 4
1141,7,14,generic_planar_three_color_no,tied,0,connected_components,,0,0,7,7,1.0,0.0,1,7
1141,7,14,generic_planar_three_color_no,tied,0,fiedler_median,,6,6,3,4,0.75,0.6626074826491253,2,3 4
1141,7,14,generic_planar_three_color_no,tied,0,fiedler_sign,,6,6,3,4,0.75,0.6626074826491253,2,3 4
1141,7,14,generic_planar_three_color_no,tied,0,bfs_balanced,,9,9,3,4,0.75,0.6882840989479894,2,3 4
1142,7,14,generic_planar_three_color_no,tied,0,connected_components,,0,0,7,7,1.0,0.0,1,7
1142,7,14,generic_planar_three_color_no,tied,0,fiedler_median,,6,6,3,4,0.75,0.49901949914163346,2,3 4
1142,7,14,generic_planar_three_color_no,tied,0,fiedler_sign,,6,6,3,4,0.75,0.49901949914163346,2,3 4
1142,7,14,generic_planar_three_color_no,tied,0,bfs_balanced,,10,10,3,4,0.75,0.7963596502417553,2,3 4
1144,7,14,generic_planar_three_color_no,tied,0,connected_components,,0,0,7,7,1.0,0.0,1,7
1144,7,14,generic_planar_three_color_no,tied,0,fiedler_median,,5,5,3,4,0.75,0.5380125749164708,2,3 4
1144,7,14,generic_planar_three_color_no,tied,0,fiedler_sign,,5,5,3,4,0.75,0.5380125749164708,2,4 3
1144,7,14,generic_planar_three_color_no,tied,0,bfs_balanced,,8,8,3,4,0.75,0.6127065105029652,2,3 4
1145,7,14,generic_planar_three_color_no,tied,0,connected_components,,0,0,7,7,1.0,0.0,1,7
1145,7,14,generic_planar_three_color_no,tied,0,fiedler_median,,6,6,3,4,0.75,0.6019852107991136,2,3 4
1145,7,14,generic_planar_three_color_no,tied,0,fiedler_sign,,5,5,3,4,0.75,0.7624288716016367,2,4 3
1145,7,14,generic_planar_three_color_no,tied,0,bfs_balanced,,7,7,3,4,0.75,0.4626154395063346,2,3 4
1146,7,14,generic_planar_three_color_no,tied,0,connected_components,,0,0,7,7,1.0,0.0,1,7
1146,7,14,generic_planar_three_color_no,tied,0,fiedler_median,,6,6,3,4,0.75,0.7357821593363459,2,3 4
1146,7,14,generic_planar_three_color_no,tied,0,fiedler_sign,,6,6,3,4,0.75,0.7357821593363459,2,3 4
1146,7,14,generic_planar_three_color_no,tied,0,bfs_balanced,,7,7,3,4,0.75,0.6328681635571771,2,3 4
1150,7,14,generic_planar_three_color_no,tied,0,connected_components,,0,0,7,7,1.0,0.0,1,7
1150,7,14,generic_planar_three_color_no,tied,0,fiedler_median,,5,5,3,4,0.75,0.7215507316695761,2,3 4
1150,7,14,generic_planar_three_color_no,tied,0,fiedler_sign,,5,5,3,4,0.75,0.7215507316695761,2,3 4
1150,7,14,generic_planar_three_color_no,tied,0,bfs_balanced,,7,7,3,4,0.75,0.6729545926335666,2,3 4
1154,7,14,generic_planar_three_color_no,tied,0,connected_components,,0,0,7,7,1.0,0.0,1,7
1154,7,14,generic_planar_three_color_no,tied,0,fiedler_median,,6,6,3,4,0.75,0.645383256778713,2,3 4
1154,7,14,generic_planar_three_color_no,tied,0,fiedler_sign,,5,5,3,4,0.75,0.8058269175812358,2,4 3
1154,7,14,generic_planar_three_color_no,tied,0,bfs_balanced,,6,6,3,4,0.75,0.645383256778713,2,3 4
1160,7,14,generic_planar_three_color_yes,tied,0,connected_components,,0,0,7,7,1.0,0.0,1,7
1160,7,14,generic_planar_three_color_yes,tied,0,fiedler_median,,6,6,3,4,0.75,0.7571168577525785,2,3 4
1160,7,14,generic_planar_three_color_yes,tied,0,fiedler_sign,,5,5,2,5,0.4,0.2786839535551616,2,2 5
1160,7,14,generic_planar_three_color_yes,tied,0,bfs_balanced,,8,8,3,4,0.75,0.5505698684308994,2,3 4
1167,7,14,generic_planar_three_color_no,tied,0,connected_components,,0,0,7,7,1.0,0.0,1,7
1167,7,14,generic_planar_three_color_no,tied,0,fiedler_median,,6,6,3,4,0.75,0.8476039816059744,2,3 4
1167,7,14,generic_planar_three_color_no,tied,0,fiedler_sign,,6,6,3,4,0.75,0.8476039816059744,2,3 4
1167,7,14,generic_planar_three_color_no,tied,0,bfs_balanced,,8,8,3,4,0.75,0.6272356791355563,2,3 4
1186,7,15,non_eulerian_sphere_triangulation,tied,0,connected_components,,0,0,7,7,1.0,0.0,1,7
1186,7,15,non_eulerian_sphere_triangulation,tied,0,fiedler_median,,7,7,3,4,0.75,0.8025711422488228,2,3 4
1186,7,15,non_eulerian_sphere_triangulation,tied,0,fiedler_sign,,7,7,3,4,0.75,0.67730051733706,2,4 3
1186,7,15,non_eulerian_sphere_triangulation,tied,0,bfs_balanced,,10,10,3,4,0.75,0.8941253294219005,2,3 4
1187,7,15,non_eulerian_sphere_triangulation,tied,0,connected_components,,0,0,7,7,1.0,0.0,1,7
1187,7,15,non_eulerian_sphere_triangulation,tied,0,fiedler_median,,7,7,3,4,0.75,0.5938487583096611,2,3 4
1187,7,15,non_eulerian_sphere_triangulation,tied,0,fiedler_sign,,7,7,3,4,0.75,0.5938487583096611,2,3 4
1187,7,15,non_eulerian_sphere_triangulation,tied,0,bfs_balanced,,8,8,3,4,0.75,0.6670222477034323,2,3 4
1190,7,15,non_eulerian_sphere_triangulation,tied,0,connected_components,,0,0,7,7,1.0,0.0,1,7
1190,7,15,non_eulerian_sphere_triangulation,tied,0,fiedler_median,,6,6,3,4,0.75,0.7590245944847547,2,3 4
1190,7,15,non_eulerian_sphere_triangulation,tied,0,fiedler_sign,,6,6,3,4,0.75,0.7590245944847547,2,3 4
1190,7,15,non_eulerian_sphere_triangulation,tied,0,bfs_balanced,,7,7,3,4,0.75,0.7052935912906833,2,3 4
1205,7,15,non_eulerian_sphere_triangulation,tied,0,connected_components,,0,0,7,7,1.0,0.0,1,7
1205,7,15,non_eulerian_sphere_triangulation,tied,0,fiedler_median,,6,6,3,4,0.75,0.9635089495054323,2,3 4
1205,7,15,non_eulerian_sphere_triangulation,tied,0,fiedler_sign,,6,6,3,4,0.75,0.9635089495054323,2,3 4
1205,7,15,non_eulerian_sphere_triangulation,tied,0,bfs_balanced,,8,8,3,4,0.75,0.5173510029886244,2,3 4
1212,7,15,non_eulerian_sphere_triangulation,tied,0,connected_components,,0,0,7,7,1.0,0.0,1,7
1212,7,15,non_eulerian_sphere_triangulation,tied,0,fiedler_median,,7,7,3,4,0.75,0.9637445617989899,2,3 4
1212,7,15,non_eulerian_sphere_triangulation,tied,0,fiedler_sign,,7,7,3,4,0.75,0.9637445617989899,2,3 4
1212,7,15,non_eulerian_sphere_triangulation,tied,0,bfs_balanced,,7,7,3,4,0.75,0.9637445617989897,2,3 4
